,index,연도,시도,시군구,계약종별,1월,2월,3월,4월,5월,6월,7월,8월,9월,10월,11월,12월
7,9,2010년,서울특별시,강남구,총계,457927,424894,373656,376910,349786,393627,457405,496809,450576,350481,363305,413633
15,17,2010년,서울특별시,강동구,총계,144932,138528,118182,122005,111808,120631,135088,149326,138737,112613,119957,132367
23,25,2010년,서울특별시,강북구,총계,90056,87984,72971,76623,69216,71907,79741,91081,86153,70080,73777,81674
31,33,2010년,서울특별시,강서구,총계,186338,178368,153856,159663,147469,155677,172732,194199,182702,147682,153640,168821
39,41,2010년,서울특별시,관악구,총계,159420,154923,130358,138016,124745,132059,148250,166418,159093,126106,131912,145001
47,49,2010년,서울특별시,광진구,총계,169381,159875,137112,140857,131957,146262,167290,181960,168817,130794,134733,146821
55,57,2010년,서울특별시,구로구,총계,200941,187235,164798,165210,151854,164471,180847,196056,180308,151642,162206,183594
63,65,2010년,서울특별시,금천구,총계,139636,129079,116256,115631,106566,119253,136191,159193,133479,98512,129752,137366
71,73,2010년,서울특별시,노원구,총계,149837,144882,123571,129009,117587,126179,140076,155618,143193,115248,123443,135799
79,81,2010년,서울특별시,도봉구,총계,104040,100710,84676,89472,81730,85938,93856,106953,98593,79392,80200,99246
87,89,2010년,서울특별시,동대문구,총계,142045,136579,115573,120246,107235,114401,130903,150203,139390,110521,116068,129437
95,97,2010년,서울특별시,동작구,총계,115339,109799,96082,99875,92558,101026,112353,124732,116926,94196,98493,107967
103,105,2010년,서울특별시,마포구,총계,170327,160230,142029,144382,133450,145469,165474,180464,167344,136692,142614,158855
111,113,2010년,서울특별시,서대문구,총계,117926,108280,99658,99976,91587,100361,112893,122722,113322,92495,96284,107739
119,121,2010년,서울특별시,서초구,총계,325544,305731,265098,272041,249861,273283,315523,344559,319577,252001,260733,288996
126,128,2010년,서울특별시,성동구,총계,171192,164237,145650,151181,139313,146854,161907,174794,168065,138543,145542,159107
134,136,2010년,서울특별시,성북구,총계,143196,138865,118325,122838,110494,118023,129368,142044,136711,111392,118846,131533
142,144,2010년,서울특별시,송파구,총계,244766,231405,200081,208435,195391,205301,229976,253764,237524,197633,198516,219814
150,152,2010년,서울특별시,양천구,총계,141449,140848,120405,126443,116265,121202,136864,153792,148658,120786,119685,135956
158,160,2010년,서울특별시,영등포구,총계,246560,230056,208160,208499,197859,221317,253405,274475,245322,199508,202149,228625
165,167,2010년,서울특별시,용산구,총계,134014,128222,109758,112617,102910,114718,131926,144692,134749,105270,109260,122372
173,175,2010년,서울특별시,은평구,총계,122738,119446,100810,105544,95771,99997,110222,123270,118969,97806,101567,109833
181,183,2010년,서울특별시,종로구,총계,170620,159586,136796,138662,125257,140564,162051,175493,159891,124662,133308,152982
189,191,2010년,서울특별시,중구,총계,243134,224321,203796,203907,194695,225207,260561,277076,246116,195756,200905,229897
197,199,2010년,서울특별시,중랑구,총계,106825,104085,86529,91040,81587,85303,94688,106419,101885,81738,86328,95490
205,207,2010년,부산광역시,강서구,총계,236246,216103,239897,239927,235165,231735,236687,249591,243047,237452,245008,261405
213,215,2010년,부산광역시,금정구,총계,99448,95697,84753,87826,78228,78279,83423,95489,95682,77647,85852,97117
221,223,2010년,부산광역시,기장군,총계,103014,97732,78751,79554,76684,88860,99920,78304,80850,87299,85991,94959
229,231,2010년,부산광역시,남구,총계,130590,122573,117927,119945,113742,111579,117282,129500,125482,113524,110405,115978
237,239,2010년,부산광역시,동구,총계,52373,50576,45138,46234,40977,41041,44216,51236,50733,40611,41827,47062
245,247,2010년,부산광역시,동래구,총계,92407,88840,78641,78708,71808,71733,76998,90141,89567,70141,73484,82198
253,255,2010년,부산광역시,부산진구,총계,164899,157966,141404,144579,131966,133514,145403,166628,162904,132147,133902,147918
261,263,2010년,부산광역시,북구,총계,84195,81419,71086,73542,66747,67702,72627,83601,81544,66397,69586,76477
269,271,2010년,부산광역시,사상구,총계,183095,175752,163674,171459,153608,156760,162879,169580,171561,148560,165145,180081
277,279,2010년,부산광역시,사하구,총계,272930,236532,245085,264085,254912,225581,247358,232314,257410,233624,244346,262733
285,287,2010년,부산광역시,서구,총계,53650,49780,45345,46026,41803,42613,45946,53192,53399,48241,45960,50675
293,295,2010년,부산광역시,수영구,총계,55411,53428,46597,47941,43210,42914,46103,55540,55129,44116,43492,49385
301,303,2010년,부산광역시,연제구,총계,74669,71700,63891,64972,59419,60868,65878,77220,75334,58892,60540,67762
309,311,2010년,부산광역시,영도구,총계,51808,49036,44012,44857,39686,38976,42733,46652,45060,38662,41396,49795
317,319,2010년,부산광역시,중구,총계,42289,40595,35474,36174,32986,34029,38697,46612,46005,35666,33775,37683
325,327,2010년,부산광역시,해운대구,총계,151468,143993,133601,136192,130625,133994,148900,171407,172519,138395,135694,147140
333,335,2010년,대구광역시,남구,총계,63902,62026,53569,53944,46575,46293,49747,58358,57101,44571,49088,57057
341,343,2010년,대구광역시,달서구,총계,366882,350129,330376,340517,318418,329787,352434,370862,369138,315590,341511,367402
349,351,2010년,대구광역시,달성군,총계,227733,212904,217308,220887,209130,208211,214630,208071,208183,209163,222299,239571
357,359,2010년,대구광역시,동구,총계,117803,113479,97871,100889,88364,86559,94145,107076,106058,86398,94516,108482
365,367,2010년,대구광역시,북구,총계,221025,213406,190357,197128,177331,181482,195442,210354,208610,170220,187608,210690
373,375,2010년,대구광역시,서구,총계,111727,104857,98664,98829,89837,91357,99123,105994,105824,86919,90819,99040
381,383,2010년,대구광역시,수성구,총계,151926,146243,126630,130150,116973,117650,130460,149555,144396,115831,125243,141643
389,391,2010년,대구광역시,중구,총계,70475,66091,58161,57213,53532,57847,66699,74477,68193,51740,53758,63457
397,399,2010년,인천광역시,강화군,총계,62869,59379,48463,47240,38682,30863,28475,31603,33212,32341,42085,50650
405,407,2010년,인천광역시,계양구,총계,123112,116775,102499,104523,94979,98080,106264,117020,111838,93435,103058,114022
413,415,2010년,인천광역시,남구,총계,204677,191589,178010,178299,164893,165969,178784,193777,184525,164094,174042,194604
421,423,2010년,인천광역시,남동구,총계,353559,338239,310900,319470,289646,305879,326019,330713,325825,287528,321353,351404
429,431,2010년,인천광역시,동구,총계,336351,267965,333961,348155,358397,342956,291402,311513,308849,353170,351414,371949
437,439,2010년,인천광역시,부평구,총계,242804,222905,206927,208225,189883,201476,220164,233403,220842,190774,202064,225851
445,447,2010년,인천광역시,서구,총계,383262,365095,349223,357934,330627,332063,346408,352508,348689,323994,351069,378548
453,455,2010년,인천광역시,연수구,총계,140458,126270,115370,112364,100131,104618,116063,129748,121417,105071,112667,134394
461,463,2010년,인천광역시,옹진군,총계,17324,17814,18428,16903,12031,15155,9023,10004,10189,9732,13015,14307
469,471,2010년,인천광역시,중구,총계,152013,135743,134047,132602,127856,131847,143996,151080,142199,130470,131898,145242
477,479,2010년,광주광역시,광산구,총계,260308,251357,240831,242236,237703,232246,257806,246790,251799,235532,245042,256701
485,487,2010년,광주광역시,남구,총계,62777,60489,51900,53640,46264,47098,50917,57818,55831,45764,52320,58250
493,495,2010년,광주광역시,동구,총계,60499,57652,50497,51058,45472,46441,52010,58281,54427,44858,46707,53682
501,503,2010년,광주광역시,북구,총계,196079,186138,172294,176174,164088,167166,182574,198493,193949,166436,173079,189509
509,511,2010년,광주광역시,서구,총계,133261,126862,116771,119735,110408,112597,123830,135684,136538,112643,115573,127174
517,519,2010년,대전광역시,대덕구,총계,240448,222944,228593,228517,219869,227469,241103,235772,233087,224663,222836,237156
525,527,2010년,대전광역시,동구,총계,95255,91030,77063,79667,67333,65723,69831,79144,78145,63497,72150,83702
533,535,2010년,대전광역시,서구,총계,174567,169983,145442,151039,135030,136588,151837,173012,169485,132785,138128,155058
541,543,2010년,대전광역시,유성구,총계,209394,192595,180076,178457,166546,176713,199447,215374,199750,172362,187634,207659
549,551,2010년,대전광역시,중구,총계,106709,101906,85812,86396,75650,77725,85956,97482,90265,75055,84649,95841
557,559,2010년,울산광역시,남구,총계,1122035,1020217,1099127,1090312,1114769,1114411,1121050,1194849,1154503,1087756,1093685,1154200
565,567,2010년,울산광역시,동구,총계,142315,124030,135833,130384,121728,130515,140401,141486,140501,135112,135725,149310
573,575,2010년,울산광역시,북구,총계,195286,176766,196854,190440,181782,190980,205827,195925,193871,188166,197938,201580
581,583,2010년,울산광역시,울주군,총계,738258,661226,695431,704668,733361,681656,699426,695293,709727,709881,742568,774483
589,591,2010년,울산광역시,중구,총계,61714,60342,52463,54361,48712,48330,52018,62469,62043,47896,49738,59964
597,599,2010년,경기도,가평군,총계,73043,69609,56471,54302,44648,38136,36780,40932,39218,40058,50916,61301
605,607,2010년,경기도,고양시,총계,434436,418156,346653,356701,313793,315139,340458,376816,365968,309187,343378,391894
613,615,2010년,경기도,과천시,총계,40459,37710,34089,34580,32729,34811,38587,41704,37424,32271,33866,36998
621,623,2010년,경기도,광명시,총계,108607,102564,91858,91515,82957,90051,96344,115415,99035,70730,92511,102324
629,631,2010년,경기도,광주시,총계,229454,221621,182461,190282,158194,149051,161991,160766,161830,147606,193512,196647
637,639,2010년,경기도,구리시,총계,75092,71712,61445,65707,57637,60317,66861,72339,68494,56775,60982,68812
645,647,2010년,경기도,군포시,총계,142559,133805,122796,124435,110854,115936,126621,132040,129543,113059,120053,132638
653,655,2010년,경기도,김포시,총계,244970,238458,200783,211458,183434,175952,187445,180498,184904,166393,202808,235484
661,663,2010년,경기도,남양주시,총계,253832,248768,204467,211575,183274,176489,182843,196293,192951,175012,201801,233984
669,671,2010년,경기도,동두천시,총계,62721,56223,55828,52871,46141,47091,51611,54792,53934,45247,52516,57493
677,679,2010년,경기도,부천시,총계,403030,385158,341338,348581,318626,337236,368816,396367,378317,312778,351647,376099
685,687,2010년,경기도,성남시,총계,427149,397480,362773,368837,348773,371072,407295,455296,405375,345624,362902,405139
693,695,2010년,경기도,수원시,총계,446697,421431,372294,383018,353125,384288,413550,458625,414016,353158,373552,417107
701,703,2010년,경기도,시흥시,총계,387719,370791,343198,348558,313216,326126,335515,343788,339570,309786,345619,380695
709,711,2010년,경기도,안산시,총계,670852,621188,622230,622736,622680,612761,658672,661284,638921,603944,607165,676631
717,719,2010년,경기도,안성시,총계,232535,225501,200740,203349,180644,177736,184399,191554,186998,175042,202748,225671
725,727,2010년,경기도,안양시,총계,249952,237077,212242,215291,199078,206774,227889,254210,231691,191254,205410,230574
733,735,2010년,경기도,양주시,총계,206322,200531,170577,179763,155578,148420,144319,145339,149633,141302,173486,191500
741,743,2010년,경기도,양평군,총계,115977,113066,86671,84178,64336,51726,46284,50769,50797,53165,76721,92939
749,751,2010년,경기도,여주군,총계,136579,124420,106213,106145,90841,82262,81507,84903,84130,84548,164702,62403
757,759,2010년,경기도,연천군,총계,61178,57507,47889,47883,40536,34277,32298,34583,34798,34732,45837,51603
765,767,2010년,경기도,오산시,총계,107689,100270,94706,95823,88868,90189,95809,99913,97682,87055,91919,100267
773,775,2010년,경기도,용인시,총계,727884,722955,666194,672728,654897,647086,692432,721126,683158,633509,666043,722211
781,783,2010년,경기도,의왕시,총계,62111,59305,51261,53387,52575,48208,52550,56106,53676,46318,51235,57719
789,791,2010년,경기도,의정부시,총계,159178,150572,127795,128431,116878,122203,131777,143116,136084,114165,125551,142753
797,799,2010년,경기도,이천시,총계,347928,329214,318275,310066,296629,288415,306467,322768,305918,297586,322619,348926
805,807,2010년,경기도,파주시,총계,461585,446520,424009,449602,443720,447865,478346,499502,489645,473670,509356,556441
813,815,2010년,경기도,평택시,총계,559382,523815,512659,509557,478151,477067,506801,516165,502008,497101,515778,567305
821,823,2010년,경기도,포천시,총계,249510,250690,201912,215136,181640,166697,159996,163779,169235,156975,200977,228633
829,831,2010년,경기도,하남시,총계,105901,98734,87502,88656,81612,81840,86359,89939,86532,80018,87169,97059
837,839,2010년,경기도,화성시,총계,941151,907051,866755,901850,860703,846808,888670,900857,888211,720258,1033234,1003445
845,847,2010년,강원도,강릉시,총계,166006,164187,167277,173005,159195,148451,139539,150354,145647,143653,163886,163489
853,855,2010년,강원도,고성군,총계,29446,27974,24848,25688,21784,19684,18481,20547,19423,18798,22240,24593
861,863,2010년,강원도,동해시,총계,197039,164953,194138,201202,206283,210742,190960,177899,178645,218677,224295,233759
869,871,2010년,강원도,삼척시,총계,94963,90278,101186,104302,103419,99185,88397,93063,90223,87894,94465,103532
877,879,2010년,강원도,속초시,총계,44653,42740,38087,38994,33185,31137,30843,36524,33619,31337,35682,39408
885,887,2010년,강원도,양구군,총계,24337,23395,18705,18526,14585,12101,10849,11449,11705,12790,18375,20267
893,895,2010년,강원도,양양군,총계,29807,28301,24312,24504,21100,19360,18128,21434,19753,19113,22977,24950
901,903,2010년,강원도,영월군,총계,72291,75588,93752,95644,94136,90569,82411,76431,67116,89528,92682,94729
909,911,2010년,강원도,원주시,총계,231093,214836,189875,186952,161018,150403,155730,161333,158603,152314,182023,212462
917,919,2010년,강원도,인제군,총계,35364,33189,27197,27375,21790,18373,16694,18339,19136,19593,26583,30890
925,927,2010년,강원도,정선군,총계,59001,54914,49205,46368,40774,39170,38437,35780,36846,41924,52534,60148
933,935,2010년,강원도,철원군,총계,57331,51432,42842,43088,34438,27680,24904,26482,27775,29821,41480,46479
941,943,2010년,강원도,춘천시,총계,155985,149633,124152,125923,104932,97493,100260,108121,106697,97283,118766,140089
949,951,2010년,강원도,태백시,총계,38895,34992,30512,30466,26313,25258,23365,23647,23311,25222,29307,34997
957,959,2010년,강원도,평창군,총계,73127,65147,51631,48251,39136,33709,31053,34412,31231,36549,50710,64985
965,967,2010년,강원도,홍천군,총계,81243,75700,61323,60420,49796,44837,42961,46700,43398,44131,57149,69273
973,975,2010년,강원도,화천군,총계,26990,25655,20393,20017,16203,13643,12609,13866,14234,14826,19532,23413
981,983,2010년,강원도,횡성군,총계,62609,59106,48994,46774,37443,32655,30317,32057,31503,33242,44889,54941
989,991,2010년,충청북도,괴산군,총계,46824,43903,39870,40017,33887,30970,30117,32135,31538,30648,37213,42717
997,999,2010년,충청북도,단양군,총계,91460,106349,149468,168444,164092,141989,127570,121607,106397,143599,156367,144371
1005,1007,2010년,충청북도,보은군,총계,29979,28614,24311,24343,19562,17533,17163,18109,18161,17714,23471,26750
1013,1015,2010년,충청북도,영동군,총계,40907,39427,35459,35903,30628,26820,26925,26660,27762,27432,32365,37390
1021,1023,2010년,충청북도,옥천군,총계,60378,56955,52749,53406,46721,43759,44282,44961,45217,42751,49191,56366
1029,1031,2010년,충청북도,음성군,총계,195381,180477,174767,176106,160532,159697,166191,166837,163132,157674,178509,194230
1037,1039,2010년,충청북도,제천시,총계,115871,116578,109229,110874,100219,90454,89594,90913,83769,87301,107036,120721
1045,1047,2010년,충청북도,증평군,총계,33906,33164,31069,31515,30295,29272,30971,32723,31171,29723,31860,35228
1053,1055,2010년,충청북도,진천군,총계,136753,128888,126410,126883,117589,118232,124836,123539,119602,116270,124883,136451
1061,1063,2010년,충청북도,청원군,총계,353014,322350,334176,330134,314269,320690,320938,333045,324946,322486,333759,359015
1069,1071,2010년,충청북도,청주시,총계,472244,448271,429280,432272,409177,411670,445608,469214,441742,401400,419106,460345
1077,1079,2010년,충청북도,충주시,총계,179188,170125,151884,152495,132150,125053,127309,131512,131529,126475,148012,170948
1085,1087,2010년,충청남도,계룡시,총계,20362,18727,17166,16641,15239,16301,18355,20282,18079,15752,17767,19832
1093,1095,2010년,충청남도,공주시,총계,100368,97549,85351,84812,69894,65815,65884,71052,70152,65543,81335,90692
1101,1103,2010년,충청남도,금산군,총계,80242,75208,73149,72551,65368,64089,62053,69254,66428,65501,77192,83295
1109,1111,2010년,충청남도,논산시,총계,107303,104995,95270,92099,80761,78668,77871,83033,80897,73762,91720,101426
1117,1119,2010년,충청남도,당진시,총계,671979,626890,699965,689574,691738,664491,689678,652323,655674,746250,752730,831335
1125,1127,2010년,충청남도,보령시,총계,94380,90332,80361,82781,75401,71643,68069,73382,72784,73513,82793,80184
1133,1135,2010년,충청남도,부여군,총계,56583,55277,47807,46023,38650,35937,34973,38889,39558,37062,47192,49487
1141,1143,2010년,충청남도,서산시,총계,414151,393794,408941,384333,371227,398931,411785,411101,399853,399593,406053,430502
1149,1151,2010년,충청남도,서천군,총계,112686,103792,102313,103778,89122,86189,86934,89489,91518,91608,99057,113012
1157,1159,2010년,충청남도,아산시,총계,749929,683605,725686,718783,724118,723894,777641,787269,756886,762697,784266,833272
1165,1167,2010년,충청남도,연기군,총계,126170,119017,116508,118242,111411,111407,115352,116758,116426,110730,121283,130766
1173,1175,2010년,충청남도,예산군,총계,78851,75435,67893,68206,60274,55294,54562,57151,56126,55038,67641,72891
1181,1183,2010년,충청남도,천안시,총계,643884,601899,593181,595208,566401,568904,613169,631781,609982,573151,599027,645501
1189,1191,2010년,충청남도,청양군,총계,27862,25831,23296,23115,19840,17741,17791,19221,19795,18013,23541,23813
1197,1199,2010년,충청남도,태안군,총계,54754,49814,42189,44071,38767,33438,31147,36386,35701,33561,49848,52297
1205,1207,2010년,충청남도,홍성군,총계,68662,66228,57779,58603,50072,45845,45330,49326,49608,46142,61131,64656
1213,1215,2010년,전라북도,고창군,총계,39827,39196,34930,37024,31633,33103,29446,31213,33285,28133,39571,43922
1221,1223,2010년,전라북도,군산시,총계,531339,486802,529845,538620,547460,543975,516978,528342,543905,559764,562158,614973
1229,1231,2010년,전라북도,김제시,총계,76078,73664,66054,68202,58485,55823,56966,60767,61288,55547,69797,75736
1237,1239,2010년,전라북도,남원시,총계,50943,49290,43741,44847,39040,37289,37272,40653,40159,37229,47177,48361
1245,1247,2010년,전라북도,무주군,총계,24031,22458,17693,16212,13521,12040,11258,12035,11585,12196,16113,20635
1253,1255,2010년,전라북도,부안군,총계,39611,38539,34680,34462,27994,25736,25628,29844,30031,25882,34060,36587
1261,1263,2010년,전라북도,순창군,총계,18144,17149,15490,15583,13335,12403,12777,13635,13976,13177,16046,18101
1269,1271,2010년,전라북도,완주군,총계,125021,115448,116298,115117,107244,105426,109884,109957,103912,104880,113751,124470
1277,1279,2010년,전라북도,익산시,총계,254068,241692,226774,235288,221008,215900,223010,231419,231625,210191,231782,252949
1285,1287,2010년,전라북도,임실군,총계,21321,20934,18197,18104,15196,13488,13007,14192,15715,14169,18071,19762
1293,1295,2010년,전라북도,장수군,총계,18360,17157,15226,15163,12450,10509,9865,10752,10854,11189,14039,16569
1301,1303,2010년,전라북도,전주시,총계,385052,352524,342748,356951,331492,325296,345370,365146,353293,323503,334887,367462
1309,1311,2010년,전라북도,정읍시,총계,105816,100195,95889,98735,91665,85949,90769,91198,91952,86110,97134,102299
1317,1319,2010년,전라북도,진안군,총계,17755,17055,14771,14736,12633,11098,10884,12013,11871,11352,14064,15505
1325,1327,2010년,전라남도,강진군,총계,21937,21809,19093,19752,16875,16457,16004,18439,18860,16777,21838,20759
1333,1335,2010년,전라남도,고흥군,총계,36088,33991,31967,33620,25665,23899,23310,27211,27606,23693,29509,35880
1341,1343,2010년,전라남도,곡성군,총계,35692,30872,31192,32297,30828,30625,31745,30192,29762,30444,32732,35709
1349,1351,2010년,전라남도,광양시,총계,293115,274972,294333,285508,355346,326504,300857,322879,316427,395582,380879,452191
1357,1359,2010년,전라남도,구례군,총계,14639,14152,12103,12578,10655,9578,9640,11114,10773,9866,11680,13541
1365,1367,2010년,전라남도,나주시,총계,73665,69640,65333,66414,62510,63218,65146,69499,69351,61601,63879,73204
1373,1375,2010년,전라남도,담양군,총계,42968,42051,37528,37339,32705,31099,30389,33096,32019,31915,36146,40738
1381,1383,2010년,전라남도,목포시,총계,94753,93494,80511,84647,73646,71467,76547,89520,89592,72612,75123,83808
1389,1391,2010년,전라남도,무안군,총계,41006,40689,36919,37810,32593,31978,34863,39909,39108,34115,43688,40675
1397,1399,2010년,전라남도,보성군,총계,23952,23767,19871,21882,18199,17093,16297,18760,19144,16895,20176,22583
1405,1407,2010년,전라남도,순천시,총계,144899,132158,127834,131321,120318,116551,124773,130738,128067,119060,125991,138739
1413,1415,2010년,전라남도,신안군,총계,20465,20676,19303,20099,16649,13742,14229,16470,17292,15872,19277,20521
1421,1423,2010년,전라남도,여수시,총계,950077,777953,831995,826400,822397,811498,884428,917160,905368,904522,873622,927594
1429,1431,2010년,전라남도,영광군,총계,49028,49991,54042,66647,40422,37811,37965,41338,45366,38323,48221,48462
1437,1439,2010년,전라남도,영암군,총계,125272,113225,116629,109133,101828,102056,113208,105504,106130,102180,112054,122854
1445,1447,2010년,전라남도,완도군,총계,55579,55086,49724,56422,54417,53873,54586,61809,64607,59794,65036,59425
1453,1455,2010년,전라남도,장성군,총계,48991,46232,49031,50188,45683,43150,43944,44663,45041,44685,48349,50480
1461,1463,2010년,전라남도,장흥군,총계,22573,22772,20994,22755,18184,16039,16032,18958,19399,17223,22029,23005
1469,1471,2010년,전라남도,진도군,총계,19986,20804,18856,19987,16228,16168,15329,17315,17893,16334,20994,20699
1477,1479,2010년,전라남도,함평군,총계,26581,26638,23710,24330,20953,19521,20781,24342,23166,20540,26132,25615
1485,1487,2010년,전라남도,해남군,총계,50415,53088,49872,51844,40356,34316,34880,39379,37761,33978,49017,58359
1493,1495,2010년,전라남도,화순군,총계,42006,41133,37081,38740,34751,33766,33992,36296,36073,32903,37543,41796
1501,1503,2010년,경상북도,경산시,총계,221050,206778,198155,206794,188020,188045,193947,198540,199714,183793,205273,224926
1509,1511,2010년,경상북도,경주시,총계,305787,287932,276509,278985,259552,259490,265205,271688,264110,261554,279777,305189
1517,1519,2010년,경상북도,고령군,총계,81198,77099,80290,81054,76027,76811,76363,72629,75153,76936,85049,92916
1525,1527,2010년,경상북도,구미시,총계,852878,786399,839377,827080,846410,857794,930396,962256,891850,841950,826363,856788
1533,1535,2010년,경상북도,군위군,총계,26557,25287,22501,22840,20019,18445,19448,19928,20314,19197,22400,24307
1541,1543,2010년,경상북도,김천시,총계,159026,148230,146103,144213,141001,135012,143948,150964,142872,136673,145341,154861
1549,1551,2010년,경상북도,문경시,총계,54280,50056,46372,46291,39739,36262,36789,38507,38690,37938,44711,51338
1557,1559,2010년,경상북도,봉화군,총계,129106,124246,135086,122738,128539,121114,126026,126940,132496,125870,138385,141468
1565,1567,2010년,경상북도,상주시,총계,65896,61627,54372,54102,46999,45522,47236,53088,61118,60697,63372,90611
1573,1575,2010년,경상북도,성주군,총계,62989,60024,55415,57471,51608,50386,50591,51038,51515,49303,57514,62452
1581,1583,2010년,경상북도,안동시,총계,94726,91037,79612,80069,68414,64215,62812,71912,70298,63542,78219,87196
1589,1591,2010년,경상북도,영덕군,총계,27938,26394,22568,23268,19949,19037,17954,20681,19824,18683,21941,24195
1597,1599,2010년,경상북도,영양군,총계,11884,12010,9888,9620,7628,6552,5686,6358,7733,7726,8739,10186
1605,1607,2010년,경상북도,영주시,총계,93012,87672,87009,85997,79687,76357,77326,82081,82105,80068,86418,98896
1613,1615,2010년,경상북도,영천시,총계,113516,108279,101636,105830,94196,93349,94477,94954,97953,91489,106079,115541
1621,1623,2010년,경상북도,예천군,총계,31206,30650,25114,24646,20455,19252,18289,20279,19416,17946,25970,26040
1629,1631,2010년,경상북도,울릉군,총계,3938,3879,3399,3866,3652,3564,3574,4120,3990,3591,4037,3803
1637,1639,2010년,경상북도,울진군,총계,34331,35909,38533,36101,28644,29010,23398,27434,35026,28855,28500,30647
1645,1647,2010년,경상북도,의성군,총계,36857,36527,31136,31864,28504,29200,28363,29647,28175,24871,31348,33969
1653,1655,2010년,경상북도,청도군,총계,39306,37223,32742,33278,29516,28175,28880,31759,32480,30089,34995,39176
1661,1663,2010년,경상북도,청송군,총계,17708,17051,14191,14739,12404,11168,9942,10912,11378,11206,13903,16239
1669,1671,2010년,경상북도,칠곡군,총계,165222,158270,150975,153698,141410,143370,149955,152938,154166,142865,158019,173533
1677,1679,2010년,경상북도,포항시,총계,1115493,999309,1033268,1010116,989595,989471,933840,930321,954481,1055426,1031942,1109655
1685,1687,2010년,경상남도,거제시,총계,177110,165756,166328,160477,147628,150420,164877,174693,167664,145755,155197,176114
1693,1695,2010년,경상남도,거창군,총계,37333,36647,31910,32565,28251,26809,27049,29010,29078,26863,31122,35280
1701,1703,2010년,경상남도,고성군,총계,49469,46390,42964,42286,36454,33397,35091,38647,39287,38544,41220,49001
1709,1711,2010년,경상남도,김해시,총계,429318,416461,383652,400921,362617,365043,376211,386603,402353,353478,401445,439230
1717,1719,2010년,경상남도,남해군,총계,24126,23247,20077,20577,17479,17052,17303,20269,19831,16954,20301,21501
1725,1727,2010년,경상남도,밀양시,총계,92622,90709,79479,76927,64527,58173,58879,62630,61775,55927,63852,81534
1733,1735,2010년,경상남도,사천시,총계,103106,98229,92965,94187,86994,86760,92066,97173,93963,89387,94670,102823
1741,1743,2010년,경상남도,산청군,총계,25445,24619,20169,19798,17120,15570,15474,17282,17702,15210,19470,21984
1749,1751,2010년,경상남도,양산시,총계,279099,255883,255926,260533,242248,249248,259682,250580,268084,248888,260690,279950
1757,1759,2010년,경상남도,의령군,총계,31582,30555,28817,27866,25949,25118,26662,28437,27765,26935,29664,32949
1765,1767,2010년,경상남도,진주시,총계,227762,215264,199301,200060,177907,171166,177428,189369,185116,168222,187459,217920
1773,1775,2010년,경상남도,창녕군,총계,53609,52189,46699,46709,40254,37208,41229,44796,43070,38821,45234,54528
1781,1783,2010년,경상남도,창원시,총계,1011096,910181,919834,921058,873353,877740,928631,935180,898440,870191,915565,1000423
1789,1791,2010년,경상남도,통영시,총계,114215,105436,103083,97522,90420,89257,97549,105955,100738,92691,95411,109826
1797,1799,2010년,경상남도,하동군,총계,29787,29381,25848,24612,23592,19818,19378,20488,20641,18308,23940,26120
1805,1807,2010년,경상남도,함안군,총계,180392,164315,183673,188459,175218,166144,170818,155471,172802,180542,187195,207086
1813,1815,2010년,경상남도,함양군,총계,23863,23407,20661,23437,20293,19021,19695,20775,22252,20105,25008,27885
1821,1823,2010년,경상남도,합천군,총계,32841,31013,26940,27259,23264,21415,22127,23028,23521,21277,25874,30068
1829,1831,2010년,제주특별자치도,서귀포시,총계,115741,115388,102954,111347,103231,100893,103640,116133,111766,99550,104144,109968
7,9,2011년,서울특별시,강남구,총계,473539,430375,384033,369684,346834,386328,431699,472839,430718,348362,352039,398057
15,17,2011년,서울특별시,강동구,총계,151602,144411,123220,122540,113570,120733,131598,145286,136480,113883,116588,128311
23,25,2011년,서울특별시,강북구,총계,94936,92801,76893,77317,70137,72830,77862,86327,83461,70215,72927,79638
31,33,2011년,서울특별시,강서구,총계,192124,183634,158431,158761,146841,153495,165918,183016,173896,149463,153336,170538
39,41,2011년,서울특별시,관악구,총계,168050,163292,137210,138748,125963,131898,142974,160489,153214,126691,130538,141647
47,49,2011년,서울특별시,광진구,총계,166217,156512,133464,135556,127380,139446,150425,167559,157312,127374,129330,140561
55,57,2011년,서울특별시,구로구,총계,211708,190208,170592,164279,154226,162448,177055,189555,174327,154569,159773,177129
63,65,2011년,서울특별시,금천구,총계,156753,138013,126539,119319,111982,120847,134407,143758,132705,113490,117663,135621
71,73,2011년,서울특별시,노원구,총계,153780,149287,122963,126565,116326,122757,131687,144403,138846,118324,120316,130798
79,81,2011년,서울특별시,도봉구,총계,105774,102154,86434,88340,81169,85066,90499,99244,95362,81599,85114,90710
87,89,2011년,서울특별시,동대문구,총계,148813,141270,121112,120538,109277,115695,127215,140561,133767,109229,111776,123923
95,97,2011년,서울특별시,동작구,총계,122126,115337,100063,100253,93516,100718,108465,119700,113461,94373,96801,105266
103,105,2011년,서울특별시,마포구,총계,179671,166402,148866,145716,136262,146691,162865,178968,165929,139531,143175,158452
111,113,2011년,서울특별시,서대문구,총계,120841,111119,99545,96495,90824,97353,106220,115561,107641,89666,93335,103836
119,121,2011년,서울특별시,서초구,총계,328267,306887,269746,264867,233320,281860,299831,327437,305360,253062,255783,280417
126,128,2011년,서울특별시,성동구,총계,178376,167348,151127,150522,140738,146767,157783,169189,162599,140515,142538,157142
134,136,2011년,서울특별시,성북구,총계,149990,144396,122883,122645,111642,117682,124452,136913,132165,111210,115917,127808
142,144,2011년,서울특별시,송파구,총계,247079,232378,202340,202728,193207,212205,228931,252782,236060,195089,193900,214678
150,152,2011년,서울특별시,양천구,총계,145703,142906,124271,126014,116953,121360,132486,147926,142826,121600,120470,127445
158,160,2011년,서울특별시,영등포구,총계,257820,234989,215299,207116,200060,216273,240142,260539,236295,196114,198374,220675
166,168,2011년,서울특별시,용산구,총계,139225,131208,113294,110568,102648,111877,123837,137773,128569,103264,105037,116296
174,176,2011년,서울특별시,은평구,총계,125779,122573,104004,104945,96417,100136,107094,119026,114934,97622,101033,108637
182,184,2011년,서울특별시,종로구,총계,177054,161847,141988,136153,126101,139644,154433,167039,153403,123476,128126,147321
190,192,2011년,서울특별시,중구,총계,256284,226821,212327,201746,197494,222975,248833,263581,240643,197066,198300,221432
198,200,2011년,서울특별시,중랑구,총계,111121,108281,89718,91237,82816,86632,92884,103622,99044,82679,85271,93510
206,208,2011년,부산광역시,강서구,총계,277559,244977,264568,258428,251218,257225,272325,258739,254257,247276,252741,266859
214,216,2011년,부산광역시,금정구,총계,115662,110052,97217,92796,64802,84108,90181,96792,90922,81114,84444,94223
222,224,2011년,부산광역시,기장군,총계,115338,98467,77806,102620,80354,76362,73866,73374,68717,73909,74018,80536
230,232,2011년,부산광역시,남구,총계,129912,124464,118829,119012,112826,112466,117370,123199,115301,108402,108304,114231
238,240,2011년,부산광역시,동구,총계,54987,52985,46308,45300,40621,41302,44758,50067,46263,40208,40987,46170
246,248,2011년,부산광역시,동래구,총계,95925,93649,79631,79329,71619,72767,79203,87788,81170,70761,73312,81059
254,256,2011년,부산광역시,부산진구,총계,168594,161798,140293,140540,127376,133523,144805,160347,149443,130407,131723,144091
262,264,2011년,부산광역시,북구,총계,86812,84136,71599,72124,65587,67000,72718,79784,74176,65722,68648,74674
270,272,2011년,부산광역시,사상구,총계,198051,182686,173066,174058,157343,161574,166301,166860,161389,153819,162703,175812
278,280,2011년,부산광역시,사하구,총계,279233,255234,252691,245468,236152,247027,242097,260156,253210,267017,264905,277407
286,288,2011년,부산광역시,서구,총계,56113,51534,46941,46140,42343,43682,46561,52306,50344,46990,47040,51761
294,296,2011년,부산광역시,수영구,총계,57685,56260,47329,47164,42420,42958,46527,53330,49542,42757,43779,48326
302,304,2011년,부산광역시,연제구,총계,78105,75236,65015,64328,60003,60624,66852,73636,67326,57475,59585,65848
310,312,2011년,부산광역시,영도구,총계,52143,48600,44912,44180,39375,38340,39602,42907,40237,36762,39080,42713
318,320,2011년,부산광역시,중구,총계,45065,42886,37020,36263,32586,33764,38412,44513,41299,34177,33210,36448
326,328,2011년,부산광역시,해운대구,총계,164875,154769,141407,141550,135410,140542,154012,169944,154784,139440,140735,151630
334,336,2011년,대구광역시,남구,총계,66060,64140,53815,52202,45388,45921,50138,55207,50975,44029,47488,54506
342,344,2011년,대구광역시,달서구,총계,396292,371060,354434,351783,330148,342877,360941,368532,346798,330051,341509,360812
350,352,2011년,대구광역시,달성군,총계,253590,230352,238522,232580,223767,227128,234909,225792,222373,228655,237640,254458
358,360,2011년,대구광역시,동구,총계,124299,120197,101628,100812,90464,91665,98158,106683,100147,89508,96040,108320
366,368,2011년,대구광역시,북구,총계,233669,222327,198310,196360,177920,184215,197696,207154,193601,176040,186168,205793
374,376,2011년,대구광역시,서구,총계,110173,107009,96876,96248,88271,91131,98026,101826,97384,86558,90195,95867
382,384,2011년,대구광역시,수성구,총계,161218,154618,132396,131079,118448,122789,135204,147118,134929,117347,123438,138641
390,392,2011년,대구광역시,중구,총계,73511,66964,58526,55524,52003,57642,68231,74329,65409,53561,54343,63068
398,400,2011년,인천광역시,강화군,총계,63809,62490,49386,46428,37609,32019,29935,32202,32876,32368,39925,49101
406,408,2011년,인천광역시,계양구,총계,131605,123870,110213,106712,98593,100006,107270,115807,108930,96870,101181,114230
414,416,2011년,인천광역시,남구,총계,213664,198052,186349,179484,158281,168426,178988,187740,183105,166995,168972,187553
422,424,2011년,인천광역시,남동구,총계,389771,356411,337040,330201,301679,313039,321522,331204,320114,301735,315457,345616
429,431,2011년,인천광역시,동구,총계,365969,288133,380799,366210,378025,365648,346920,317388,303521,367612,357909,378206
437,439,2011년,인천광역시,부평구,총계,253223,231241,212928,206724,192261,200246,209512,221062,211474,188608,197277,219220
445,447,2011년,인천광역시,서구,총계,408470,324427,368109,358561,333944,317656,317112,346107,345769,335465,345791,375394
453,455,2011년,인천광역시,연수구,총계,156305,138375,126977,116744,108786,111793,123555,137023,114302,123517,117072,136251
461,463,2011년,인천광역시,옹진군,총계,18403,21397,14890,15042,12350,15774,10164,10936,11420,10934,17662,15504
469,471,2011년,인천광역시,중구,총계,159198,139477,138837,132913,127334,129135,138566,149691,121473,145116,130859,141608
477,479,2011년,광주광역시,광산구,총계,274751,256740,258859,260620,245084,242499,254680,257399,251001,249274,255019,255901
485,487,2011년,광주광역시,남구,총계,65870,63955,53720,53509,46623,47701,52215,57368,52903,46238,50541,57591
493,495,2011년,광주광역시,동구,총계,62638,59524,51615,50266,44436,45934,51413,56810,51722,43962,44720,51125
501,503,2011년,광주광역시,북구,총계,211553,200426,185352,182702,168225,173296,189915,202153,188295,167578,171079,185631
509,511,2011년,광주광역시,서구,총계,142385,136647,123405,122057,111472,116987,126332,138316,129135,111876,114365,123976
517,519,2011년,대전광역시,대덕구,총계,254675,230745,238626,229824,222774,230865,237999,243276,227777,221918,224076,233203
525,527,2011년,대전광역시,동구,총계,98976,97758,80006,78676,66989,65575,69899,77978,72428,64798,70289,81573
533,535,2011년,대전광역시,서구,총계,180409,179298,151498,151015,134556,138045,150978,170019,156982,132639,137774,150426
541,543,2011년,대전광역시,유성구,총계,231691,212438,199766,195149,185500,198011,220049,231141,207576,178875,185692,204408
549,551,2011년,대전광역시,중구,총계,111497,105583,87269,85086,75350,77721,85532,93787,84872,74838,80988,92616
557,559,2011년,울산광역시,남구,총계,1185191,1045886,1100117,1114486,1111621,1136723,1203930,1204335,1164327,1126534,1124096,1119653
565,567,2011년,울산광역시,동구,총계,163142,135711,146053,137202,139001,143408,148581,149149,142168,137606,141726,150690
573,575,2011년,울산광역시,북구,총계,213509,183043,196838,192451,188321,197315,214923,196126,195598,201701,200963,221874
581,583,2011년,울산광역시,울주군,총계,797788,693890,805405,828959,843552,844084,841965,773793,813373,848075,821935,859493
589,591,2011년,울산광역시,중구,총계,64401,62850,53717,53627,48109,49145,53406,59124,55182,47835,49841,54694
597,599,2011년,경기도,가평군,총계,77197,74968,58962,53765,44246,38819,38189,41855,39290,40591,47956,58785
605,607,2011년,경기도,고양시,총계,460456,438973,372082,359714,319599,319100,340557,371836,353848,312903,336282,383177
613,615,2011년,경기도,과천시,총계,41574,38608,35318,34138,32511,33942,37132,40391,36509,32103,32910,35887
621,623,2011년,경기도,광명시,총계,117554,109607,96273,93034,88834,92362,99997,107692,100514,89608,94364,104305
629,631,2011년,경기도,광주시,총계,247792,231018,196774,190991,160952,154239,157347,161561,162696,158130,175886,204973
637,639,2011년,경기도,구리시,총계,79376,74387,63870,63014,57855,60654,64288,69853,66489,56474,59254,66324
645,647,2011년,경기도,군포시,총계,149837,137698,125590,122082,111126,115886,123167,130376,122440,110425,114947,127571
653,655,2011년,경기도,김포시,총계,272306,256886,225741,224395,194282,189839,189388,187362,193993,188817,207403,241978
661,663,2011년,경기도,남양주시,총계,275818,266378,222890,217153,190273,184505,188756,200956,198049,184482,202617,231366
669,671,2011년,경기도,동두천시,총계,63699,62173,53756,52350,46433,46716,50299,51471,51278,44881,51222,52819
677,679,2011년,경기도,부천시,총계,423668,394933,353049,347079,320220,333349,356417,380652,357281,314321,325608,362169
685,687,2011년,경기도,성남시,총계,459773,405469,380319,365397,350301,371661,405784,436017,397187,349580,357365,394709
693,695,2011년,경기도,수원시,총계,472963,443079,394890,390149,363787,379699,409714,445221,411838,360081,373984,410299
701,703,2011년,경기도,시흥시,총계,421426,386231,368008,356346,322981,323085,335664,342379,324895,314851,330686,361807
709,711,2011년,경기도,안산시,총계,736072,655638,665675,642672,610196,628313,665430,677070,643599,620703,632671,670144
717,719,2011년,경기도,안성시,총계,256969,247840,224302,214353,192171,186294,192129,199940,189871,182839,203295,219456
725,727,2011년,경기도,안양시,총계,260988,241445,216436,209599,193617,199343,213704,230174,215929,188515,194604,217347
733,735,2011년,경기도,양주시,총계,216625,204423,178437,177481,154712,145398,142573,141988,141815,151217,166855,182428
741,743,2011년,경기도,양평군,총계,118625,119263,89959,81307,62875,51726,48733,51244,51306,56208,71237,87840
749,751,2011년,경기도,여주군,총계,140603,132529,108312,106007,90029,84991,84826,88050,87764,88081,102991,115676
757,759,2011년,경기도,연천군,총계,61677,58302,46869,44218,36799,32701,30870,31937,33511,34792,42272,48941
765,767,2011년,경기도,오산시,총계,114870,105159,100048,98519,89947,92685,97857,100735,97270,89544,89222,98745
773,775,2011년,경기도,용인시,총계,781343,733976,689978,676080,660120,654779,696199,722507,682620,649077,668073,718919
781,783,2011년,경기도,의왕시,총계,67203,63090,49861,54198,48391,49471,52733,55954,53449,47685,50760,57309
789,791,2011년,경기도,의정부시,총계,163948,154844,130280,127030,115723,119261,127150,137647,131697,113839,120780,137599
797,799,2011년,경기도,이천시,총계,381539,354685,341427,325704,316145,313349,332783,341153,320176,316398,332662,350634
805,807,2011년,경기도,파주시,총계,605783,571033,562879,546908,534548,534650,555609,584524,563767,561313,578916,611618
813,815,2011년,경기도,평택시,총계,625208,569929,562996,540638,519686,525766,561815,534403,535261,521028,531825,577348
821,823,2011년,경기도,포천시,총계,263246,257746,216155,216318,181574,170397,163574,164266,171887,168887,200178,224739
829,831,2011년,경기도,하남시,총계,111235,103272,92409,88979,82713,83004,86688,90630,86427,81315,84795,93762
837,839,2011년,경기도,화성시,총계,1085913,1025331,982689,973112,921493,936157,978826,957840,919779,942150,987378,1068249
845,847,2011년,강원도,강릉시,총계,169825,172866,173955,171326,153783,154863,144378,147253,153023,157352,166516,175508
853,855,2011년,강원도,고성군,총계,29175,28872,24496,23707,20577,19625,18192,20111,19006,19026,21872,24648
861,863,2011년,강원도,동해시,총계,240936,232975,261496,246409,266192,262862,255835,249111,263602,283381,270878,277567
869,871,2011년,강원도,삼척시,총계,104152,87760,106820,109290,103657,101339,99339,98211,97370,105347,104574,107199
877,879,2011년,강원도,속초시,총계,46677,45481,38750,37999,33888,32684,32449,36136,33503,32296,35891,40621
885,887,2011년,강원도,양구군,총계,24516,25129,19877,18357,14977,11967,11348,11813,12087,13606,17724,20344
893,895,2011년,강원도,양양군,총계,29790,29485,24322,23469,20408,19424,18133,20680,19699,19651,22342,24671
901,903,2011년,강원도,영월군,총계,80235,77792,94180,95395,91155,84055,72082,73413,83250,93812,92713,96236
909,911,2011년,강원도,원주시,총계,242957,231964,199121,188559,163553,156364,156520,164398,157385,156756,175634,205155
917,919,2011년,강원도,인제군,총계,38174,37483,29702,28173,23549,20335,19131,20359,19640,22307,25835,31128
925,927,2011년,강원도,정선군,총계,65192,60332,54827,50680,45756,41979,42787,43731,42065,46396,51308,61294
933,935,2011년,강원도,철원군,총계,58442,54269,42931,40650,32755,28233,25546,26283,26580,30144,38652,45532
941,943,2011년,강원도,춘천시,총계,165129,160761,130560,126680,107457,101361,103611,110968,107494,102961,117640,136910
949,951,2011년,강원도,태백시,총계,37817,34717,30859,29746,26256,25049,25043,25223,25175,26418,29197,33087
957,959,2011년,강원도,평창군,총계,74133,68883,52241,46465,38571,33347,31787,34919,32076,37897,45896,62651
965,967,2011년,강원도,홍천군,총계,82878,81716,64247,58642,49777,45056,44499,47005,43331,45445,54721,67111
973,975,2011년,강원도,화천군,총계,28307,27798,21705,20120,16077,13891,13318,14530,14443,15348,18504,22289
981,983,2011년,강원도,횡성군,총계,63828,62215,50577,46270,37229,32394,30762,32659,31200,34183,41584,52086
989,991,2011년,충청북도,괴산군,총계,48554,46431,41916,39245,33429,32190,31793,32189,30517,32338,36409,42774
997,999,2011년,충청북도,단양군,총계,97240,84064,157886,169267,152067,131451,98294,103719,119486,145120,134198,126829
1005,1007,2011년,충청북도,보은군,총계,31769,31278,25842,24350,19771,18514,17879,18709,18656,19281,23034,26470
1013,1015,2011년,충청북도,영동군,총계,42930,42061,37550,36282,29856,28248,28151,28268,28623,29341,32984,36970
1021,1023,2011년,충청북도,옥천군,총계,64091,60952,56675,54532,46792,40659,48636,45172,43388,44769,47666,53854
1029,1031,2011년,충청북도,음성군,총계,214252,195793,194371,187201,164194,184274,180131,178424,168641,172996,185113,199521
1037,1039,2011년,충청북도,제천시,총계,121345,122043,118525,114717,104424,97442,90663,96031,94401,104168,109995,123868
1045,1047,2011년,충청북도,증평군,총계,40154,37235,36350,35275,33325,33094,35373,37126,35207,33922,35153,38824
1053,1055,2011년,충청북도,진천군,총계,152506,138877,139547,134189,127399,127419,131264,132205,123244,127243,132898,140479
1061,1063,2011년,충청북도,청원군,총계,389956,347843,360528,350042,341898,347638,368526,364192,344993,347771,352688,373208
1069,1071,2011년,충청북도,청주시,총계,506929,475597,459583,451375,433607,434808,466282,482946,448106,425144,438436,470191
1077,1079,2011년,충청북도,충주시,총계,196032,185512,166741,159156,139913,133381,136241,141983,137878,136797,152298,172884
1085,1087,2011년,충청남도,계룡시,총계,22139,19974,18024,17042,15829,16733,18663,19824,17516,16320,17589,20070
1093,1095,2011년,충청남도,공주시,총계,107068,105898,91962,86532,73553,71469,72233,78782,74663,73703,86143,94368
1101,1103,2011년,충청남도,금산군,총계,89893,81709,81237,77236,68346,68900,70562,66962,67443,71192,77253,82934
1109,1111,2011년,충청남도,논산시,총계,118460,114906,105388,98880,85657,85351,84574,87764,85107,79722,95180,99220
1117,1119,2011년,충청남도,당진시,총계,857989,743067,842787,823010,833864,812906,773998,759957,763623,835161,791610,854662
1125,1127,2011년,충청남도,보령시,총계,95047,94990,83316,83500,75062,70736,68330,75771,73415,71058,82132,83366
1133,1135,2011년,충청남도,부여군,총계,60564,60493,50684,46715,38166,35737,35749,38771,38427,37385,44741,46943
1141,1143,2011년,충청남도,서산시,총계,454587,424691,420274,395535,433883,472176,498712,502816,473011,433971,485292,496151
1149,1151,2011년,충청남도,서천군,총계,121166,115090,112118,112935,89685,85997,87234,85759,85770,-319,27499,30707
1157,1159,2011년,충청남도,아산시,총계,883698,807585,863509,832207,847361,833462,872589,872854,850112,874488,881578,920251
1165,1167,2011년,충청남도,연기군,총계,141920,132499,128446,126075,119345,120847,125187,127550,123800,124825,131249,140883
1173,1175,2011년,충청남도,예산군,총계,84496,81134,73074,68744,60185,57047,56659,59087,57968,57779,65399,70451
1181,1183,2011년,충청남도,천안시,총계,706583,649134,645491,622318,599208,602405,636851,651766,609588,597690,615233,650184
1189,1191,2011년,충청남도,청양군,총계,28206,28553,24579,23562,19652,18655,18413,19872,19302,19232,22643,23084
1197,1199,2011년,충청남도,태안군,총계,52785,54881,43640,45410,44880,35608,32311,38299,38809,34361,49665,43651
1205,1207,2011년,충청남도,홍성군,총계,73485,72349,64728,61843,52590,49207,48426,51871,51137,49814,61304,64068
1213,1215,2011년,전라북도,고창군,총계,45577,44335,38958,38667,32076,29829,30742,33239,31151,30253,39312,48775
1221,1223,2011년,전라북도,군산시,총계,669983,622507,670106,656204,676864,667853,679176,654789,670039,689270,712465,733394
1229,1231,2011년,전라북도,김제시,총계,84130,81771,73000,70912,60241,58426,58522,61949,59646,57610,68052,73346
1237,1239,2011년,전라북도,남원시,총계,54058,53173,47271,45583,39189,38176,38216,41857,40928,39397,47043,48090
1245,1247,2011년,전라북도,무주군,총계,23978,23157,18362,15996,13142,12108,11609,12497,12189,12579,15034,20273
1253,1255,2011년,전라북도,부안군,총계,41841,41762,35784,35151,28124,26739,26781,30686,28486,26397,34731,34439
1261,1263,2011년,전라북도,순창군,총계,19286,19247,16515,16079,13395,13435,13537,14869,14669,13804,16304,17660
1269,1271,2011년,전라북도,완주군,총계,136166,124390,127284,119603,110399,107041,112812,109352,105201,108036,113848,123022
1277,1279,2011년,전라북도,익산시,총계,281136,268547,263443,259228,246361,245816,256756,255654,256555,244274,248662,260723
1285,1287,2011년,전라북도,임실군,총계,23094,23256,20099,18869,15438,14277,14111,15896,16190,15414,18575,20276
1293,1295,2011년,전라북도,장수군,총계,19553,19794,16761,15816,12540,11039,10235,10572,11004,11548,13406,15860
1301,1303,2011년,전라북도,전주시,총계,405509,391579,378077,357518,340608,335397,351135,367115,345682,337810,334460,363692
1309,1311,2011년,전라북도,정읍시,총계,113740,109052,103012,100062,90556,88535,92246,92039,92441,89984,97545,100752
1317,1319,2011년,전라북도,진안군,총계,18305,18674,15281,14826,12142,10957,10435,11659,12223,11852,13807,14928
1325,1327,2011년,전라남도,강진군,총계,23593,23809,20127,20489,17426,17165,17130,20810,19067,18358,22887,21862
1333,1335,2011년,전라남도,고흥군,총계,39826,39180,36251,37635,28020,24217,23914,28470,27648,24397,31214,36040
1341,1343,2011년,전라남도,곡성군,총계,38092,34863,32204,33634,31964,32083,32469,31476,31192,32013,34093,35442
1349,1351,2011년,전라남도,광양시,총계,413319,378479,362661,467303,354108,360041,426731,467616,450347,519153,523488,488428
1357,1359,2011년,전라남도,구례군,총계,15957,15459,13829,13144,10993,10413,10475,12008,11216,10683,11709,13135
1365,1367,2011년,전라남도,나주시,총계,79811,76574,70644,70225,64401,66471,67750,72528,66591,63489,71280,72563
1373,1375,2011년,전라남도,담양군,총계,46095,44904,40192,39046,32260,31111,31639,35208,34236,32955,36270,39004
1381,1383,2011년,전라남도,목포시,총계,97128,97122,83669,83525,72257,70963,76001,88254,80988,71369,73944,81753
1389,1391,2011년,전라남도,무안군,총계,44678,44002,41134,40486,33519,33834,36677,41715,38921,37123,45210,41496
1397,1399,2011년,전라남도,보성군,총계,24514,24422,20207,20376,17821,16885,16920,19587,18989,17333,20339,22669
1405,1407,2011년,전라남도,순천시,총계,154630,144269,131588,133247,122408,124575,131492,141029,129148,129409,135727,146367
1413,1415,2011년,전라남도,신안군,총계,21474,22586,20178,20515,16278,14586,14083,16619,16648,15951,19779,19691
1421,1423,2011년,전라남도,여수시,총계,948880,844811,928026,889489,884191,842453,949748,954341,889393,901996,883856,921178
1429,1431,2011년,전라남도,영광군,총계,53734,54099,50819,45816,42765,57501,42259,42264,44489,39431,49531,46210
1437,1439,2011년,전라남도,영암군,총계,138614,115151,122173,113557,107800,113690,114299,114048,108114,108893,115485,125164
1445,1447,2011년,전라남도,완도군,총계,59731,59981,53404,61814,59424,56834,57762,65559,66393,64316,67718,58361
1453,1455,2011년,전라남도,장성군,총계,54346,47875,51754,50652,46151,44824,43095,45323,44502,45019,47890,50772
1461,1463,2011년,전라남도,장흥군,총계,27134,27211,24270,24797,18613,16741,17250,20312,19357,17671,22653,22310
1469,1471,2011년,전라남도,진도군,총계,22104,23097,21197,21149,16657,16867,16772,18700,19011,18095,22152,19269
1477,1479,2011년,전라남도,함평군,총계,28448,28515,25759,24584,20199,19461,20981,24125,23071,21454,27189,26741
1485,1487,2011년,전라남도,해남군,총계,61192,60269,58596,59402,43262,35771,36988,39951,38220,36413,51077,57873
1493,1495,2011년,전라남도,화순군,총계,45725,45361,40708,39871,35447,34401,35630,38104,36616,33617,36964,40617
1501,1503,2011년,경상북도,경산시,총계,241483,223757,216071,214593,197279,200639,204034,204941,199420,199511,212748,228721
1509,1511,2011년,경상북도,경주시,총계,333311,315318,308087,321527,295727,291731,298065,301150,294243,296417,311888,343674
1517,1519,2011년,경상북도,고령군,총계,97039,87899,93161,93379,88743,89434,88944,87004,85155,89321,92146,96879
1525,1527,2011년,경상북도,구미시,총계,898544,817385,871566,860325,879011,901129,966678,966878,886460,864341,843529,853443
1533,1535,2011년,경상북도,군위군,총계,27690,27349,24461,24175,20511,19885,20433,21347,20854,20972,22442,24773
1541,1543,2011년,경상북도,김천시,총계,169322,156067,154298,148507,141384,129183,155842,152512,144820,143284,150538,159996
1549,1551,2011년,경상북도,문경시,총계,58898,56513,49970,47698,41797,38863,38997,41368,40423,40885,45048,51230
1557,1559,2011년,경상북도,봉화군,총계,147173,136714,147435,136277,140782,115297,132968,140524,144728,154840,148381,154093
1565,1567,2011년,경상북도,상주시,총계,108877,102666,106293,110855,106095,101410,109206,110424,112257,117305,113998,63707
1573,1575,2011년,경상북도,성주군,총계,69369,65008,61363,61189,54702,54411,53863,53755,52544,54971,59274,64223
1581,1583,2011년,경상북도,안동시,총계,98410,95490,80849,78564,68083,63966,64220,69650,69391,66665,75043,87736
1589,1591,2011년,경상북도,영덕군,총계,28518,27584,23071,22720,19630,19112,18661,20335,19964,19806,22658,24963
1597,1599,2011년,경상북도,영양군,총계,12347,12759,10029,9438,7485,6550,5903,6403,7889,7649,8134,9589
1605,1607,2011년,경상북도,영주시,총계,106287,99510,96365,95208,89189,86954,92269,94912,89790,89770,94185,103923
1613,1615,2011년,경상북도,영천시,총계,124609,117638,110707,110650,100294,100899,101463,101280,101121,103928,111671,120726
1621,1623,2011년,경상북도,예천군,총계,32249,32376,26127,23842,19695,19097,17801,19385,19196,18400,24099,25137
1629,1631,2011년,경상북도,울릉군,총계,4116,3996,3524,4083,3839,3801,3673,4142,3742,4043,4106,4316
1637,1639,2011년,경상북도,울진군,총계,36019,36793,39827,30693,27016,33689,24861,26595,33245,36046,46468,44522
1645,1647,2011년,경상북도,의성군,총계,38527,38017,31938,31624,28011,28789,27167,29528,28780,27755,31123,33690
1653,1655,2011년,경상북도,청도군,총계,43561,41394,35667,34907,30223,29485,30232,32967,33216,32797,36479,39930
1661,1663,2011년,경상북도,청송군,총계,18507,18439,15001,14697,12261,11219,10532,10930,11581,11821,13759,15814
1669,1671,2011년,경상북도,칠곡군,총계,186881,177300,172431,176203,161511,161078,166601,167407,160701,159914,168809,178283
1677,1679,2011년,경상북도,포항시,총계,1184343,994640,1101012,1070114,1076828,1038925,948819,912624,935715,1053105,1032329,1096148
1685,1687,2011년,경상남도,거제시,총계,193631,171678,169256,162551,157385,162502,176662,176649,164859,152955,163457,181898
1693,1695,2011년,경상남도,거창군,총계,39575,39553,33884,33315,28468,27620,27987,30099,29632,28344,31741,34990
1701,1703,2011년,경상남도,고성군,총계,51377,48282,47415,45708,38558,39388,38949,43669,42634,41995,44828,50023
1709,1711,2011년,경상남도,김해시,총계,474916,447891,427212,424504,384579,392620,402498,403760,396814,385277,410194,438404
1717,1719,2011년,경상남도,남해군,총계,25143,24906,20648,20722,17989,18552,18372,21260,19590,17986,20165,21282
1725,1727,2011년,경상남도,밀양시,총계,99535,98235,84631,78044,64330,61695,61798,63972,61635,59571,67329,84518
1733,1735,2011년,경상남도,사천시,총계,112932,103871,101287,99083,90947,94164,98800,101771,97646,94724,99096,107116
1741,1743,2011년,경상남도,산청군,총계,26663,26232,21645,21011,17045,16421,15923,18142,17492,16322,19593,21781
1749,1751,2011년,경상남도,양산시,총계,299580,265650,276028,270486,252584,261650,270036,266163,253751,255233,264793,280971
1757,1759,2011년,경상남도,의령군,총계,36698,34645,33096,31413,28492,28619,29702,29505,28773,30078,31557,33761
1765,1767,2011년,경상남도,진주시,총계,243784,233605,208138,199314,171867,169603,177076,185115,175647,169295,180436,209449
1773,1775,2011년,경상남도,창녕군,총계,62607,61428,53464,50907,41057,40370,45490,45789,44035,41925,46867,57782
1781,1783,2011년,경상남도,창원시,총계,1091339,978020,998660,949440,900820,920833,974041,937452,906880,895076,915778,997730
1789,1791,2011년,경상남도,통영시,총계,125141,113320,110617,101356,92223,91709,100207,108651,99852,93870,98633,109268
1797,1799,2011년,경상남도,하동군,총계,31326,31158,26532,26662,22488,23119,19086,21357,20828,20051,22334,26648
1805,1807,2011년,경상남도,함안군,총계,211204,189034,207096,200718,202291,188927,187539,169476,182297,198584,201362,272143
1813,1815,2011년,경상남도,함양군,총계,29672,30337,26298,27359,24298,24486,23234,24559,24747,24158,28439,30120
1821,1823,2011년,경상남도,합천군,총계,35058,34019,28583,28049,22478,22443,22800,24235,24536,23461,25511,29035
1829,1831,2011년,제주특별자치도,서귀포시,총계,125834,125334,110309,118933,108201,105842,109970,118139,113089,103979,107918,112799
7,9,2012년,서울특별시,강남구,총계,447825,439446,392069,367331,353850,389808,436014,496390,414152,338571,355949,421335
15,17,2012년,서울특별시,강동구,총계,144680,143743,127034,124144,115769,123507,133819,155531,131842,113130,118665,142011
23,25,2012년,서울특별시,강북구,총계,91362,90814,79630,77496,69752,73150,78245,92290,81537,67972,72685,82360
31,33,2012년,서울특별시,강서구,총계,192817,190046,170310,164687,152679,160240,172580,202786,176501,148907,156956,178295
39,41,2012년,서울특별시,관악구,총계,161725,161316,142322,139450,124841,132676,143593,170391,148646,123321,130284,147516
47,49,2012년,서울특별시,광진구,총계,155348,155120,135003,131843,125736,136851,147402,173278,147428,125207,124310,145668
55,57,2012년,서울특별시,구로구,총계,196516,190582,163452,155508,147363,155276,169126,192854,164648,141558,152408,177386
63,65,2012년,서울특별시,금천구,총계,148514,146551,130289,122275,117017,127129,139690,155161,133462,114409,125799,147447
71,73,2012년,서울특별시,노원구,총계,146502,145082,129342,126499,115709,124170,132472,153412,134126,114044,122186,137595
79,81,2012년,서울특별시,도봉구,총계,102609,102435,91062,90269,82145,86475,90915,106192,93729,80996,85827,95199
87,89,2012년,서울특별시,동대문구,총계,140571,139194,124153,119069,108268,116249,126590,147907,127801,105116,112225,129795
95,97,2012년,서울특별시,동작구,총계,116099,116688,103912,101369,94840,101987,109657,129128,110425,93184,98298,110817
103,105,2012년,서울특별시,마포구,총계,174178,172462,156405,149455,141939,153048,167306,194093,165329,139567,146816,167577
111,113,2012년,서울특별시,서대문구,총계,113672,112175,101784,96750,92074,99264,107042,122491,104807,88819,94489,109487
119,121,2012년,서울특별시,서초구,총계,315745,308309,276393,265165,251180,271895,301607,345156,295930,246099,254428,293811
126,128,2012년,서울특별시,성동구,총계,171016,168357,151663,150040,140123,147895,158774,177301,160082,137550,145300,164854
134,136,2012년,서울특별시,성북구,총계,142910,143458,126959,123217,111651,118894,125892,147352,129779,108726,117888,134326
142,144,2012년,서울특별시,송파구,총계,234788,232660,208616,206474,197831,203724,222311,258183,221710,192019,194428,220147
150,152,2012년,서울특별시,양천구,총계,143248,142319,130645,128071,118619,123758,134539,156868,142078,119034,120774,130999
158,160,2012년,서울특별시,영등포구,총계,243374,239916,218249,207173,203549,219763,244943,277164,233103,196967,201568,231857
166,168,2012년,서울특별시,용산구,총계,129146,128629,113848,109093,102622,112863,123762,146631,123623,100842,105870,122090
174,176,2012년,서울특별시,은평구,총계,123471,123601,109854,108113,98046,102517,109878,129779,116051,97447,103203,115987
182,184,2012년,서울특별시,종로구,총계,165851,162740,144303,135864,128131,140624,155044,173547,147966,120413,130732,155418
190,192,2012년,서울특별시,중구,총계,239779,236047,216011,204513,208058,228034,251640,272455,233887,193021,199569,231304
198,200,2012년,서울특별시,중랑구,총계,107589,107098,94231,91647,81864,86761,93006,110794,96129,80113,85979,98013
206,208,2012년,부산광역시,강서구,총계,269489,278840,277315,266167,256931,259326,273202,268894,259884,244312,264208,275420
214,216,2012년,부산광역시,금정구,총계,107051,105926,97164,91605,81655,82602,86531,102291,93168,79309,86017,98527
222,224,2012년,부산광역시,기장군,총계,83832,86886,86602,79572,74302,67892,69652,73048,70264,73706,86500,80924
230,232,2012년,부산광역시,남구,총계,125499,124649,122149,118690,110327,110051,112278,126854,120346,106205,109546,119364
238,240,2012년,부산광역시,동구,총계,52377,52355,47455,44419,40076,40323,43849,51840,46546,38859,40919,47235
246,248,2012년,부산광역시,동래구,총계,92345,91978,82884,78493,69873,70516,74669,92009,81511,68818,73330,84040
254,256,2012년,부산광역시,부산진구,총계,163655,162576,148376,140640,128224,130778,141455,167936,149489,125961,130447,147963
262,264,2012년,부산광역시,북구,총계,83673,84518,74870,72541,65139,66651,71282,85670,75837,65494,69662,77718
270,272,2012년,부산광역시,사상구,총계,187524,188633,176364,167721,153235,155019,158690,167295,162721,141422,160181,174278
278,280,2012년,부산광역시,사하구,총계,273331,274410,277469,265801,251292,215479,250183,269138,256049,236694,262841,276185
286,288,2012년,부산광역시,서구,총계,55328,52660,49025,45700,43399,43416,46930,54185,49986,44482,45102,51586
294,296,2012년,부산광역시,수영구,총계,55784,55924,49920,47554,42169,42581,45208,57695,50754,41718,44066,50239
302,304,2012년,부산광역시,연제구,총계,75677,75421,68381,64979,59216,59574,64625,77954,68367,56676,59466,68600
310,312,2012년,부산광역시,영도구,총계,48025,48629,44388,42050,37260,36720,38329,44576,41814,36432,38743,44043
318,320,2012년,부산광역시,중구,총계,43076,42603,38326,35848,32762,33652,37172,45397,40885,32512,32120,37025
326,328,2012년,부산광역시,해운대구,총계,164090,164647,153987,148843,142634,144627,157080,184459,163676,138425,143909,157532
334,336,2012년,대구광역시,남구,총계,62839,62889,55873,51915,44140,44735,47188,58808,51000,42441,47610,56003
342,344,2012년,대구광역시,달서구,총계,383465,377569,356715,347810,326364,334553,347657,372602,348053,308107,339477,366605
350,352,2012년,대구광역시,달성군,총계,256724,259413,257916,249212,240526,240208,243737,245767,235696,227858,248759,265918
358,360,2012년,대구광역시,동구,총계,122342,122567,108687,102818,90250,91227,94677,113848,100932,87004,97406,112186
366,368,2012년,대구광역시,북구,총계,226983,223419,204303,195058,176125,182042,191832,216503,195668,167565,187492,212786
374,376,2012년,대구광역시,서구,총계,107143,104734,98092,95219,87521,89288,95315,106903,99002,85180,91044,99574
382,384,2012년,대구광역시,수성구,총계,156183,154892,138080,130450,116997,120512,128621,154788,134810,114954,125058,143722
390,392,2012년,대구광역시,중구,총계,70661,70291,61855,56786,54029,58205,65693,75918,62789,51173,53914,65691
398,400,2012년,인천광역시,강화군,총계,61078,62110,52527,46672,35062,31936,29317,34720,34923,31797,44052,56182
406,408,2012년,인천광역시,계양구,총계,127145,124822,112934,106963,97873,100996,107126,122677,107939,96111,104698,120615
414,416,2012년,인천광역시,남구,총계,205365,207548,191544,181348,167149,169268,180031,198065,178284,160338,176135,197071
422,424,2012년,인천광역시,남동구,총계,372617,372919,343254,325119,302516,310673,326093,345381,321915,291166,324646,361759
430,432,2012년,인천광역시,동구,총계,348886,359504,356207,350446,367010,357437,334815,325402,321618,342007,354366,368220
438,440,2012년,인천광역시,부평구,총계,234633,234407,214058,201671,187385,197265,208265,231908,205455,185401,202131,228895
446,448,2012년,인천광역시,서구,총계,403256,397506,378735,362149,339707,344550,355518,365494,353083,333081,362902,397638
454,456,2012년,인천광역시,연수구,총계,149701,147405,133166,121801,115254,120025,132706,154656,131619,121891,131401,156549
462,464,2012년,인천광역시,옹진군,총계,18012,19352,15871,19199,16872,14750,12684,12362,12038,11009,16987,20208
470,472,2012년,인천광역시,중구,총계,149499,144902,139907,132014,128901,132977,143312,152808,139428,128521,133480,149188
478,480,2012년,광주광역시,광산구,총계,268183,270679,268760,266831,254735,243092,250337,263125,252219,241258,265813,259556
486,488,2012년,광주광역시,남구,총계,65341,65270,57476,54711,46703,48524,51272,62070,52537,45849,53186,60292
494,496,2012년,광주광역시,동구,총계,60312,59659,53687,50519,43897,45669,49363,57660,50752,42431,45646,65837
502,504,2012년,광주광역시,북구,총계,204190,203635,189320,182281,170164,174857,185103,210912,187058,162069,175310,188838
510,512,2012년,광주광역시,서구,총계,137730,138135,127179,121601,110618,115993,123983,141122,128530,107925,116636,134051
518,520,2012년,대전광역시,대덕구,총계,241195,243112,243838,232966,226676,233698,243898,244314,237573,221663,229554,240371
526,528,2012년,대전광역시,동구,총계,98405,96491,84855,80841,66670,67489,70354,83131,73621,63633,73393,87519
534,536,2012년,대전광역시,서구,총계,177194,175887,157590,151769,133104,137398,147657,176612,156740,128539,138410,159654
542,544,2012년,대전광역시,유성구,총계,227102,225841,209596,195935,190449,196503,208274,235384,199843,179104,197933,225502
550,552,2012년,대전광역시,중구,총계,105673,104995,90110,84322,72690,76233,81975,96287,81018,71681,82177,95663
558,560,2012년,울산광역시,남구,총계,1176884,1120864,1182172,1112253,1189822,1177325,1242911,1228419,1205342,1189966,1143914,1211017
566,568,2012년,울산광역시,동구,총계,147882,151639,145961,136293,139375,140821,153527,150035,148857,135906,139843,155898
574,576,2012년,울산광역시,북구,총계,207877,222485,218385,200797,188315,203808,204465,180569,200797,198045,209938,225728
582,584,2012년,울산광역시,울주군,총계,897393,840392,885204,841451,871490,823546,846173,834673,845975,869287,853255,905847
590,592,2012년,울산광역시,중구,총계,62224,62898,56504,53993,48234,48746,51317,64232,57112,47092,50427,57126
598,600,2012년,경기도,가평군,총계,73944,73969,62190,53905,41578,38419,37553,43465,40812,39948,51943,65350
606,608,2012년,경기도,고양시,총계,447016,444052,385910,362793,318259,322686,341961,392441,348331,304589,343932,407833
614,616,2012년,경기도,과천시,총계,38372,38994,35955,34087,32344,33760,35806,40858,34601,31277,32786,36776
622,624,2012년,경기도,광명시,총계,114316,114088,102202,97873,90238,94283,99467,112095,96959,88025,96046,107626
630,632,2012년,경기도,광주시,총계,237685,233884,205283,191038,158489,155703,158750,171176,165329,151133,187062,220110
638,640,2012년,경기도,구리시,총계,75192,74126,65395,62451,57796,60675,64802,73814,63708,53727,58451,67072
646,648,2012년,경기도,군포시,총계,139089,137180,124810,118222,109694,113499,121412,133246,121750,107415,117094,134008
654,656,2012년,경기도,김포시,총계,279153,276119,246499,233419,201152,201102,200017,210561,207580,184840,231034,268090
662,664,2012년,경기도,남양주시,총계,272415,268334,237383,224396,191851,190425,195619,217159,203028,184186,211581,250965
670,672,2012년,경기도,동두천시,총계,62826,59779,52737,52683,45251,45868,289542,-191690,48669,51431,49000,56239
678,680,2012년,경기도,부천시,총계,404612,399163,361839,344779,316374,335155,355486,397813,351983,305362,334561,378864
686,688,2012년,경기도,성남시,총계,429754,425498,387659,368255,348669,381424,409636,458932,390712,339469,364807,415771
694,696,2012년,경기도,수원시,총계,459347,456093,413088,398045,369474,386836,415677,473138,412395,360359,388150,440553
702,704,2012년,경기도,시흥시,총계,393851,396233,366415,348492,315436,314139,322919,345510,329626,301829,342067,383139
710,712,2012년,경기도,안산시,총계,700133,704490,680527,650546,639813,648845,684333,708725,676467,628711,673011,720910
718,720,2012년,경기도,안성시,총계,250268,252599,232443,219282,193462,189889,193668,206060,194266,182542,216167,239935
726,728,2012년,경기도,안양시,총계,242129,238836,215873,206043,188525,197883,213830,241156,214393,185674,201036,228932
734,736,2012년,경기도,양주시,총계,209151,202480,183114,176130,151166,149336,148757,148936,152166,142090,176811,200967
742,744,2012년,경기도,양평군,총계,111918,114657,94448,82482,58380,50835,46757,54831,51514,54736,79959,101192
750,752,2012년,경기도,여주군,총계,136642,136812,119480,108245,90322,86966,86023,92625,88003,84952,110997,126538
758,760,2012년,경기도,연천군,총계,58672,58534,50425,45591,36705,34287,32444,36210,35914,34899,47218,54847
766,768,2012년,경기도,오산시,총계,109860,109236,101562,97296,89052,91667,96253,106482,100172,91008,97320,108038
774,776,2012년,경기도,용인시,총계,777308,754715,725025,698672,673881,680237,715800,766012,700814,661173,703498,787790
782,784,2012년,경기도,의왕시,총계,65205,65080,58041,55258,49275,51173,53965,60348,54736,47633,53708,62272
790,792,2012년,경기도,의정부시,총계,157316,154265,135204,128394,116048,121901,129977,147225,129986,112159,124369,151289
798,800,2012년,경기도,이천시,총계,380236,367968,356580,337588,324432,321121,336134,355019,327637,318842,346672,379409
806,808,2012년,경기도,파주시,총계,659048,636051,627527,606276,587400,585277,615187,638712,599023,580577,611713,663086
814,816,2012년,경기도,평택시,총계,618343,621579,605988,560727,540739,549043,559506,580139,548533,527013,558129,628737
822,824,2012년,경기도,포천시,총계,262605,258122,232299,220197,180382,174339,168940,177718,176029,167023,212928,242068
830,832,2012년,경기도,하남시,총계,104601,104291,93257,88106,81168,82379,86027,93550,85224,77039,85009,97931
838,840,2012년,경기도,화성시,총계,1144674,1134646,1106671,1062130,993217,995726,1040304,1059018,1013474,995094,1097077,1192820
846,848,2012년,강원도,강릉시,총계,178004,175990,174354,170257,158449,156450,148586,147675,123177,130906,142827,163175
854,856,2012년,강원도,고성군,총계,29368,29052,26276,24982,20832,19503,19099,20665,19911,19519,22513,26620
862,864,2012년,강원도,동해시,총계,265328,248695,271642,261592,270931,264257,261268,238120,247257,260237,256305,266782
870,872,2012년,강원도,삼척시,총계,110025,95867,110095,109509,100726,103171,93746,94337,92239,93807,94589,107423
878,880,2012년,강원도,속초시,총계,47186,46544,42256,40133,34260,32603,32688,37420,33948,32313,36896,42775
886,888,2012년,강원도,양구군,총계,29412,25155,21053,19307,14026,12280,11593,12439,12552,13360,19262,22203
894,896,2012년,강원도,양양군,총계,29158,28795,25781,24242,20091,19183,19048,21859,20903,19818,23405,26485
902,904,2012년,강원도,영월군,총계,81393,78112,95203,89672,86660,82624,75304,77671,80439,84242,93072,93334
910,912,2012년,강원도,원주시,총계,234122,231746,204042,187198,156974,153676,157288,168765,157115,149940,184226,218448
918,920,2012년,강원도,인제군,총계,37075,37411,31346,28656,21769,19747,18346,19985,20005,21982,26598,33633
926,928,2012년,강원도,정선군,총계,63112,61950,56995,52300,46517,44246,44989,43995,44363,48504,55090,64917
934,936,2012년,강원도,철원군,총계,55195,56208,46784,40998,31377,29643,26443,29032,27790,30270,40663,52487
942,944,2012년,강원도,춘천시,총계,162747,160110,139208,131515,106416,102681,105656,117971,109337,100002,121641,154170
950,952,2012년,강원도,태백시,총계,35568,35115,31562,29788,26044,25036,24530,25314,25505,27159,29746,33398
958,960,2012년,강원도,평창군,총계,69332,67579,54354,47137,36231,32205,30770,34082,31727,35808,51089,65422
966,968,2012년,강원도,홍천군,총계,80237,79540,65972,58866,48202,42909,44047,48925,44060,43721,57899,72047
974,976,2012년,강원도,화천군,총계,27802,28018,23357,21201,15739,14192,13579,15408,15255,15470,20378,25626
982,984,2012년,강원도,횡성군,총계,60562,60213,51647,45526,35349,31964,30844,33595,31930,33726,46211,56156
990,992,2012년,충청북도,괴산군,총계,48087,47986,43010,38652,31489,30137,30218,33199,31386,30999,38538,45646
998,1000,2012년,충청북도,단양군,총계,98928,100754,150307,152056,145121,149069,127733,112912,130851,119532,133949,134446
1006,1008,2012년,충청북도,보은군,총계,31324,31190,27188,24652,19572,18893,17075,20078,19094,18232,25105,28432
1014,1016,2012년,충청북도,영동군,총계,41709,42345,39064,36782,30402,28847,27082,29181,29257,28000,33974,38843
1022,1024,2012년,충청북도,옥천군,총계,60016,60128,56546,52639,45275,42210,43249,45702,44004,41075,49359,56375
1030,1032,2012년,충청북도,음성군,총계,213110,214561,204719,192681,180603,180578,185752,187056,183023,174755,200196,216918
1038,1040,2012년,충청북도,제천시,총계,125993,123737,122855,115819,100186,97561,95290,95314,93882,100407,111331,134881
1046,1048,2012년,충청북도,증평군,총계,43413,43969,43146,41602,38816,38383,40049,42101,39549,37708,38515,42235
1054,1056,2012년,충청북도,진천군,총계,150627,153920,149804,141831,136258,137505,140207,141332,135701,130484,145768,154353
1062,1064,2012년,충청북도,청원군,총계,385152,383704,382211,371391,368276,373150,391315,394264,368071,315611,337611,358038
1070,1072,2012년,충청북도,청주시,총계,509855,501974,482338,468636,449950,457275,489992,527415,480692,450425,472319,521379
1078,1080,2012년,충청북도,충주시,총계,195719,196104,178563,167334,143978,140016,143159,153814,146162,142905,171229,195497
1086,1088,2012년,충청남도,계룡시,총계,21850,21474,19298,17543,16432,17168,18642,20937,17347,16452,18826,21542
1094,1096,2012년,충청남도,공주시,총계,110748,111410,102104,94652,78355,77012,77771,86291,79160,66678,84823,95060
1102,1104,2012년,충청남도,금산군,총계,87771,87411,83575,78811,69345,69938,66737,74804,69274,70831,83156,90549
1110,1112,2012년,충청남도,논산시,총계,118380,119656,111995,102757,87470,85446,85188,94712,88143,80918,102792,112001
1118,1120,2012년,충청남도,당진시,총계,817277,790499,892535,847222,866397,848115,861731,793536,834527,777580,819985,880775
1126,1128,2012년,충청남도,보령시,총계,96201,97151,88409,84437,71502,73773,68414,75082,74592,69199,87529,88501
1134,1136,2012년,충청남도,부여군,총계,58788,59683,52935,46883,38016,39052,37177,43290,39184,36793,49524,54085
1142,1144,2012년,충청남도,서산시,총계,510976,487429,506435,492567,495221,483037,470859,487218,457892,465745,478479,511603
1150,1152,2012년,충청남도,서천군,총계,118854,121561,122426,112472,89991,85561,86209,87863,84235,83338,95914,122999
1158,1160,2012년,충청남도,아산시,총계,931057,906282,931546,893351,901904,882443,936492,945223,895131,902319,923569,979706
1166,1168,2012년,충청남도,연기군,총계,150443,149282,145258,138827,130776,125587,136559,135828,133706,0,1,5
1174,1176,2012년,충청남도,예산군,총계,81946,83733,76084,69894,60969,58717,57663,62745,59726,56926,73068,79380
1182,1184,2012년,충청남도,천안시,총계,693720,685134,670321,641743,615401,615156,652304,682874,635462,602969,642465,696602
1190,1192,2012년,충청남도,청양군,총계,28006,28447,26134,23681,19223,19158,18308,21338,20627,18734,25622,26364
1198,1200,2012년,충청남도,태안군,총계,53205,52663,47623,50534,40142,35212,31136,38163,35492,34431,55666,44827
1206,1208,2012년,충청남도,홍성군,총계,75105,75188,67994,63752,52658,50739,49487,56200,53094,49574,70165,70932
1214,1216,2012년,전라북도,고창군,총계,46798,47844,43172,41326,33156,32306,31936,35927,32710,31339,43253,55864
1222,1224,2012년,전라북도,군산시,총계,722944,689987,738439,721131,716837,707080,721042,637713,686680,600071,530029,577538
1230,1232,2012년,전라북도,김제시,총계,81087,82256,74768,70772,59055,57915,57402,64566,59933,56188,73695,79942
1238,1240,2012년,전라북도,남원시,총계,54816,55309,50807,48258,41146,39836,40352,46176,42131,39688,48939,56158
1246,1248,2012년,전라북도,무주군,총계,23623,22800,18743,16068,12744,12177,11598,13060,12713,12452,16441,21951
1254,1256,2012년,전라북도,부안군,총계,41641,42551,38277,36626,28337,27405,27073,32536,29157,26352,36101,38238
1262,1264,2012년,전라북도,순창군,총계,18835,19243,17257,16155,13693,13783,14784,17273,17004,15649,21586,20350
1270,1272,2012년,전라북도,완주군,총계,127836,132404,129313,120861,110877,109408,111821,112271,107162,105852,116327,129778
1278,1280,2012년,전라북도,익산시,총계,297892,297937,287296,275016,257156,254676,257071,273554,247072,231792,262737,281512
1286,1288,2012년,전라북도,임실군,총계,24402,24943,22184,19981,15889,15333,16364,18922,18472,17201,23154,24714
1294,1296,2012년,전라북도,장수군,총계,19465,19682,17119,15477,12170,10949,9935,11071,10958,11560,15045,17991
1302,1304,2012년,전라북도,전주시,총계,404689,392540,371682,361770,328410,326976,344758,376969,351165,324391,340804,385259
1310,1312,2012년,전라북도,정읍시,총계,113246,113460,106792,103585,91810,90601,94880,105022,96607,90808,105956,108051
1318,1320,2012년,전라북도,진안군,총계,18097,18338,16406,15228,11939,10942,10698,12500,12901,11920,15119,16807
1326,1328,2012년,전라남도,강진군,총계,25036,25063,22798,21930,18587,18400,18093,21810,19284,17561,24253,23330
1334,1336,2012년,전라남도,고흥군,총계,44124,43401,41379,40933,28483,26216,24824,31379,29228,24736,33274,40121
1342,1344,2012년,전라남도,곡성군,총계,36349,38865,37409,35383,32812,32762,31137,31715,31264,30440,35110,36552
1350,1352,2012년,전라남도,광양시,총계,480009,395945,383014,427523,430660,504282,465609,447698,468331,517196,498185,463599
1358,1360,2012년,전라남도,구례군,총계,15640,15793,14065,13277,10778,10290,10337,12702,10765,10147,12359,14171
1366,1368,2012년,전라남도,나주시,총계,80988,79387,75561,73410,66479,68705,69195,76934,65497,66292,76604,79652
1374,1376,2012년,전라남도,담양군,총계,46069,46836,42479,39402,34572,33019,33300,35015,36758,31223,39184,43322
1382,1384,2012년,전라남도,목포시,총계,96433,96049,87525,84555,71087,71062,73870,91034,82128,68143,74342,83963
1390,1392,2012년,전라남도,무안군,총계,46616,47834,44684,41898,34237,35609,37157,43708,38434,35396,46992,47504
1398,1400,2012년,전라남도,보성군,총계,24998,24925,22077,21445,18323,18256,17316,21492,20081,17703,21109,24484
1406,1408,2012년,전라남도,순천시,총계,154554,161225,153077,145446,134406,134934,137978,155502,141402,129351,142110,154649
1414,1416,2012년,전라남도,신안군,총계,21040,22610,21844,22808,17589,14515,14282,17345,17031,15369,20704,22020
1422,1424,2012년,전라남도,여수시,총계,930352,889274,889946,881552,947869,941864,1020368,1058278,1008472,984908,985824,950811
1430,1432,2012년,전라남도,영광군,총계,53173,54553,55558,47343,43140,39104,49883,42875,40279,41014,59021,49739
1438,1440,2012년,전라남도,영암군,총계,125501,128624,127828,112624,109027,111652,115212,109122,109263,104485,112468,124923
1446,1448,2012년,전라남도,완도군,총계,60050,60903,59594,65737,60902,59665,61003,69970,63938,60847,66382,59125
1454,1456,2012년,전라남도,장성군,총계,54947,52566,52639,50726,47013,44335,44239,47483,45627,44962,51172,52634
1462,1464,2012년,전라남도,장흥군,총계,27329,29068,28223,28788,19707,17726,17497,22125,19474,17290,24778,27035
1470,1472,2012년,전라남도,진도군,총계,23396,24781,23762,22813,18692,18440,16836,20981,19027,17657,23335,22466
1478,1480,2012년,전라남도,함평군,총계,28906,29248,26929,25752,21211,20623,21380,25186,23130,21021,28677,28380
1486,1488,2012년,전라남도,해남군,총계,64966,68900,68752,66398,45872,38126,37167,43752,37218,35032,55762,67361
1494,1496,2012년,전라남도,화순군,총계,46641,47114,43181,41533,36371,35569,35932,40035,36834,33777,39499,44299
1502,1504,2012년,경상북도,경산시,총계,240169,238214,228265,220682,205512,206709,209225,218205,212882,196928,223833,242077
1510,1512,2012년,경상북도,경주시,총계,377003,366007,352302,341748,315822,309966,300987,319310,303321,295142,313725,344103
1518,1520,2012년,경상북도,고령군,총계,98660,100690,99852,95532,91818,90630,87873,85368,82172,78690,88585,93065
1526,1528,2012년,경상북도,구미시,총계,872442,851827,865777,844789,868367,886285,948851,985750,1117072,650672,866708,898655
1534,1536,2012년,경상북도,군위군,총계,28006,27966,25720,24060,20416,20856,20990,22985,23384,21057,25485,27567
1542,1544,2012년,경상북도,김천시,총계,173014,170209,165272,157624,147525,148047,153352,161639,151797,141995,158344,165168
1550,1552,2012년,경상북도,문경시,총계,57692,58057,52860,49042,42083,40003,40301,44314,41730,40709,49012,55386
1558,1560,2012년,경상북도,봉화군,총계,158803,152176,158171,152310,153140,148101,144904,143334,155393,159343,158140,162528
1566,1568,2012년,경상북도,상주시,총계,70375,71058,94215,118703,114559,77900,46685,51937,48743,45073,62532,64004
1574,1576,2012년,경상북도,성주군,총계,69982,68520,65762,63407,56664,56837,55884,57333,57709,54872,66225,72514
1582,1584,2012년,경상북도,안동시,총계,99925,99102,88652,82751,68187,68613,69064,80531,72479,67040,82982,98100
1590,1592,2012년,경상북도,영덕군,총계,29049,28500,25230,23425,20065,20000,18738,22594,21022,20001,23976,26804
1598,1600,2012년,경상북도,영양군,총계,11809,12182,10575,9391,7036,6301,5807,6633,8918,7839,9059,10712
1606,1608,2012년,경상북도,영주시,총계,112025,110132,106622,97194,91711,88725,87585,97692,98147,94429,98591,109751
1614,1616,2012년,경상북도,영천시,총계,128132,127782,120601,115641,105327,105914,106751,108335,107829,100038,115296,123161
1622,1624,2012년,경상북도,예천군,총계,30271,30929,26182,23775,19044,19777,18430,22509,19823,18237,27100,27492
1630,1632,2012년,경상북도,울릉군,총계,4216,4151,4268,4305,4113,3926,3799,4604,3992,3863,4546,4445
1638,1640,2012년,경상북도,울진군,총계,42130,41349,42618,39162,39321,31207,36680,43533,39258,45955,39026,51722
1646,1648,2012년,경상북도,의성군,총계,38158,38176,34149,32291,27956,30207,28632,33352,29937,26503,34008,37356
1654,1656,2012년,경상북도,청도군,총계,44144,42787,38630,35809,30643,30573,30125,34691,34206,31945,37772,42849
1662,1664,2012년,경상북도,청송군,총계,18446,18420,15959,14850,11781,11601,10831,12433,12982,12528,15911,18405
1670,1672,2012년,경상북도,칠곡군,총계,189214,190072,185264,179377,166326,167519,170400,176837,173849,162903,182172,190437
1678,1680,2012년,경상북도,포항시,총계,1059253,984174,1152625,1043342,1088414,1065163,1001938,936465,974948,991084,1034533,1044142
1686,1688,2012년,경상남도,거제시,총계,181620,186878,178405,165001,157219,155696,172238,183071,170275,152424,165945,183776
1694,1696,2012년,경상남도,거창군,총계,40121,41143,36266,33991,28424,28083,28814,32097,31945,29040,33741,37134
1702,1704,2012년,경상남도,고성군,총계,55229,55010,54121,53795,42736,43591,42132,46506,44414,42275,47211,55521
1710,1712,2012년,경상남도,김해시,총계,473449,472017,445306,424049,386525,386575,390239,410334,400080,356819,408602,444851
1718,1720,2012년,경상남도,남해군,총계,25244,25542,22837,21688,18508,18855,18015,22768,19929,17955,21524,22960
1726,1728,2012년,경상남도,밀양시,총계,104568,106715,95526,85347,69056,64515,63887,70501,66370,61360,73259,98098
1734,1736,2012년,경상남도,사천시,총계,113457,113702,108137,102581,95026,95053,97961,104329,96471,90240,98410,105428
1742,1744,2012년,경상남도,산청군,총계,27259,26816,23412,20973,17080,16477,16030,19445,18531,16543,21844,24604
1750,1752,2012년,경상남도,양산시,총계,286084,289241,283414,268690,259931,263977,272622,275965,265335,248412,269578,288067
1758,1760,2012년,경상남도,의령군,총계,37611,37579,35627,32569,29381,29573,29730,31927,30810,29483,32453,35869
1766,1768,2012년,경상남도,진주시,총계,240524,240044,219083,203815,173808,169406,172711,191411,175914,138624,164913,205294
1774,1776,2012년,경상남도,창녕군,총계,68283,68829,61809,55647,44346,42987,46800,52453,49580,43817,53462,69183
1782,1784,2012년,경상남도,창원시,총계,1017478,1033120,994727,928614,878183,881822,915047,943755,891066,824016,891998,967805
1790,1792,2012년,경상남도,통영시,총계,120112,117191,109542,99769,90749,91909,100242,106978,95998,88160,96471,111888
1798,1800,2012년,경상남도,하동군,총계,31415,31809,27757,26997,22903,22624,19115,23511,22277,21865,24908,29555
1806,1808,2012년,경상남도,함안군,총계,153705,216348,217990,202782,178267,204088,197936,174213,190500,185583,204149,219556
1814,1816,2012년,경상남도,함양군,총계,33685,33255,30584,29927,26104,22229,16623,19729,19858,17290,21072,23145
1822,1824,2012년,경상남도,합천군,총계,34672,34743,31740,28787,23201,23687,23359,26880,25818,23862,29065,32895
7,9,2013년,서울특별시,강남구,총계,465109,426124,370539,361207,341981,381596,435304,474449,408861,335166,340807,394004
15,17,2013년,서울특별시,강동구,총계,142033,141005,120724,121085,113323,122279,133912,148881,133289,111613,114459,127588
23,25,2013년,서울특별시,강북구,총계,92527,88334,74385,75032,68418,72030,78005,88001,82646,67160,70062,78106
31,33,2013년,서울특별시,강서구,총계,197401,186252,161441,163106,151202,158242,171764,192378,176632,147556,152334,169599
39,41,2013년,서울특별시,관악구,총계,165624,157648,133656,136374,123762,131448,143874,163625,151351,123574,127077,140715
47,49,2013년,서울특별시,광진구,총계,158603,148695,126194,128108,121311,134828,147987,167014,148376,122172,124022,138030
55,57,2013년,서울특별시,구로구,총계,195372,179183,154690,153146,143078,149562,163526,179779,158750,140351,147514,169901
63,65,2013년,서울특별시,금천구,총계,158609,144513,129041,125852,119203,129097,143828,156194,135249,118813,125296,141721
71,73,2013년,서울특별시,노원구,총계,152037,144036,124022,124825,115667,123328,133749,149073,136052,113368,118382,131341
79,81,2013년,서울특별시,도봉구,총계,105737,101107,86165,89324,81799,86457,92736,104104,80834,66984,70588,78169
87,89,2013년,서울특별시,동대문구,총계,144382,135961,116871,116567,106765,115108,127330,142469,130795,105549,109204,123173
95,97,2013년,서울특별시,동작구,총계,121602,114434,99321,101350,94488,103224,112535,126599,113814,94408,96788,106816
103,105,2013년,서울특별시,마포구,총계,184302,170070,152417,151395,142340,154476,172865,192183,170176,142913,144982,163199
111,113,2013년,서울특별시,서대문구,총계,118035,108885,96784,96037,90174,98136,107440,119142,105460,88984,91801,103815
119,121,2013년,서울특별시,서초구,총계,323728,301071,263130,261833,247130,269342,300704,334146,312653,258834,263085,293375
127,129,2013년,서울특별시,성동구,총계,177793,166451,150323,151948,143985,151354,162326,176269,166043,140338,145394,161466
135,137,2013년,서울특별시,성북구,총계,147955,140280,120043,121373,110260,118138,126034,140227,130957,108169,113463,127047
143,145,2013년,서울특별시,송파구,총계,238973,225660,196732,200610,195380,209835,231773,256630,231288,191682,189173,209246
151,153,2013년,서울특별시,양천구,총계,147234,140678,124414,125170,116993,121469,133991,150801,143056,118708,118561,126530
159,161,2013년,서울특별시,영등포구,총계,254696,232708,211132,206307,201171,218560,246321,266997,232055,198116,195826,220941
167,169,2013년,서울특별시,용산구,총계,134313,125611,107734,107495,100899,110908,124221,138592,122701,100379,101463,117133
175,177,2013년,서울특별시,은평구,총계,129049,123175,105846,98514,109153,104128,110755,128717,119809,98784,101677,111037
183,185,2013년,서울특별시,종로구,총계,173286,157851,136560,134019,124934,138627,156171,169117,147540,121626,126497,147927
191,193,2013년,서울특별시,중구,총계,248465,224944,202281,198529,195473,219027,249641,263344,227892,193296,190505,216759
199,201,2013년,서울특별시,중랑구,총계,109445,104737,88331,89187,80967,85737,93139,106139,97997,79977,83696,93532
207,209,2013년,부산광역시,강서구,총계,285357,269064,271596,268996,259902,257410,275556,265324,254007,256775,266302,274815
215,217,2013년,부산광역시,금정구,총계,108080,102027,89338,89014,83833,83707,90069,106500,94703,80709,84699,94295
223,225,2013년,부산광역시,기장군,총계,88775,84407,83552,91423,80558,70945,76985,75035,80387,74855,78600,84830
231,233,2013년,부산광역시,남구,총계,128550,118471,112097,112769,106905,106358,113314,126660,117620,106609,106602,115913
239,241,2013년,부산광역시,동구,총계,52895,49443,42751,42255,40006,39990,44288,51518,46557,39934,39815,45393
247,249,2013년,부산광역시,동래구,총계,93313,88892,75631,75064,69863,70648,77441,94761,82410,68660,71034,78661
255,257,2013년,부산광역시,부산진구,총계,164296,155104,134404,133725,127414,130729,144402,169600,151620,127789,127149,141400
263,265,2013년,부산광역시,북구,총계,85434,82132,69727,71007,66219,68259,73603,88716,76836,66166,68755,75796
271,273,2013년,부산광역시,사상구,총계,186364,174583,159611,163247,151087,151493,159464,166510,156858,143935,153915,167479
279,281,2013년,부산광역시,사하구,총계,276110,250173,248517,248294,229320,238723,245300,250149,243066,240189,242525,253599
287,289,2013년,부산광역시,서구,총계,55803,49648,45746,44449,41861,42732,47723,54564,50567,44614,44315,50457
295,297,2013년,부산광역시,수영구,총계,56427,54014,45478,45316,42142,42490,46668,57608,51568,42897,43273,47681
303,305,2013년,부산광역시,연제구,총계,76419,72081,62312,61926,58489,59994,66440,79384,69184,57532,57949,65718
311,313,2013년,부산광역시,영도구,총계,49633,46863,40588,41164,37680,37153,39653,43004,40361,35786,36834,41943
319,321,2013년,부산광역시,중구,총계,42563,39891,34656,33367,31744,32809,37457,44106,40544,33852,31446,35292
327,329,2013년,부산광역시,해운대구,총계,169087,156745,144591,144764,142156,147422,164743,187999,164323,145375,142855,154469
335,337,2013년,대구광역시,남구,총계,63561,60624,50900,49495,45096,45115,50314,60817,52618,42758,45700,53535
343,345,2013년,대구광역시,달서구,총계,392271,360419,338638,344315,329432,336143,360190,383173,356010,320277,337541,361454
351,353,2013년,대구광역시,달성군,총계,281625,254528,257320,259621,254492,245144,257292,254219,246001,253658,263472,279769
359,361,2013년,대구광역시,동구,총계,126033,119899,100776,100135,92604,92252,100408,117906,104717,88581,96844,110259
367,369,2013년,대구광역시,북구,총계,234459,217776,189927,190826,179079,182567,199948,220486,197162,169773,183762,205412
375,377,2013년,대구광역시,서구,총계,107948,105268,92417,93743,90846,93026,99051,107243,98437,84113,88813,95390
383,385,2013년,대구광역시,수성구,총계,159424,151181,128665,127600,120437,122676,136782,160377,137197,115552,121636,136148
391,393,2013년,대구광역시,중구,총계,72556,66606,56186,54366,54238,58581,68972,76968,62931,51736,52122,61693
399,401,2013년,인천광역시,강화군,총계,64022,61980,50600,45074,38412,32350,29365,35305,34491,32006,42033,51293
407,409,2013년,인천광역시,계양구,총계,131219,121902,105050,110733,98430,100684,107472,120036,109102,95831,101818,114690
415,417,2013년,인천광역시,남구,총계,209759,193643,183544,175377,164911,169109,177067,191491,180923,165537,172896,188976
423,425,2013년,인천광역시,남동구,총계,392866,359626,333801,335007,308986,311373,331530,345723,328492,300321,321871,351814
431,433,2013년,인천광역시,동구,총계,372894,314092,359738,331743,347014,358745,371484,312046,306972,374957,353311,362411
439,441,2013년,인천광역시,부평구,총계,246191,226830,206534,205750,189779,196159,203658,229645,207685,186333,195432,217234
447,449,2013년,인천광역시,서구,총계,427098,389369,374990,369363,347028,340755,356181,365887,355171,306171,354662,384403
455,457,2013년,인천광역시,연수구,총계,168027,151888,139922,133102,125082,130728,144266,160376,139707,128620,136297,155183
463,465,2013년,인천광역시,옹진군,총계,21397,20999,23706,21247,17690,12150,11540,14233,13423,12540,17538,18080
471,473,2013년,인천광역시,중구,총계,159988,141380,136272,130866,129736,132583,143422,155463,140570,131539,131878,145746
479,481,2013년,광주광역시,광산구,총계,277800,256759,252850,276464,259066,262774,281687,291046,275716,257615,268108,284905
487,489,2013년,광주광역시,남구,총계,66285,63675,53708,54500,47820,49331,54136,63445,54006,47016,52068,59547
495,497,2013년,광주광역시,동구,총계,50985,58380,50630,49555,45808,46939,52517,60401,53007,44545,45493,52849
503,505,2013년,광주광역시,북구,총계,204260,190270,175154,175790,166459,172896,187096,208334,183207,163382,168235,184525
511,513,2013년,광주광역시,서구,총계,148694,140409,126186,126203,118488,122804,132107,150166,136620,118003,119986,133365
519,521,2013년,대전광역시,대덕구,총계,256475,233664,238976,234463,229994,231278,240788,246874,229199,223850,224198,235774
527,529,2013년,대전광역시,동구,총계,100141,94482,78336,77876,68518,67545,72021,82558,75426,63424,69993,82484
535,537,2013년,대전광역시,서구,총계,183399,174547,148936,147490,135836,138235,151851,173936,161169,129819,134819,153823
543,545,2013년,대전광역시,유성구,총계,242161,220940,203311,202136,199852,213926,233302,250314,210779,199371,207742,231016
551,553,2013년,대전광역시,중구,총계,106997,100626,82541,82254,72644,75473,83655,94933,80821,70243,78508,89397
559,561,2013년,울산광역시,남구,총계,1232646,1115680,1111973,1186195,1233005,1228561,1308126,1300562,1269721,1215122,1243401,1265815
567,569,2013년,울산광역시,동구,총계,160016,136772,139086,139774,136482,141668,158557,143564,147113,146998,143007,153327
575,577,2013년,울산광역시,북구,총계,227110,204456,193320,187120,190975,201444,206815,154961,240276,203505,202712,220823
583,585,2013년,울산광역시,울주군,총계,916547,789362,862881,823652,860318,867952,855000,865308,876587,932794,857951,924283
591,593,2013년,울산광역시,중구,총계,64041,61692,52562,52866,49315,49653,54499,68825,60923,48709,50760,55799
599,601,2013년,경기도,가평군,총계,80038,74410,60597,53969,45354,39938,38804,44842,40766,39420,50528,61268
607,609,2013년,경기도,고양시,총계,463585,434094,371177,363959,323890,327981,351540,390226,358609,308346,340406,397860
615,617,2013년,경기도,과천시,총계,40042,36118,33145,32592,31463,32774,35413,38901,33438,30510,31762,35215
623,625,2013년,경기도,광명시,총계,118126,107685,95532,96181,89009,91127,97531,108738,94961,86576,91910,101743
631,633,2013년,경기도,광주시,총계,247814,233944,195558,191466,167199,160301,164188,173675,168063,153040,183528,213501
639,641,2013년,경기도,구리시,총계,74862,70168,59908,59192,54602,57884,62809,69284,63125,53361,56231,63521
647,649,2013년,경기도,군포시,총계,147544,134006,120103,119240,110895,113552,122679,130032,121152,108974,115621,128803
655,657,2013년,경기도,김포시,총계,298210,284539,245013,245480,218991,212200,212080,223925,219267,199382,240167,271575
663,665,2013년,경기도,남양주시,총계,286722,272893,230497,226537,201624,195847,203607,221002,212329,188611,212658,245854
671,673,2013년,경기도,동두천시,총계,69272,61068,53324,53602,47516,48274,52132,55596,52774,46322,50859,58397
679,681,2013년,경기도,부천시,총계,412539,384678,344509,346846,319808,330824,358143,429457,312021,306928,324364,362467
687,689,2013년,경기도,성남시,총계,451026,411444,371956,366471,352561,380841,418961,453348,394834,349373,362393,404926
695,697,2013년,경기도,수원시,총계,482354,451318,401473,401184,377346,397591,430865,473088,425963,375234,389720,436014
703,705,2013년,경기도,시흥시,총계,415569,382602,356997,356617,327036,325281,344041,350247,336384,315302,339876,374843
711,713,2013년,경기도,안산시,총계,767217,691375,694310,691759,672759,673078,712454,731933,692153,675106,678446,718589
719,721,2013년,경기도,안성시,총계,271036,251998,230271,222938,203267,198378,209106,215991,201587,191982,215872,240678
727,729,2013년,경기도,안양시,총계,246102,230603,204773,203632,188908,197406,215271,234835,214460,181910,197641,220385
735,737,2013년,경기도,양주시,총계,218372,204261,179422,180416,157178,150696,150917,154006,152645,142095,173155,196989
743,745,2013년,경기도,양평군,총계,122603,114765,91452,82551,65833,52767,50244,56554,54012,53219,76321,94571
751,753,2013년,경기도,여주군,총계,142851,135322,114607,108747,96939,89808,88686,94834,90985,87072,108743,0
759,761,2013년,경기도,연천군,총계,62630,59249,49383,47279,39398,36056,32732,36128,34742,34786,45555,52109
767,769,2013년,경기도,오산시,총계,118414,109311,102442,101676,95943,96584,101826,103444,102951,94632,97936,108291
775,777,2013년,경기도,용인시,총계,825508,764298,735782,724070,702798,702506,736791,763804,704180,664456,703003,770119
783,785,2013년,경기도,의왕시,총계,69111,65306,56553,56105,51174,51898,54453,59585,54477,48575,53122,59737
791,793,2013년,경기도,의정부시,총계,164131,154652,131563,128739,117188,120072,130289,143438,130954,111775,121287,139721
799,801,2013년,경기도,이천시,총계,400318,364635,356701,344090,333051,324685,346728,356648,328176,322115,341026,374563
807,809,2013년,경기도,파주시,총계,703704,649562,639328,622355,615692,605777,633200,656545,610838,596224,622101,669203
815,817,2013년,경기도,평택시,총계,665014,608839,605499,568986,570488,555130,581387,594132,552974,559736,576218,624771
823,825,2013년,경기도,포천시,총계,273799,264699,220328,224813,193810,178407,174913,180262,181122,169364,212581,243736
831,833,2013년,경기도,하남시,총계,108449,99171,89030,86623,80678,81303,85880,91396,84073,78840,84404,94567
839,841,2013년,경기도,화성시,총계,1254561,1158968,1123283,1111984,1064116,1067897,1127978,1145553,1080376,1055698,1118966,1217495
847,849,2013년,경기도,여주시,총계,0,0,0,0,0,0,0,0,0,0,0,123205
855,857,2013년,강원도,강릉시,총계,175826,162784,152232,163030,150799,143209,143543,152023,144818,152233,163598,179907
863,865,2013년,강원도,고성군,총계,30323,28966,24707,24575,21585,19594,19764,21834,20447,19255,22455,25707
871,873,2013년,강원도,동해시,총계,259420,230577,260006,264014,279243,255247,232257,234697,244095,238226,237244,250542
879,881,2013년,강원도,삼척시,총계,98081,93128,102993,105923,104438,100678,91332,97595,90971,94447,98542,106989
887,889,2013년,강원도,속초시,총계,48539,46262,39167,39173,34778,32405,33659,39303,34910,31873,36082,40238
895,897,2013년,강원도,양구군,총계,26672,25152,20273,19015,15370,12898,11703,12617,12711,13233,18748,21373
903,905,2013년,강원도,양양군,총계,29988,28283,24431,23482,20929,18951,18523,21185,19711,18400,21564,24156
911,913,2013년,강원도,영월군,총계,76145,70774,95020,89352,90657,84116,78332,74004,81324,82279,94088,90461
919,921,2013년,강원도,원주시,총계,245396,226300,197170,189638,167082,157489,161247,169539,160674,153624,180755,214796
927,929,2013년,강원도,인제군,총계,39112,37231,30431,29969,24920,21019,19067,21059,20424,21946,27921,33301
935,937,2013년,강원도,정선군,총계,68709,60844,56168,53165,49928,45110,41578,41825,41324,46075,51861,60399
943,945,2013년,강원도,철원군,총계,57183,56405,47105,38475,34892,30364,26027,28146,27356,27859,41584,47107
951,953,2013년,강원도,춘천시,총계,170268,161113,134376,130762,112779,107054,110438,117102,114985,104101,122170,145471
959,961,2013년,강원도,태백시,총계,36910,34371,29684,29492,27035,24022,23443,25099,23734,24846,28906,32107
967,969,2013년,강원도,평창군,총계,72759,66391,52139,47067,40481,33889,32885,36606,33546,37489,52652,65762
975,977,2013년,강원도,홍천군,총계,82659,77639,63650,58351,50409,45196,45325,49741,44265,43198,56475,68627
983,985,2013년,강원도,화천군,총계,30524,29112,22947,21593,17677,15058,14109,14978,14679,14964,19658,24457
991,993,2013년,강원도,횡성군,총계,63728,58864,49111,46652,38393,32836,32216,34711,33237,34277,45167,52516
999,1001,2013년,충청북도,괴산군,총계,52889,48365,42855,41081,35137,32056,33196,35759,32704,32196,38737,45153
1007,1009,2013년,충청북도,단양군,총계,101657,107925,134048,153563,152498,140222,122492,121159,129165,134499,155201,147845
1015,1017,2013년,충청북도,보은군,총계,33011,31140,26061,24666,21447,18782,18413,20799,19740,17889,23239,26542
1023,1025,2013년,충청북도,영동군,총계,44761,42516,37996,36318,32463,28956,28355,29981,30432,29133,33732,38669
1031,1033,2013년,충청북도,옥천군,총계,63500,59321,54120,94842,5120,43828,44284,46085,44923,42352,48631,53513
1039,1041,2013년,충청북도,음성군,총계,230679,214714,204902,200924,190535,187012,195097,194940,182464,185512,190418,231931
1047,1049,2013년,충청북도,제천시,총계,131832,127324,125122,120469,110033,101525,99879,100396,100585,105296,119161,133475
1055,1057,2013년,충청북도,증평군,총계,46479,43146,39738,38633,36986,37340,40165,40415,38770,36496,38479,43852
1063,1065,2013년,충청북도,진천군,총계,172225,156176,154172,150673,147592,143918,151262,149763,140214,142268,149470,156513
1071,1073,2013년,충청북도,청원군,총계,376180,340366,342257,334580,334068,337501,371223,370704,336122,338348,341362,367184
1079,1081,2013년,충청북도,청주시,총계,559106,508219,489232,476832,465533,466196,510207,535200,494772,563877,370297,517209
1087,1089,2013년,충청북도,충주시,총계,217874,199279,180558,176179,158389,150908,156169,164383,152959,150332,171430,195078
1095,1097,2013년,충청남도,계룡시,총계,22952,21316,18640,18293,16913,17615,19006,20331,17196,16590,18542,20249
1103,1105,2013년,충청남도,공주시,총계,109662,102466,90839,86831,77210,72837,73907,80270,74809,69231,81773,91281
1111,1113,2013년,충청남도,금산군,총계,95402,86795,82853,80293,74231,74400,77014,73030,71840,72855,82860,88791
1119,1121,2013년,충청남도,논산시,총계,130918,124188,113067,104278,93738,87860,89918,95587,89928,83576,100009,111133
1127,1129,2013년,충청남도,당진시,총계,889399,731722,894354,892460,927258,903216,914839,882701,951350,1049566,1049445,1059765
1135,1137,2013년,충청남도,보령시,총계,99743,95186,85006,85931,75954,71316,67765,79658,77805,74168,88718,88962
1143,1145,2013년,충청남도,부여군,총계,65078,61680,51746,47553,41825,39252,38691,43682,42411,37319,47318,52421
1151,1153,2013년,충청남도,서산시,총계,532675,489024,503018,470342,483073,501378,521842,530504,499655,521500,553679,566711
1159,1161,2013년,충청남도,서천군,총계,133114,122552,127816,117785,90451,82716,84055,85313,85368,85932,99196,117407
1167,1169,2013년,충청남도,아산시,총계,1038415,867922,960496,941249,952471,929923,985347,998036,938316,963186,953776,998914
1170,1172,2013년,충청남도,연기군,총계,5,5,5,2,2,2,3,4,4,3,3,3
1178,1180,2013년,충청남도,예산군,총계,90726,85438,76626,74163,66966,61750,61911,67184,63811,62184,74223,81212
1186,1188,2013년,충청남도,천안시,총계,736442,671997,665189,653889,636185,629341,670017,688144,639480,629730,645485,689120
1194,1196,2013년,충청남도,청양군,총계,30071,29206,25522,23048,20754,19394,18622,21614,21513,18955,24789,25353
1202,1204,2013년,충청남도,태안군,총계,55624,56210,45765,46407,44827,36785,31907,39642,40771,38115,52436,47685
1210,1212,2013년,충청남도,홍성군,총계,81349,76539,67360,65684,58046,53430,54118,61274,57555,53302,68439,71703
1218,1220,2013년,전라북도,고창군,총계,50812,48756,42085,41918,36016,33214,33668,37972,35397,32975,44030,56320
1226,1228,2013년,전라북도,군산시,총계,613972,579734,713228,714167,702879,689619,644465,554277,624285,693171,703686,726374
1234,1236,2013년,전라북도,김제시,총계,86933,83265,73197,72164,64596,60717,61619,69023,64369,58900,74159,81187
1242,1244,2013년,전라북도,남원시,총계,58003,55620,48457,47978,43479,40984,41318,47221,44230,39833,46520,56310
1250,1252,2013년,전라북도,무주군,총계,25178,23226,18309,15880,13749,12471,12529,14018,12898,12406,16699,21856
1258,1260,2013년,전라북도,부안군,총계,43577,42743,37812,37593,31718,29318,31573,37028,34495,29492,38990,40124
1266,1268,2013년,전라북도,순창군,총계,22668,21448,19429,18395,16675,16558,17064,19267,18201,16632,21087,20164
1274,1276,2013년,전라북도,완주군,총계,138673,126046,123181,118646,115512,113212,119961,119322,111337,118256,126548,138266
1282,1284,2013년,전라북도,익산시,총계,311702,291654,279475,275214,265081,258462,270479,279788,262865,244651,263859,285447
1290,1292,2013년,전라북도,임실군,총계,29054,27727,24647,22828,19504,17877,18548,20667,20791,19193,22164,24745
1298,1300,2013년,전라북도,장수군,총계,20849,20297,17073,15776,13444,11382,10433,11793,11939,12111,15276,19268
1306,1308,2013년,전라북도,전주시,총계,414422,388203,362016,356330,337268,330786,355824,381239,346036,327006,340952,378894
1314,1316,2013년,전라북도,정읍시,총계,120412,113445,109383,108054,100701,93243,101759,107761,101992,95762,109339,113451
1322,1324,2013년,전라북도,진안군,총계,19103,18782,16009,14968,12832,11592,11343,13183,13811,12235,14550,16579
1330,1332,2013년,전라남도,강진군,총계,25964,26418,22408,23236,20132,19047,19369,23864,22225,19276,25491,25048
1338,1340,2013년,전라남도,고흥군,총계,48735,47235,44287,42113,28477,26383,25769,33880,31464,26089,34533,37383
1346,1348,2013년,전라남도,곡성군,총계,39807,36358,37178,35776,34091,33272,33113,33540,31144,31434,33857,36794
1354,1356,2013년,전라남도,광양시,총계,501859,452504,563124,598957,633613,604290,466834,424024,454037,609962,592740,440494
1362,1364,2013년,전라남도,구례군,총계,16079,15596,13270,13217,11509,10493,10635,13128,11993,10569,12365,14277
1370,1372,2013년,전라남도,나주시,총계,86151,82569,75845,75473,70364,71343,73816,81469,77107,69836,74602,81769
1378,1380,2013년,전라남도,담양군,총계,49099,47383,41606,40186,36118,33790,34651,37995,35813,33726,38358,42986
1386,1388,2013년,전라남도,목포시,총계,95816,93531,80372,81800,72519,70764,75576,90913,84337,68821,72319,81267
1394,1396,2013년,전라남도,무안군,총계,48961,48068,43769,42772,37019,36183,39221,47964,43380,37981,49324,45699
1402,1404,2013년,전라남도,보성군,총계,26072,25738,21575,21425,19170,18068,18177,23212,21661,18468,22038,25210
1410,1412,2013년,전라남도,순천시,총계,168904,155451,142168,116503,166614,134986,141865,161685,138298,136991,140609,152989
1418,1420,2013년,전라남도,신안군,총계,23963,25272,22885,23541,18460,25310,15791,19276,19729,16738,21195,22182
1426,1428,2013년,전라남도,여수시,총계,979499,913451,980609,935700,1002076,1004068,1061135,1030037,1254761,1020088,969945,1048032
1434,1436,2013년,전라남도,영광군,총계,57336,58417,54047,57734,47162,47145,39724,45586,42961,46936,57030,54037
1442,1444,2013년,전라남도,영암군,총계,127389,107542,113618,108938,104221,108649,113031,107360,106109,105121,110622,120582
1450,1452,2013년,전라남도,완도군,총계,59058,60333,56951,67268,63239,60035,60917,71564,72143,68309,74073,64217
1458,1460,2013년,전라남도,장성군,총계,52989,54170,53229,52037,49723,45334,45747,48632,47094,46624,50665,52658
1466,1468,2013년,전라남도,장흥군,총계,32192,32683,29069,28297,20929,19390,19603,24865,22672,20093,25680,25858
1474,1476,2013년,전라남도,진도군,총계,24443,27243,24607,23953,20041,18520,17850,22670,21361,19966,23774,23068
1482,1484,2013년,전라남도,함평군,총계,30538,29761,26262,25792,22264,20810,22515,26720,25015,21933,29028,28658
1490,1492,2013년,전라남도,해남군,총계,71594,73702,72183,69322,48027,38456,38734,47068,41025,37206,52056,63240
1498,1500,2013년,전라남도,화순군,총계,50421,49224,42840,42001,37645,35129,36196,40268,37122,34349,39357,45668
1506,1508,2013년,경상북도,경산시,총계,257682,238056,223239,226620,215418,212861,219945,227330,213722,204114,220280,239664
1514,1516,2013년,경상북도,경주시,총계,369686,336921,311276,326652,293317,288443,313323,328552,309222,303443,326169,364487
1522,1524,2013년,경상북도,고령군,총계,103182,94189,99486,100150,96441,93344,92128,88575,87428,92128,97052,101111
1530,1532,2013년,경상북도,구미시,총계,908937,826823,863871,844389,879555,893502,964563,989891,905244,880458,848479,865033
1538,1540,2013년,경상북도,군위군,총계,30417,29421,26058,25658,23518,22355,22322,23959,24182,21919,25760,28400
1546,1548,2013년,경상북도,김천시,총계,177634,166511,163364,159846,156588,154044,160855,163038,153241,150287,161071,166863
1554,1556,2013년,경상북도,문경시,총계,61022,57992,51526,49247,44589,40947,42001,44596,43151,41339,47773,54136
1562,1564,2013년,경상북도,봉화군,총계,166387,155541,164068,155637,143244,150304,146550,137284,142297,140136,152252,158780
1570,1572,2013년,경상북도,상주시,총계,72653,69274,57225,52309,49516,45039,45174,54037,50440,44937,59353,60878
1578,1580,2013년,경상북도,성주군,총계,80151,75156,71473,72622,67607,65369,65268,67467,67267,63946,72445,78154
1586,1588,2013년,경상북도,안동시,총계,109237,102606,88134,84316,76429,72515,73727,82990,79205,71132,83786,97891
1594,1596,2013년,경상북도,영덕군,총계,30266,28477,23972,24065,21646,20916,20287,23927,22479,20043,23867,25812
1602,1604,2013년,경상북도,영양군,총계,12696,12581,10138,9253,7916,6510,5944,7066,9676,8023,8889,10342
1610,1612,2013년,경상북도,영주시,총계,118299,108603,102204,97178,91917,91085,92804,95390,94183,92887,104290,114125
1618,1620,2013년,경상북도,영천시,총계,132737,124931,114237,114608,105933,103778,106950,109684,106338,100408,111701,121670
1626,1628,2013년,경상북도,예천군,총계,32381,30891,25016,23691,21100,19871,18518,22460,21636,18204,25716,26879
1634,1636,2013년,경상북도,울릉군,총계,4578,4299,4048,4860,4684,4382,4221,5076,4348,4218,4804,4794
1642,1644,2013년,경상북도,울진군,총계,59531,43392,37288,39025,49363,44277,41088,41271,28926,50246,19757,35365
1650,1652,2013년,경상북도,의성군,총계,41364,39766,34329,33700,30931,31352,29365,34432,34982,27309,33935,37138
1658,1660,2013년,경상북도,청도군,총계,47002,43477,37142,35536,32773,31258,31805,36721,35328,32925,38747,43160
1666,1668,2013년,경상북도,청송군,총계,20421,19320,15864,15302,13458,12031,10983,12718,13733,11997,15023,17168
1674,1676,2013년,경상북도,칠곡군,총계,200633,180537,171295,169784,160845,161378,165949,170095,161106,154981,168097,178757
1682,1684,2013년,경상북도,포항시,총계,1011466,928980,1166751,1056774,1109708,1086227,1063096,995990,1077526,1133948,1155793,1256885
1690,1692,2013년,경상남도,거제시,총계,199996,181547,171177,166650,161272,164402,274422,101576,172176,162316,164962,185156
1698,1700,2013년,경상남도,거창군,총계,42339,40848,36259,34957,31220,29801,31129,33892,33053,30933,35314,39537
1706,1708,2013년,경상남도,고성군,총계,59480,56500,51450,51776,44910,41725,46584,48900,46748,45265,52551,58230
1714,1716,2013년,경상남도,김해시,총계,481182,460923,419443,422326,392963,387274,405882,421619,406851,370770,409014,446040
1722,1724,2013년,경상남도,남해군,총계,26266,25790,21512,21104,19339,19286,19113,23811,20893,18589,21173,22158
1730,1732,2013년,경상남도,밀양시,총계,120493,114260,98642,88395,77269,68336,70666,76180,69877,68700,78072,105535
1738,1740,2013년,경상남도,사천시,총계,114858,107714,102542,101896,97093,95582,103374,108302,101356,98430,102517,111593
1746,1748,2013년,경상남도,산청군,총계,29050,27879,22814,21033,18551,17492,17643,21814,20803,18266,22303,24676
1754,1756,2013년,경상남도,양산시,총계,304478,278144,273170,274316,267215,265364,280403,288349,271692,266788,278079,294973
1762,1764,2013년,경상남도,의령군,총계,40994,38025,36572,33935,31422,29917,31074,32664,30905,30409,32975,37149
1770,1772,2013년,경상남도,진주시,총계,257258,247209,214884,203364,184486,173929,178475,197578,182595,168449,191353,235231
1778,1780,2013년,경상남도,창녕군,총계,80055,78218,63591,64121,56446,52837,59272,64304,58538,54140,62596,77634
1786,1788,2013년,경상남도,창원시,총계,1036313,938801,944372,938402,877762,867771,928757,931862,892691,867647,882563,961721
1794,1796,2013년,경상남도,통영시,총계,122958,110711,101443,96846,91522,84682,92476,98085,87457,81839,84138,92221
1802,1804,2013년,경상남도,하동군,총계,32786,32756,26148,25339,24625,20377,20134,24425,23045,20710,26789,31069
1810,1812,2013년,경상남도,함안군,총계,221006,202363,216666,216313,204414,200131,204476,184472,192527,205715,216488,235713
1818,1820,2013년,경상남도,함양군,총계,25568,24689,20370,20008,18134,16742,17261,20514,20345,17381,20546,22728
1826,1828,2013년,경상남도,합천군,총계,37159,36651,31184,29536,25558,24186,24874,29096,27414,24119,29776,33299
