,연월,시도,고용률,연도,월
0,2010.01,서울특별시,57.6,2010,01
1,2010.02,서울특별시,57.8,2010,02
2,2010.03,서울특별시,58.3,2010,03
3,2010.04,서울특별시,59.2,2010,04
4,2010.05,서울특별시,60.0,2010,05
5,2010.06,서울특별시,59.8,2010,06
6,2010.07,서울특별시,60.1,2010,07
7,2010.08,서울특별시,59.5,2010,08
8,2010.09,서울특별시,59.4,2010,09
9,2010.10,서울특별시,59.6,2010,10
10,2010.11,서울특별시,59.7,2010,11
11,2010.12,서울특별시,59.8,2010,12
12,2011.01,서울특별시,58.8,2011,01
13,2011.02,서울특별시,59.2,2011,02
14,2011.03,서울특별시,59.6,2011,03
15,2011.04,서울특별시,60.1,2011,04
16,2011.05,서울특별시,60.7,2011,05
17,2011.06,서울특별시,61.0,2011,06
18,2011.07,서울특별시,60.9,2011,07
19,2011.08,서울특별시,60.3,2011,08
20,2011.09,서울특별시,59.7,2011,09
21,2011.10,서울특별시,60.3,2011,10
22,2011.11,서울특별시,60.3,2011,11
23,2011.12,서울특별시,59.7,2011,12
24,2012.01,서울특별시,59.1,2012,01
25,2012.02,서울특별시,59.2,2012,02
26,2012.03,서울특별시,59.7,2012,03
27,2012.04,서울특별시,60.4,2012,04
28,2012.05,서울특별시,61.0,2012,05
29,2012.06,서울특별시,60.8,2012,06
30,2012.07,서울특별시,60.6,2012,07
31,2012.08,서울특별시,59.7,2012,08
32,2012.09,서울특별시,59.9,2012,09
33,2012.10,서울특별시,59.7,2012,10
34,2012.11,서울특별시,59.5,2012,11
35,2012.12,서울특별시,59.3,2012,12
36,2013.01,서울특별시,59.1,2013,01
37,2013.02,서울특별시,58.7,2013,02
38,2013.03,서울특별시,58.8,2013,03
39,2013.04,서울특별시,59.6,2013,04
40,2013.05,서울특별시,60.0,2013,05
41,2013.06,서울특별시,60.2,2013,06
42,2013.07,서울특별시,60.2,2013,07
43,2013.08,서울특별시,59.7,2013,08
44,2013.09,서울특별시,60.3,2013,09
45,2013.10,서울특별시,60.6,2013,10
46,2013.11,서울특별시,60.7,2013,11
47,2013.12,서울특별시,60.8,2013,12
48,2014.01,서울특별시,60.1,2014,01
49,2014.02,서울특별시,60.3,2014,02
50,2014.03,서울특별시,60.3,2014,03
51,2014.04,서울특별시,60.5,2014,04
52,2014.05,서울특별시,60.4,2014,05
53,2014.06,서울특별시,60.4,2014,06
54,2014.07,서울특별시,60.6,2014,07
55,2014.08,서울특별시,60.4,2014,08
56,2014.09,서울특별시,60.5,2014,09
57,2014.10,서울특별시,60.6,2014,10
58,2014.11,서울특별시,61.0,2014,11
59,2014.12,서울특별시,60.6,2014,12
60,2015.01,서울특별시,60.0,2015,01
61,2015.02,서울특별시,59.7,2015,02
62,2015.03,서울특별시,59.5,2015,03
63,2015.04,서울특별시,59.6,2015,04
64,2015.05,서울특별시,60.3,2015,05
65,2015.06,서울특별시,59.8,2015,06
66,2015.07,서울특별시,60.3,2015,07
67,2015.08,서울특별시,60.3,2015,08
68,2015.09,서울특별시,60.0,2015,09
69,2015.10,서울특별시,59.9,2015,10
70,2015.11,서울특별시,60.2,2015,11
71,2015.12,서울특별시,60.1,2015,12
72,2016.01,서울특별시,59.7,2016,01
73,2016.02,서울특별시,59.3,2016,02
74,2016.03,서울특별시,58.8,2016,03
75,2016.04,서울특별시,59.3,2016,04
76,2016.05,서울특별시,60.2,2016,05
77,2016.06,서울특별시,60.4,2016,06
78,2016.07,서울특별시,60.4,2016,07
79,2016.08,서울특별시,60.0,2016,08
80,2016.09,서울특별시,60.2,2016,09
81,2016.10,서울특별시,60.5,2016,10
82,2016.11,서울특별시,60.5,2016,11
83,2016.12,서울특별시,60.3,2016,12
84,2017.01,서울특별시,59.4,2017,01
85,2017.02,서울특별시,59.7,2017,02
86,2017.03,서울특별시,59.7,2017,03
87,2017.04,서울특별시,59.9,2017,04
88,2017.05,서울특별시,60.5,2017,05
89,2017.06,서울특별시,60.8,2017,06
90,2017.07,서울특별시,61.0,2017,07
91,2017.08,서울특별시,60.6,2017,08
92,2017.09,서울특별시,60.4,2017,09
93,2017.10,서울특별시,60.4,2017,10
94,2017.11,서울특별시,60.3,2017,11
95,2017.12,서울특별시,59.9,2017,12
96,2018.01,서울특별시,59.8,2018,01
97,2018.02,서울특별시,59.3,2018,02
98,2018.03,서울특별시,59.6,2018,03
99,2018.04,서울특별시,59.7,2018,04
100,2018.05,서울특별시,59.7,2018,05
101,2018.06,서울특별시,60.1,2018,06
102,2018.07,서울특별시,59.9,2018,07
103,2018.08,서울특별시,59.5,2018,08
104,2018.09,서울특별시,59.3,2018,09
105,2018.10,서울특별시,59.4,2018,10
106,2018.11,서울특별시,59.9,2018,11
107,2018.12,서울특별시,59.3,2018,12
108,2019.01,서울특별시,58.7,2019,01
109,2019.02,서울특별시,58.4,2019,02
110,2019.03,서울특별시,58.7,2019,03
111,2019.04,서울특별시,59.6,2019,04
112,2019.05,서울특별시,60.3,2019,05
113,2019.06,서울특별시,60.6,2019,06
114,2019.07,서울특별시,60.8,2019,07
115,2019.08,서울특별시,60.6,2019,08
116,2019.09,서울특별시,60.8,2019,09
117,2019.10,서울특별시,60.7,2019,10
118,2019.11,서울특별시,60.5,2019,11
119,2019.12,서울특별시,60.4,2019,12
120,2020.01,서울특별시,60.0,2020,01
121,2020.02,서울특별시,60.1,2020,02
122,2020.03,서울특별시,59.0,2020,03
123,2020.04,서울특별시,58.6,2020,04
124,2020.05,서울특별시,59.1,2020,05
125,2020.06,서울특별시,59.2,2020,06
126,2020.07,서울특별시,59.5,2020,07
127,2020.08,서울특별시,59.6,2020,08
128,2020.09,서울특별시,58.9,2020,09
129,2020.10,서울특별시,59.2,2020,10
130,2020.11,서울특별시,59.8,2020,11
131,2020.12,서울특별시,58.8,2020,12
132,2021.01,서울특별시,57.3,2021,01
133,2021.02,서울특별시,57.9,2021,02
134,2021.03,서울특별시,59.1,2021,03
135,2021.04,서울특별시,59.2,2021,04
136,2021.05,서울특별시,59.6,2021,05
137,2021.06,서울특별시,59.7,2021,06
138,2021.07,서울특별시,59.6,2021,07
139,2021.08,서울특별시,59.2,2021,08
140,2021.09,서울특별시,59.7,2021,09
141,2021.10,서울특별시,59.5,2021,10
142,2021.11,서울특별시,59.9,2021,11
143,2021.12,서울특별시,60.2,2021,12
144,2022.01,서울특별시,59.0,2022,01
145,2022.02,서울특별시,59.7,2022,02
146,2022.03,서울특별시,59.8,2022,03
147,2022.04,서울특별시,60.4,2022,04
148,2022.05,서울특별시,60.8,2022,05
149,2022.06,서울특별시,60.8,2022,06
150,2022.07,서울특별시,60.9,2022,07
151,2022.08,서울특별시,60.7,2022,08
152,2022.09,서울특별시,60.7,2022,09
153,2022.10,서울특별시,60.5,2022,10
154,2022.11,서울특별시,60.8,2022,11
155,2022.12,서울특별시,60.8,2022,12
156,2010.01,부산광역시,54.1,2010,01
157,2010.02,부산광역시,53.9,2010,02
158,2010.03,부산광역시,54.3,2010,03
159,2010.04,부산광역시,54.5,2010,04
160,2010.05,부산광역시,55.5,2010,05
161,2010.06,부산광역시,55.0,2010,06
162,2010.07,부산광역시,55.0,2010,07
163,2010.08,부산광역시,54.1,2010,08
164,2010.09,부산광역시,53.7,2010,09
165,2010.10,부산광역시,53.8,2010,10
166,2010.11,부산광역시,54.0,2010,11
167,2010.12,부산광역시,53.8,2010,12
168,2011.01,부산광역시,52.9,2011,01
169,2011.02,부산광역시,52.9,2011,02
170,2011.03,부산광역시,53.5,2011,03
171,2011.04,부산광역시,53.8,2011,04
172,2011.05,부산광역시,54.4,2011,05
173,2011.06,부산광역시,55.0,2011,06
174,2011.07,부산광역시,55.5,2011,07
175,2011.08,부산광역시,55.1,2011,08
176,2011.09,부산광역시,54.1,2011,09
177,2011.10,부산광역시,55.7,2011,10
178,2011.11,부산광역시,55.7,2011,11
179,2011.12,부산광역시,55.4,2011,12
180,2012.01,부산광역시,55.2,2012,01
181,2012.02,부산광역시,55.0,2012,02
182,2012.03,부산광역시,55.7,2012,03
183,2012.04,부산광역시,55.7,2012,04
184,2012.05,부산광역시,56.3,2012,05
185,2012.06,부산광역시,56.7,2012,06
186,2012.07,부산광역시,56.6,2012,07
187,2012.08,부산광역시,55.9,2012,08
188,2012.09,부산광역시,56.0,2012,09
189,2012.10,부산광역시,55.7,2012,10
190,2012.11,부산광역시,55.8,2012,11
191,2012.12,부산광역시,56.0,2012,12
192,2013.01,부산광역시,56.1,2013,01
193,2013.02,부산광역시,55.3,2013,02
194,2013.03,부산광역시,55.7,2013,03
195,2013.04,부산광역시,56.6,2013,04
196,2013.05,부산광역시,56.8,2013,05
197,2013.06,부산광역시,56.8,2013,06
198,2013.07,부산광역시,56.5,2013,07
199,2013.08,부산광역시,55.9,2013,08
200,2013.09,부산광역시,56.1,2013,09
201,2013.10,부산광역시,55.9,2013,10
202,2013.11,부산광역시,56.4,2013,11
203,2013.12,부산광역시,55.6,2013,12
204,2014.01,부산광역시,55.4,2014,01
205,2014.02,부산광역시,55.1,2014,02
206,2014.03,부산광역시,55.3,2014,03
207,2014.04,부산광역시,56.5,2014,04
208,2014.05,부산광역시,57.2,2014,05
209,2014.06,부산광역시,57.4,2014,06
210,2014.07,부산광역시,58.0,2014,07
211,2014.08,부산광역시,57.9,2014,08
212,2014.09,부산광역시,57.3,2014,09
213,2014.10,부산광역시,57.2,2014,10
214,2014.11,부산광역시,57.1,2014,11
215,2014.12,부산광역시,56.5,2014,12
216,2015.01,부산광역시,55.9,2015,01
217,2015.02,부산광역시,56.1,2015,02
218,2015.03,부산광역시,55.9,2015,03
219,2015.04,부산광역시,56.3,2015,04
220,2015.05,부산광역시,56.4,2015,05
221,2015.06,부산광역시,56.4,2015,06
222,2015.07,부산광역시,56.6,2015,07
223,2015.08,부산광역시,55.9,2015,08
224,2015.09,부산광역시,56.4,2015,09
225,2015.10,부산광역시,56.6,2015,10
226,2015.11,부산광역시,56.7,2015,11
227,2015.12,부산광역시,56.2,2015,12
228,2016.01,부산광역시,55.8,2016,01
229,2016.02,부산광역시,56.0,2016,02
230,2016.03,부산광역시,55.9,2016,03
231,2016.04,부산광역시,56.5,2016,04
232,2016.05,부산광역시,56.2,2016,05
233,2016.06,부산광역시,56.3,2016,06
234,2016.07,부산광역시,56.4,2016,07
235,2016.08,부산광역시,56.2,2016,08
236,2016.09,부산광역시,56.0,2016,09
237,2016.10,부산광역시,56.1,2016,10
238,2016.11,부산광역시,56.6,2016,11
239,2016.12,부산광역시,56.1,2016,12
240,2017.01,부산광역시,55.5,2017,01
241,2017.02,부산광역시,55.9,2017,02
242,2017.03,부산광역시,56.2,2017,03
243,2017.04,부산광역시,56.4,2017,04
244,2017.05,부산광역시,57.0,2017,05
245,2017.06,부산광역시,57.0,2017,06
246,2017.07,부산광역시,56.7,2017,07
247,2017.08,부산광역시,56.4,2017,08
248,2017.09,부산광역시,56.2,2017,09
249,2017.10,부산광역시,56.3,2017,10
250,2017.11,부산광역시,56.1,2017,11
251,2017.12,부산광역시,56.1,2017,12
252,2018.01,부산광역시,55.3,2018,01
253,2018.02,부산광역시,54.9,2018,02
254,2018.03,부산광역시,55.6,2018,03
255,2018.04,부산광역시,55.5,2018,04
256,2018.05,부산광역시,55.7,2018,05
257,2018.06,부산광역시,56.3,2018,06
258,2018.07,부산광역시,55.6,2018,07
259,2018.08,부산광역시,55.1,2018,08
260,2018.09,부산광역시,55.4,2018,09
261,2018.10,부산광역시,56.5,2018,10
262,2018.11,부산광역시,56.7,2018,11
263,2018.12,부산광역시,55.8,2018,12
264,2019.01,부산광역시,54.9,2019,01
265,2019.02,부산광역시,55.3,2019,02
266,2019.03,부산광역시,56.0,2019,03
267,2019.04,부산광역시,56.1,2019,04
268,2019.05,부산광역시,56.6,2019,05
269,2019.06,부산광역시,56.7,2019,06
270,2019.07,부산광역시,57.3,2019,07
271,2019.08,부산광역시,57.0,2019,08
272,2019.09,부산광역시,57.2,2019,09
273,2019.10,부산광역시,57.6,2019,10
274,2019.11,부산광역시,57.5,2019,11
275,2019.12,부산광역시,57.0,2019,12
276,2020.01,부산광역시,56.2,2020,01
277,2020.02,부산광역시,55.9,2020,02
278,2020.03,부산광역시,55.7,2020,03
279,2020.04,부산광역시,54.3,2020,04
280,2020.05,부산광역시,54.6,2020,05
281,2020.06,부산광역시,55.4,2020,06
282,2020.07,부산광역시,55.6,2020,07
283,2020.08,부산광역시,55.8,2020,08
284,2020.09,부산광역시,55.8,2020,09
285,2020.10,부산광역시,56.1,2020,10
286,2020.11,부산광역시,56.4,2020,11
287,2020.12,부산광역시,55.5,2020,12
288,2021.01,부산광역시,54.1,2021,01
289,2021.02,부산광역시,54.8,2021,02
290,2021.03,부산광역시,55.7,2021,03
291,2021.04,부산광역시,56.2,2021,04
292,2021.05,부산광역시,56.7,2021,05
293,2021.06,부산광역시,56.9,2021,06
294,2021.07,부산광역시,57.1,2021,07
295,2021.08,부산광역시,57.3,2021,08
296,2021.09,부산광역시,56.6,2021,09
297,2021.10,부산광역시,56.5,2021,10
298,2021.11,부산광역시,56.6,2021,11
299,2021.12,부산광역시,55.8,2021,12
300,2022.01,부산광역시,55.1,2022,01
301,2022.02,부산광역시,56.3,2022,02
302,2022.03,부산광역시,56.2,2022,03
303,2022.04,부산광역시,56.5,2022,04
304,2022.05,부산광역시,57.5,2022,05
305,2022.06,부산광역시,57.4,2022,06
306,2022.07,부산광역시,57.5,2022,07
307,2022.08,부산광역시,58.0,2022,08
308,2022.09,부산광역시,57.8,2022,09
309,2022.10,부산광역시,57.7,2022,10
310,2022.11,부산광역시,57.8,2022,11
311,2022.12,부산광역시,57.6,2022,12
312,2010.01,대구광역시,55.6,2010,01
313,2010.02,대구광역시,55.5,2010,02
314,2010.03,대구광역시,56.9,2010,03
315,2010.04,대구광역시,57.6,2010,04
316,2010.05,대구광역시,57.9,2010,05
317,2010.06,대구광역시,58.1,2010,06
318,2010.07,대구광역시,57.7,2010,07
319,2010.08,대구광역시,56.8,2010,08
320,2010.09,대구광역시,56.8,2010,09
321,2010.10,대구광역시,56.9,2010,10
322,2010.11,대구광역시,57.4,2010,11
323,2010.12,대구광역시,56.7,2010,12
324,2011.01,대구광역시,56.0,2011,01
325,2011.02,대구광역시,55.3,2011,02
326,2011.03,대구광역시,56.1,2011,03
327,2011.04,대구광역시,56.9,2011,04
328,2011.05,대구광역시,56.6,2011,05
329,2011.06,대구광역시,57.0,2011,06
330,2011.07,대구광역시,57.2,2011,07
331,2011.08,대구광역시,56.2,2011,08
332,2011.09,대구광역시,56.6,2011,09
333,2011.10,대구광역시,58.1,2011,10
334,2011.11,대구광역시,58.1,2011,11
335,2011.12,대구광역시,57.7,2011,12
336,2012.01,대구광역시,57.9,2012,01
337,2012.02,대구광역시,57.2,2012,02
338,2012.03,대구광역시,57.4,2012,03
339,2012.04,대구광역시,58.3,2012,04
340,2012.05,대구광역시,59.1,2012,05
341,2012.06,대구광역시,59.2,2012,06
342,2012.07,대구광역시,59.4,2012,07
343,2012.08,대구광역시,58.6,2012,08
344,2012.09,대구광역시,58.4,2012,09
345,2012.10,대구광역시,58.4,2012,10
346,2012.11,대구광역시,58.3,2012,11
347,2012.12,대구광역시,58.3,2012,12
348,2013.01,대구광역시,58.1,2013,01
349,2013.02,대구광역시,57.2,2013,02
350,2013.03,대구광역시,57.7,2013,03
351,2013.04,대구광역시,58.0,2013,04
352,2013.05,대구광역시,58.0,2013,05
353,2013.06,대구광역시,58.2,2013,06
354,2013.07,대구광역시,58.1,2013,07
355,2013.08,대구광역시,57.4,2013,08
356,2013.09,대구광역시,57.4,2013,09
357,2013.10,대구광역시,58.1,2013,10
358,2013.11,대구광역시,58.5,2013,11
359,2013.12,대구광역시,58.4,2013,12
360,2014.01,대구광역시,58.0,2014,01
361,2014.02,대구광역시,57.8,2014,02
362,2014.03,대구광역시,58.1,2014,03
363,2014.04,대구광역시,58.6,2014,04
364,2014.05,대구광역시,58.7,2014,05
365,2014.06,대구광역시,58.9,2014,06
366,2014.07,대구광역시,59.0,2014,07
367,2014.08,대구광역시,59.4,2014,08
368,2014.09,대구광역시,59.1,2014,09
369,2014.10,대구광역시,58.8,2014,10
370,2014.11,대구광역시,59.0,2014,11
371,2014.12,대구광역시,59.0,2014,12
372,2015.01,대구광역시,58.6,2015,01
373,2015.02,대구광역시,58.7,2015,02
374,2015.03,대구광역시,58.9,2015,03
375,2015.04,대구광역시,59.1,2015,04
376,2015.05,대구광역시,60.1,2015,05
377,2015.06,대구광역시,60.7,2015,06
378,2015.07,대구광역시,60.1,2015,07
379,2015.08,대구광역시,59.2,2015,08
380,2015.09,대구광역시,59.5,2015,09
381,2015.10,대구광역시,59.5,2015,10
382,2015.11,대구광역시,59.5,2015,11
383,2015.12,대구광역시,59.6,2015,12
384,2016.01,대구광역시,58.6,2016,01
385,2016.02,대구광역시,57.5,2016,02
386,2016.03,대구광역시,58.3,2016,03
387,2016.04,대구광역시,58.9,2016,04
388,2016.05,대구광역시,60.0,2016,05
389,2016.06,대구광역시,59.9,2016,06
390,2016.07,대구광역시,60.2,2016,07
391,2016.08,대구광역시,60.1,2016,08
392,2016.09,대구광역시,59.9,2016,09
393,2016.10,대구광역시,59.6,2016,10
394,2016.11,대구광역시,59.7,2016,11
395,2016.12,대구광역시,59.1,2016,12
396,2017.01,대구광역시,58.5,2017,01
397,2017.02,대구광역시,58.4,2017,02
398,2017.03,대구광역시,59.1,2017,03
399,2017.04,대구광역시,59.3,2017,04
400,2017.05,대구광역시,59.3,2017,05
401,2017.06,대구광역시,59.4,2017,06
402,2017.07,대구광역시,59.6,2017,07
403,2017.08,대구광역시,58.4,2017,08
404,2017.09,대구광역시,58.7,2017,09
405,2017.10,대구광역시,58.0,2017,10
406,2017.11,대구광역시,58.6,2017,11
407,2017.12,대구광역시,58.2,2017,12
408,2018.01,대구광역시,56.6,2018,01
409,2018.02,대구광역시,56.6,2018,02
410,2018.03,대구광역시,56.9,2018,03
411,2018.04,대구광역시,58.1,2018,04
412,2018.05,대구광역시,58.7,2018,05
413,2018.06,대구광역시,59.0,2018,06
414,2018.07,대구광역시,59.3,2018,07
415,2018.08,대구광역시,58.6,2018,08
416,2018.09,대구광역시,58.6,2018,09
417,2018.10,대구광역시,59.1,2018,10
418,2018.11,대구광역시,58.8,2018,11
419,2018.12,대구광역시,58.3,2018,12
420,2019.01,대구광역시,57.1,2019,01
421,2019.02,대구광역시,56.9,2019,02
422,2019.03,대구광역시,57.6,2019,03
423,2019.04,대구광역시,57.9,2019,04
424,2019.05,대구광역시,58.4,2019,05
425,2019.06,대구광역시,58.6,2019,06
426,2019.07,대구광역시,58.3,2019,07
427,2019.08,대구광역시,58.4,2019,08
428,2019.09,대구광역시,58.3,2019,09
429,2019.10,대구광역시,58.1,2019,10
430,2019.11,대구광역시,58.3,2019,11
431,2019.12,대구광역시,57.4,2019,12
432,2020.01,대구광역시,56.7,2020,01
433,2020.02,대구광역시,56.8,2020,02
434,2020.03,대구광역시,53.6,2020,03
435,2020.04,대구광역시,54.0,2020,04
436,2020.05,대구광역시,55.9,2020,05
437,2020.06,대구광역시,56.9,2020,06
438,2020.07,대구광역시,57.1,2020,07
439,2020.08,대구광역시,57.6,2020,08
440,2020.09,대구광역시,57.7,2020,09
441,2020.10,대구광역시,57.7,2020,10
442,2020.11,대구광역시,58.3,2020,11
443,2020.12,대구광역시,57.5,2020,12
444,2021.01,대구광역시,55.5,2021,01
445,2021.02,대구광역시,56.5,2021,02
446,2021.03,대구광역시,58.0,2021,03
447,2021.04,대구광역시,58.2,2021,04
448,2021.05,대구광역시,59.1,2021,05
449,2021.06,대구광역시,59.0,2021,06
450,2021.07,대구광역시,59.0,2021,07
451,2021.08,대구광역시,58.7,2021,08
452,2021.09,대구광역시,59.0,2021,09
453,2021.10,대구광역시,59.0,2021,10
454,2021.11,대구광역시,59.0,2021,11
455,2021.12,대구광역시,58.0,2021,12
456,2022.01,대구광역시,57.7,2022,01
457,2022.02,대구광역시,58.2,2022,02
458,2022.03,대구광역시,58.9,2022,03
459,2022.04,대구광역시,58.9,2022,04
460,2022.05,대구광역시,59.7,2022,05
461,2022.06,대구광역시,59.4,2022,06
462,2022.07,대구광역시,59.8,2022,07
463,2022.08,대구광역시,59.7,2022,08
464,2022.09,대구광역시,59.7,2022,09
465,2022.10,대구광역시,59.5,2022,10
466,2022.11,대구광역시,59.3,2022,11
467,2022.12,대구광역시,58.5,2022,12
468,2010.01,인천광역시,57.9,2010,01
469,2010.02,인천광역시,57.7,2010,02
470,2010.03,인천광역시,58.6,2010,03
471,2010.04,인천광역시,59.9,2010,04
472,2010.05,인천광역시,60.6,2010,05
473,2010.06,인천광역시,60.3,2010,06
474,2010.07,인천광역시,61.3,2010,07
475,2010.08,인천광역시,59.8,2010,08
476,2010.09,인천광역시,59.7,2010,09
477,2010.10,인천광역시,60.0,2010,10
478,2010.11,인천광역시,60.5,2010,11
479,2010.12,인천광역시,59.5,2010,12
480,2011.01,인천광역시,58.2,2011,01
481,2011.02,인천광역시,58.0,2011,02
482,2011.03,인천광역시,59.0,2011,03
483,2011.04,인천광역시,60.4,2011,04
484,2011.05,인천광역시,61.7,2011,05
485,2011.06,인천광역시,61.8,2011,06
486,2011.07,인천광역시,61.5,2011,07
487,2011.08,인천광역시,61.4,2011,08
488,2011.09,인천광역시,60.7,2011,09
489,2011.10,인천광역시,61.8,2011,10
490,2011.11,인천광역시,61.8,2011,11
491,2011.12,인천광역시,61.6,2011,12
492,2012.01,인천광역시,59.8,2012,01
493,2012.02,인천광역시,59.7,2012,02
494,2012.03,인천광역시,61.3,2012,03
495,2012.04,인천광역시,62.2,2012,04
496,2012.05,인천광역시,62.4,2012,05
497,2012.06,인천광역시,62.5,2012,06
498,2012.07,인천광역시,62.5,2012,07
499,2012.08,인천광역시,61.5,2012,08
500,2012.09,인천광역시,61.7,2012,09
501,2012.10,인천광역시,62.2,2012,10
502,2012.11,인천광역시,62.2,2012,11
503,2012.12,인천광역시,60.8,2012,12
504,2013.01,인천광역시,59.3,2013,01
505,2013.02,인천광역시,59.1,2013,02
506,2013.03,인천광역시,60.9,2013,03
507,2013.04,인천광역시,61.7,2013,04
508,2013.05,인천광역시,61.9,2013,05
509,2013.06,인천광역시,62.3,2013,06
510,2013.07,인천광역시,61.7,2013,07
511,2013.08,인천광역시,61.8,2013,08
512,2013.09,인천광역시,62.1,2013,09
513,2013.10,인천광역시,62.2,2013,10
514,2013.11,인천광역시,61.3,2013,11
515,2013.12,인천광역시,61.0,2013,12
516,2014.01,인천광역시,60.1,2014,01
517,2014.02,인천광역시,60.1,2014,02
518,2014.03,인천광역시,60.9,2014,03
519,2014.04,인천광역시,62.1,2014,04
520,2014.05,인천광역시,62.3,2014,05
521,2014.06,인천광역시,62.3,2014,06
522,2014.07,인천광역시,62.4,2014,07
523,2014.08,인천광역시,61.8,2014,08
524,2014.09,인천광역시,61.9,2014,09
525,2014.10,인천광역시,61.1,2014,10
526,2014.11,인천광역시,60.9,2014,11
527,2014.12,인천광역시,59.6,2014,12
528,2015.01,인천광역시,59.6,2015,01
529,2015.02,인천광역시,59.3,2015,02
530,2015.03,인천광역시,60.3,2015,03
531,2015.04,인천광역시,61.1,2015,04
532,2015.05,인천광역시,61.7,2015,05
533,2015.06,인천광역시,61.7,2015,06
534,2015.07,인천광역시,61.7,2015,07
535,2015.08,인천광역시,61.3,2015,08
536,2015.09,인천광역시,61.8,2015,09
537,2015.10,인천광역시,61.7,2015,10
538,2015.11,인천광역시,62.1,2015,11
539,2015.12,인천광역시,61.3,2015,12
540,2016.01,인천광역시,61.1,2016,01
541,2016.02,인천광역시,60.6,2016,02
542,2016.03,인천광역시,61.3,2016,03
543,2016.04,인천광역시,62.0,2016,04
544,2016.05,인천광역시,62.6,2016,05
545,2016.06,인천광역시,62.1,2016,06
546,2016.07,인천광역시,62.9,2016,07
547,2016.08,인천광역시,62.3,2016,08
548,2016.09,인천광역시,61.8,2016,09
549,2016.10,인천광역시,61.9,2016,10
550,2016.11,인천광역시,61.7,2016,11
551,2016.12,인천광역시,61.1,2016,12
552,2017.01,인천광역시,60.2,2017,01
553,2017.02,인천광역시,60.7,2017,02
554,2017.03,인천광역시,61.3,2017,03
555,2017.04,인천광역시,61.4,2017,04
556,2017.05,인천광역시,62.4,2017,05
557,2017.06,인천광역시,62.3,2017,06
558,2017.07,인천광역시,62.2,2017,07
559,2017.08,인천광역시,61.2,2017,08
560,2017.09,인천광역시,61.9,2017,09
561,2017.10,인천광역시,62.6,2017,10
562,2017.11,인천광역시,62.1,2017,11
563,2017.12,인천광역시,61.7,2017,12
564,2018.01,인천광역시,61.6,2018,01
565,2018.02,인천광역시,61.9,2018,02
566,2018.03,인천광역시,62.8,2018,03
567,2018.04,인천광역시,62.5,2018,04
568,2018.05,인천광역시,63.5,2018,05
569,2018.06,인천광역시,63.8,2018,06
570,2018.07,인천광역시,63.6,2018,07
571,2018.08,인천광역시,62.7,2018,08
572,2018.09,인천광역시,62.9,2018,09
573,2018.10,인천광역시,63.0,2018,10
574,2018.11,인천광역시,63.3,2018,11
575,2018.12,인천광역시,63.1,2018,12
576,2019.01,인천광역시,61.5,2019,01
577,2019.02,인천광역시,61.7,2019,02
578,2019.03,인천광역시,62.3,2019,03
579,2019.04,인천광역시,62.7,2019,04
580,2019.05,인천광역시,63.1,2019,05
581,2019.06,인천광역시,63.2,2019,06
582,2019.07,인천광역시,62.5,2019,07
583,2019.08,인천광역시,62.5,2019,08
584,2019.09,인천광역시,62.9,2019,09
585,2019.10,인천광역시,62.5,2019,10
586,2019.11,인천광역시,62.8,2019,11
587,2019.12,인천광역시,62.4,2019,12
588,2020.01,인천광역시,61.1,2020,01
589,2020.02,인천광역시,61.6,2020,02
590,2020.03,인천광역시,60.6,2020,03
591,2020.04,인천광역시,60.8,2020,04
592,2020.05,인천광역시,61.8,2020,05
593,2020.06,인천광역시,61.6,2020,06
594,2020.07,인천광역시,61.8,2020,07
595,2020.08,인천광역시,61.9,2020,08
596,2020.09,인천광역시,61.3,2020,09
597,2020.10,인천광역시,61.3,2020,10
598,2020.11,인천광역시,61.8,2020,11
599,2020.12,인천광역시,60.1,2020,12
600,2021.01,인천광역시,59.0,2021,01
601,2021.02,인천광역시,60.4,2021,02
602,2021.03,인천광역시,60.8,2021,03
603,2021.04,인천광역시,61.3,2021,04
604,2021.05,인천광역시,62.2,2021,05
605,2021.06,인천광역시,62.0,2021,06
606,2021.07,인천광역시,61.5,2021,07
607,2021.08,인천광역시,61.9,2021,08
608,2021.09,인천광역시,62.1,2021,09
609,2021.10,인천광역시,61.9,2021,10
610,2021.11,인천광역시,62.4,2021,11
611,2021.12,인천광역시,60.4,2021,12
612,2022.01,인천광역시,59.8,2022,01
613,2022.02,인천광역시,61.6,2022,02
614,2022.03,인천광역시,61.7,2022,03
615,2022.04,인천광역시,62.0,2022,04
616,2022.05,인천광역시,63.0,2022,05
617,2022.06,인천광역시,63.4,2022,06
618,2022.07,인천광역시,63.6,2022,07
619,2022.08,인천광역시,63.3,2022,08
620,2022.09,인천광역시,63.6,2022,09
621,2022.10,인천광역시,63.6,2022,10
622,2022.11,인천광역시,63.9,2022,11
623,2022.12,인천광역시,62.5,2022,12
624,2010.01,광주광역시,55.7,2010,01
625,2010.02,광주광역시,56.0,2010,02
626,2010.03,광주광역시,57.3,2010,03
627,2010.04,광주광역시,57.4,2010,04
628,2010.05,광주광역시,58.4,2010,05
629,2010.06,광주광역시,58.1,2010,06
630,2010.07,광주광역시,57.7,2010,07
631,2010.08,광주광역시,56.7,2010,08
632,2010.09,광주광역시,57.1,2010,09
633,2010.10,광주광역시,56.4,2010,10
634,2010.11,광주광역시,56.1,2010,11
635,2010.12,광주광역시,56.2,2010,12
636,2011.01,광주광역시,55.0,2011,01
637,2011.02,광주광역시,54.3,2011,02
638,2011.03,광주광역시,55.1,2011,03
639,2011.04,광주광역시,56.3,2011,04
640,2011.05,광주광역시,57.4,2011,05
641,2011.06,광주광역시,58.1,2011,06
642,2011.07,광주광역시,57.3,2011,07
643,2011.08,광주광역시,57.1,2011,08
644,2011.09,광주광역시,57.6,2011,09
645,2011.10,광주광역시,57.5,2011,10
646,2011.11,광주광역시,57.2,2011,11
647,2011.12,광주광역시,56.5,2011,12
648,2012.01,광주광역시,55.5,2012,01
649,2012.02,광주광역시,55.8,2012,02
650,2012.03,광주광역시,55.7,2012,03
651,2012.04,광주광역시,56.7,2012,04
652,2012.05,광주광역시,56.8,2012,05
653,2012.06,광주광역시,56.6,2012,06
654,2012.07,광주광역시,56.6,2012,07
655,2012.08,광주광역시,56.5,2012,08
656,2012.09,광주광역시,56.8,2012,09
657,2012.10,광주광역시,56.6,2012,10
658,2012.11,광주광역시,56.6,2012,11
659,2012.12,광주광역시,56.4,2012,12
660,2013.01,광주광역시,56.5,2013,01
661,2013.02,광주광역시,55.6,2013,02
662,2013.03,광주광역시,55.6,2013,03
663,2013.04,광주광역시,57.0,2013,04
664,2013.05,광주광역시,57.5,2013,05
665,2013.06,광주광역시,57.2,2013,06
666,2013.07,광주광역시,57.5,2013,07
667,2013.08,광주광역시,57.1,2013,08
668,2013.09,광주광역시,57.5,2013,09
669,2013.10,광주광역시,58.0,2013,10
670,2013.11,광주광역시,58.3,2013,11
671,2013.12,광주광역시,58.4,2013,12
672,2014.01,광주광역시,58.0,2014,01
673,2014.02,광주광역시,57.6,2014,02
674,2014.03,광주광역시,58.3,2014,03
675,2014.04,광주광역시,59.2,2014,04
676,2014.05,광주광역시,59.9,2014,05
677,2014.06,광주광역시,59.6,2014,06
678,2014.07,광주광역시,59.7,2014,07
679,2014.08,광주광역시,59.6,2014,08
680,2014.09,광주광역시,59.1,2014,09
681,2014.10,광주광역시,58.6,2014,10
682,2014.11,광주광역시,58.5,2014,11
683,2014.12,광주광역시,57.8,2014,12
684,2015.01,광주광역시,57.6,2015,01
685,2015.02,광주광역시,57.5,2015,02
686,2015.03,광주광역시,57.8,2015,03
687,2015.04,광주광역시,57.9,2015,04
688,2015.05,광주광역시,58.5,2015,05
689,2015.06,광주광역시,58.7,2015,06
690,2015.07,광주광역시,59.4,2015,07
691,2015.08,광주광역시,59.4,2015,08
692,2015.09,광주광역시,59.4,2015,09
693,2015.10,광주광역시,58.6,2015,10
694,2015.11,광주광역시,58.5,2015,11
695,2015.12,광주광역시,58.7,2015,12
696,2016.01,광주광역시,57.5,2016,01
697,2016.02,광주광역시,57.5,2016,02
698,2016.03,광주광역시,57.2,2016,03
699,2016.04,광주광역시,57.8,2016,04
700,2016.05,광주광역시,58.7,2016,05
701,2016.06,광주광역시,58.8,2016,06
702,2016.07,광주광역시,58.7,2016,07
703,2016.08,광주광역시,58.3,2016,08
704,2016.09,광주광역시,57.9,2016,09
705,2016.10,광주광역시,58.2,2016,10
706,2016.11,광주광역시,57.9,2016,11
707,2016.12,광주광역시,58.1,2016,12
708,2017.01,광주광역시,58.2,2017,01
709,2017.02,광주광역시,58.0,2017,02
710,2017.03,광주광역시,58.6,2017,03
711,2017.04,광주광역시,58.8,2017,04
712,2017.05,광주광역시,59.2,2017,05
713,2017.06,광주광역시,59.7,2017,06
714,2017.07,광주광역시,59.8,2017,07
715,2017.08,광주광역시,59.4,2017,08
716,2017.09,광주광역시,58.7,2017,09
717,2017.10,광주광역시,59.3,2017,10
718,2017.11,광주광역시,59.2,2017,11
719,2017.12,광주광역시,59.6,2017,12
720,2018.01,광주광역시,58.5,2018,01
721,2018.02,광주광역시,58.9,2018,02
722,2018.03,광주광역시,59.2,2018,03
723,2018.04,광주광역시,59.9,2018,04
724,2018.05,광주광역시,59.7,2018,05
725,2018.06,광주광역시,59.2,2018,06
726,2018.07,광주광역시,59.3,2018,07
727,2018.08,광주광역시,59.3,2018,08
728,2018.09,광주광역시,60.0,2018,09
729,2018.10,광주광역시,59.7,2018,10
730,2018.11,광주광역시,59.9,2018,11
731,2018.12,광주광역시,59.2,2018,12
732,2019.01,광주광역시,58.1,2019,01
733,2019.02,광주광역시,58.2,2019,02
734,2019.03,광주광역시,59.2,2019,03
735,2019.04,광주광역시,58.9,2019,04
736,2019.05,광주광역시,59.2,2019,05
737,2019.06,광주광역시,59.6,2019,06
738,2019.07,광주광역시,59.1,2019,07
739,2019.08,광주광역시,59.5,2019,08
740,2019.09,광주광역시,59.5,2019,09
741,2019.10,광주광역시,60.2,2019,10
742,2019.11,광주광역시,60.2,2019,11
743,2019.12,광주광역시,59.5,2019,12
744,2020.01,광주광역시,59.1,2020,01
745,2020.02,광주광역시,59.1,2020,02
746,2020.03,광주광역시,58.2,2020,03
747,2020.04,광주광역시,57.9,2020,04
748,2020.05,광주광역시,58.7,2020,05
749,2020.06,광주광역시,59.2,2020,06
750,2020.07,광주광역시,58.7,2020,07
751,2020.08,광주광역시,58.6,2020,08
752,2020.09,광주광역시,58.8,2020,09
753,2020.10,광주광역시,58.7,2020,10
754,2020.11,광주광역시,58.2,2020,11
755,2020.12,광주광역시,58.8,2020,12
756,2021.01,광주광역시,56.6,2021,01
757,2021.02,광주광역시,57.7,2021,02
758,2021.03,광주광역시,58.1,2021,03
759,2021.04,광주광역시,58.6,2021,04
760,2021.05,광주광역시,58.9,2021,05
761,2021.06,광주광역시,58.6,2021,06
762,2021.07,광주광역시,58.9,2021,07
763,2021.08,광주광역시,58.7,2021,08
764,2021.09,광주광역시,58.5,2021,09
765,2021.10,광주광역시,58.6,2021,10
766,2021.11,광주광역시,58.0,2021,11
767,2021.12,광주광역시,56.9,2021,12
768,2022.01,광주광역시,57.0,2022,01
769,2022.02,광주광역시,57.8,2022,02
770,2022.03,광주광역시,58.6,2022,03
771,2022.04,광주광역시,58.2,2022,04
772,2022.05,광주광역시,58.8,2022,05
773,2022.06,광주광역시,58.7,2022,06
774,2022.07,광주광역시,59.0,2022,07
775,2022.08,광주광역시,59.0,2022,08
776,2022.09,광주광역시,59.0,2022,09
777,2022.10,광주광역시,59.6,2022,10
778,2022.11,광주광역시,59.7,2022,11
779,2022.12,광주광역시,58.2,2022,12
780,2010.01,대전광역시,55.1,2010,01
781,2010.02,대전광역시,54.8,2010,02
782,2010.03,대전광역시,55.4,2010,03
783,2010.04,대전광역시,56.2,2010,04
784,2010.05,대전광역시,57.2,2010,05
785,2010.06,대전광역시,57.0,2010,06
786,2010.07,대전광역시,57.2,2010,07
787,2010.08,대전광역시,57.0,2010,08
788,2010.09,대전광역시,56.7,2010,09
789,2010.10,대전광역시,57.2,2010,10
790,2010.11,대전광역시,57.3,2010,11
791,2010.12,대전광역시,56.2,2010,12
792,2011.01,대전광역시,55.4,2011,01
793,2011.02,대전광역시,55.1,2011,02
794,2011.03,대전광역시,56.7,2011,03
795,2011.04,대전광역시,57.2,2011,04
796,2011.05,대전광역시,58.4,2011,05
797,2011.06,대전광역시,58.2,2011,06
798,2011.07,대전광역시,58.2,2011,07
799,2011.08,대전광역시,57.1,2011,08
800,2011.09,대전광역시,56.7,2011,09
801,2011.10,대전광역시,57.0,2011,10
802,2011.11,대전광역시,56.4,2011,11
803,2011.12,대전광역시,55.9,2011,12
804,2012.01,대전광역시,55.8,2012,01
805,2012.02,대전광역시,55.8,2012,02
806,2012.03,대전광역시,56.6,2012,03
807,2012.04,대전광역시,56.7,2012,04
808,2012.05,대전광역시,57.7,2012,05
809,2012.06,대전광역시,58.0,2012,06
810,2012.07,대전광역시,58.0,2012,07
811,2012.08,대전광역시,57.5,2012,08
812,2012.09,대전광역시,57.9,2012,09
813,2012.10,대전광역시,58.3,2012,10
814,2012.11,대전광역시,57.7,2012,11
815,2012.12,대전광역시,57.1,2012,12
816,2013.01,대전광역시,56.1,2013,01
817,2013.02,대전광역시,55.4,2013,02
818,2013.03,대전광역시,56.6,2013,03
819,2013.04,대전광역시,57.3,2013,04
820,2013.05,대전광역시,58.5,2013,05
821,2013.06,대전광역시,57.9,2013,06
822,2013.07,대전광역시,57.7,2013,07
823,2013.08,대전광역시,57.5,2013,08
824,2013.09,대전광역시,57.9,2013,09
825,2013.10,대전광역시,58.4,2013,10
826,2013.11,대전광역시,58.6,2013,11
827,2013.12,대전광역시,57.9,2013,12
828,2014.01,대전광역시,57.3,2014,01
829,2014.02,대전광역시,57.0,2014,02
830,2014.03,대전광역시,58.0,2014,03
831,2014.04,대전광역시,58.7,2014,04
832,2014.05,대전광역시,59.0,2014,05
833,2014.06,대전광역시,59.6,2014,06
834,2014.07,대전광역시,60.2,2014,07
835,2014.08,대전광역시,59.8,2014,08
836,2014.09,대전광역시,60.1,2014,09
837,2014.10,대전광역시,60.4,2014,10
838,2014.11,대전광역시,60.1,2014,11
839,2014.12,대전광역시,59.4,2014,12
840,2015.01,대전광역시,58.7,2015,01
841,2015.02,대전광역시,59.1,2015,02
842,2015.03,대전광역시,59.0,2015,03
843,2015.04,대전광역시,59.4,2015,04
844,2015.05,대전광역시,60.1,2015,05
845,2015.06,대전광역시,59.8,2015,06
846,2015.07,대전광역시,60.1,2015,07
847,2015.08,대전광역시,59.3,2015,08
848,2015.09,대전광역시,60.2,2015,09
849,2015.10,대전광역시,60.3,2015,10
850,2015.11,대전광역시,60.1,2015,11
851,2015.12,대전광역시,59.5,2015,12
852,2016.01,대전광역시,58.6,2016,01
853,2016.02,대전광역시,59.2,2016,02
854,2016.03,대전광역시,59.3,2016,03
855,2016.04,대전광역시,59.8,2016,04
856,2016.05,대전광역시,60.0,2016,05
857,2016.06,대전광역시,60.1,2016,06
858,2016.07,대전광역시,60.3,2016,07
859,2016.08,대전광역시,59.7,2016,08
860,2016.09,대전광역시,59.6,2016,09
861,2016.10,대전광역시,60.1,2016,10
862,2016.11,대전광역시,60.4,2016,11
863,2016.12,대전광역시,59.6,2016,12
864,2017.01,대전광역시,58.3,2017,01
865,2017.02,대전광역시,58.3,2017,02
866,2017.03,대전광역시,59.3,2017,03
867,2017.04,대전광역시,59.1,2017,04
868,2017.05,대전광역시,59.3,2017,05
869,2017.06,대전광역시,58.9,2017,06
870,2017.07,대전광역시,59.2,2017,07
871,2017.08,대전광역시,58.5,2017,08
872,2017.09,대전광역시,58.7,2017,09
873,2017.10,대전광역시,58.9,2017,10
874,2017.11,대전광역시,59.5,2017,11
875,2017.12,대전광역시,59.0,2017,12
876,2018.01,대전광역시,58.1,2018,01
877,2018.02,대전광역시,58.6,2018,02
878,2018.03,대전광역시,59.3,2018,03
879,2018.04,대전광역시,58.8,2018,04
880,2018.05,대전광역시,59.0,2018,05
881,2018.06,대전광역시,58.5,2018,06
882,2018.07,대전광역시,58.8,2018,07
883,2018.08,대전광역시,58.0,2018,08
884,2018.09,대전광역시,59.0,2018,09
885,2018.10,대전광역시,59.0,2018,10
886,2018.11,대전광역시,58.9,2018,11
887,2018.12,대전광역시,58.3,2018,12
888,2019.01,대전광역시,57.8,2019,01
889,2019.02,대전광역시,58.6,2019,02
890,2019.03,대전광역시,58.8,2019,03
891,2019.04,대전광역시,58.4,2019,04
892,2019.05,대전광역시,59.3,2019,05
893,2019.06,대전광역시,59.7,2019,06
894,2019.07,대전광역시,60.5,2019,07
895,2019.08,대전광역시,61.0,2019,08
896,2019.09,대전광역시,61.0,2019,09
897,2019.10,대전광역시,61.0,2019,10
898,2019.11,대전광역시,61.2,2019,11
899,2019.12,대전광역시,60.2,2019,12
900,2020.01,대전광역시,60.2,2020,01
901,2020.02,대전광역시,60.8,2020,02
902,2020.03,대전광역시,59.5,2020,03
903,2020.04,대전광역시,59.7,2020,04
904,2020.05,대전광역시,60.1,2020,05
905,2020.06,대전광역시,60.5,2020,06
906,2020.07,대전광역시,60.6,2020,07
907,2020.08,대전광역시,61.2,2020,08
908,2020.09,대전광역시,61.1,2020,09
909,2020.10,대전광역시,61.5,2020,10
910,2020.11,대전광역시,62.0,2020,11
911,2020.12,대전광역시,60.6,2020,12
912,2021.01,대전광역시,58.5,2021,01
913,2021.02,대전광역시,58.9,2021,02
914,2021.03,대전광역시,59.4,2021,03
915,2021.04,대전광역시,60.2,2021,04
916,2021.05,대전광역시,61.1,2021,05
917,2021.06,대전광역시,62.0,2021,06
918,2021.07,대전광역시,61.6,2021,07
919,2021.08,대전광역시,62.1,2021,08
920,2021.09,대전광역시,61.8,2021,09
921,2021.10,대전광역시,61.7,2021,10
922,2021.11,대전광역시,62.3,2021,11
923,2021.12,대전광역시,61.2,2021,12
924,2022.01,대전광역시,60.5,2022,01
925,2022.02,대전광역시,61.0,2022,02
926,2022.03,대전광역시,60.9,2022,03
927,2022.04,대전광역시,61.1,2022,04
928,2022.05,대전광역시,61.6,2022,05
929,2022.06,대전광역시,61.1,2022,06
930,2022.07,대전광역시,61.6,2022,07
931,2022.08,대전광역시,62.2,2022,08
932,2022.09,대전광역시,61.9,2022,09
933,2022.10,대전광역시,62.6,2022,10
934,2022.11,대전광역시,62.4,2022,11
935,2022.12,대전광역시,62.3,2022,12
936,2010.01,울산광역시,57.7,2010,01
937,2010.02,울산광역시,57.3,2010,02
938,2010.03,울산광역시,58.1,2010,03
939,2010.04,울산광역시,59.0,2010,04
940,2010.05,울산광역시,59.5,2010,05
941,2010.06,울산광역시,59.3,2010,06
942,2010.07,울산광역시,59.9,2010,07
943,2010.08,울산광역시,59.5,2010,08
944,2010.09,울산광역시,59.3,2010,09
945,2010.10,울산광역시,59.8,2010,10
946,2010.11,울산광역시,59.8,2010,11
947,2010.12,울산광역시,59.9,2010,12
948,2011.01,울산광역시,59.1,2011,01
949,2011.02,울산광역시,59.4,2011,02
950,2011.03,울산광역시,58.6,2011,03
951,2011.04,울산광역시,59.9,2011,04
952,2011.05,울산광역시,60.1,2011,05
953,2011.06,울산광역시,60.4,2011,06
954,2011.07,울산광역시,60.8,2011,07
955,2011.08,울산광역시,59.7,2011,08
956,2011.09,울산광역시,59.6,2011,09
957,2011.10,울산광역시,60.1,2011,10
958,2011.11,울산광역시,60.1,2011,11
959,2011.12,울산광역시,59.7,2011,12
960,2012.01,울산광역시,59.1,2012,01
961,2012.02,울산광역시,59.5,2012,02
962,2012.03,울산광역시,59.5,2012,03
963,2012.04,울산광역시,60.3,2012,04
964,2012.05,울산광역시,60.7,2012,05
965,2012.06,울산광역시,59.9,2012,06
966,2012.07,울산광역시,60.6,2012,07
967,2012.08,울산광역시,59.4,2012,08
968,2012.09,울산광역시,60.0,2012,09
969,2012.10,울산광역시,60.1,2012,10
970,2012.11,울산광역시,59.6,2012,11
971,2012.12,울산광역시,58.4,2012,12
972,2013.01,울산광역시,58.0,2013,01
973,2013.02,울산광역시,58.3,2013,02
974,2013.03,울산광역시,58.7,2013,03
975,2013.04,울산광역시,60.0,2013,04
976,2013.05,울산광역시,60.2,2013,05
977,2013.06,울산광역시,60.1,2013,06
978,2013.07,울산광역시,59.7,2013,07
979,2013.08,울산광역시,59.1,2013,08
980,2013.09,울산광역시,58.9,2013,09
981,2013.10,울산광역시,58.9,2013,10
982,2013.11,울산광역시,58.4,2013,11
983,2013.12,울산광역시,58.2,2013,12
984,2014.01,울산광역시,58.6,2014,01
985,2014.02,울산광역시,58.9,2014,02
986,2014.03,울산광역시,58.4,2014,03
987,2014.04,울산광역시,59.3,2014,04
988,2014.05,울산광역시,58.3,2014,05
989,2014.06,울산광역시,58.3,2014,06
990,2014.07,울산광역시,58.5,2014,07
991,2014.08,울산광역시,57.9,2014,08
992,2014.09,울산광역시,57.6,2014,09
993,2014.10,울산광역시,57.7,2014,10
994,2014.11,울산광역시,58.1,2014,11
995,2014.12,울산광역시,57.6,2014,12
996,2015.01,울산광역시,57.4,2015,01
997,2015.02,울산광역시,57.7,2015,02
998,2015.03,울산광역시,58.0,2015,03
999,2015.04,울산광역시,58.9,2015,04
1000,2015.05,울산광역시,59.4,2015,05
1001,2015.06,울산광역시,59.6,2015,06
1002,2015.07,울산광역시,60.2,2015,07
1003,2015.08,울산광역시,59.7,2015,08
1004,2015.09,울산광역시,59.5,2015,09
1005,2015.10,울산광역시,59.5,2015,10
1006,2015.11,울산광역시,59.5,2015,11
1007,2015.12,울산광역시,59.0,2015,12
1008,2016.01,울산광역시,58.2,2016,01
1009,2016.02,울산광역시,57.6,2016,02
1010,2016.03,울산광역시,58.2,2016,03
1011,2016.04,울산광역시,58.8,2016,04
1012,2016.05,울산광역시,58.9,2016,05
1013,2016.06,울산광역시,59.0,2016,06
1014,2016.07,울산광역시,59.0,2016,07
1015,2016.08,울산광역시,59.0,2016,08
1016,2016.09,울산광역시,60.0,2016,09
1017,2016.10,울산광역시,59.9,2016,10
1018,2016.11,울산광역시,59.8,2016,11
1019,2016.12,울산광역시,59.3,2016,12
1020,2017.01,울산광역시,58.3,2017,01
1021,2017.02,울산광역시,58.9,2017,02
1022,2017.03,울산광역시,59.7,2017,03
1023,2017.04,울산광역시,59.7,2017,04
1024,2017.05,울산광역시,60.3,2017,05
1025,2017.06,울산광역시,60.4,2017,06
1026,2017.07,울산광역시,60.1,2017,07
1027,2017.08,울산광역시,59.5,2017,08
1028,2017.09,울산광역시,59.5,2017,09
1029,2017.10,울산광역시,59.9,2017,10
1030,2017.11,울산광역시,60.1,2017,11
1031,2017.12,울산광역시,60.6,2017,12
1032,2018.01,울산광역시,59.6,2018,01
1033,2018.02,울산광역시,59.5,2018,02
1034,2018.03,울산광역시,59.1,2018,03
1035,2018.04,울산광역시,58.6,2018,04
1036,2018.05,울산광역시,59.7,2018,05
1037,2018.06,울산광역시,59.4,2018,06
1038,2018.07,울산광역시,58.4,2018,07
1039,2018.08,울산광역시,59.0,2018,08
1040,2018.09,울산광역시,58.5,2018,09
1041,2018.10,울산광역시,59.3,2018,10
1042,2018.11,울산광역시,58.8,2018,11
1043,2018.12,울산광역시,58.4,2018,12
1044,2019.01,울산광역시,57.1,2019,01
1045,2019.02,울산광역시,57.8,2019,02
1046,2019.03,울산광역시,58.1,2019,03
1047,2019.04,울산광역시,58.8,2019,04
1048,2019.05,울산광역시,59.5,2019,05
1049,2019.06,울산광역시,59.7,2019,06
1050,2019.07,울산광역시,59.7,2019,07
1051,2019.08,울산광역시,59.3,2019,08
1052,2019.09,울산광역시,59.9,2019,09
1053,2019.10,울산광역시,59.7,2019,10
1054,2019.11,울산광역시,60.1,2019,11
1055,2019.12,울산광역시,59.7,2019,12
1056,2020.01,울산광역시,58.8,2020,01
1057,2020.02,울산광역시,59.0,2020,02
1058,2020.03,울산광역시,57.6,2020,03
1059,2020.04,울산광역시,57.2,2020,04
1060,2020.05,울산광역시,57.8,2020,05
1061,2020.06,울산광역시,57.7,2020,06
1062,2020.07,울산광역시,58.3,2020,07
1063,2020.08,울산광역시,58.2,2020,08
1064,2020.09,울산광역시,58.6,2020,09
1065,2020.10,울산광역시,58.1,2020,10
1066,2020.11,울산광역시,58.3,2020,11
1067,2020.12,울산광역시,57.5,2020,12
1068,2021.01,울산광역시,56.0,2021,01
1069,2021.02,울산광역시,57.1,2021,02
1070,2021.03,울산광역시,57.6,2021,03
1071,2021.04,울산광역시,57.4,2021,04
1072,2021.05,울산광역시,57.5,2021,05
1073,2021.06,울산광역시,57.2,2021,06
1074,2021.07,울산광역시,57.7,2021,07
1075,2021.08,울산광역시,58.1,2021,08
1076,2021.09,울산광역시,58.6,2021,09
1077,2021.10,울산광역시,58.8,2021,10
1078,2021.11,울산광역시,58.8,2021,11
1079,2021.12,울산광역시,57.5,2021,12
1080,2022.01,울산광역시,57.0,2022,01
1081,2022.02,울산광역시,57.0,2022,02
1082,2022.03,울산광역시,58.2,2022,03
1083,2022.04,울산광역시,58.6,2022,04
1084,2022.05,울산광역시,59.9,2022,05
1085,2022.06,울산광역시,59.9,2022,06
1086,2022.07,울산광역시,59.9,2022,07
1087,2022.08,울산광역시,60.0,2022,08
1088,2022.09,울산광역시,59.9,2022,09
1089,2022.10,울산광역시,60.0,2022,10
1090,2022.11,울산광역시,60.3,2022,11
1091,2022.12,울산광역시,59.1,2022,12
1092,2010.01,세종특별자치시,,2010,01
1093,2010.02,세종특별자치시,,2010,02
1094,2010.03,세종특별자치시,,2010,03
1095,2010.04,세종특별자치시,,2010,04
1096,2010.05,세종특별자치시,,2010,05
1097,2010.06,세종특별자치시,,2010,06
1098,2010.07,세종특별자치시,,2010,07
1099,2010.08,세종특별자치시,,2010,08
1100,2010.09,세종특별자치시,,2010,09
1101,2010.10,세종특별자치시,,2010,10
1102,2010.11,세종특별자치시,,2010,11
1103,2010.12,세종특별자치시,,2010,12
1104,2011.01,세종특별자치시,,2011,01
1105,2011.02,세종특별자치시,,2011,02
1106,2011.03,세종특별자치시,,2011,03
1107,2011.04,세종특별자치시,,2011,04
1108,2011.05,세종특별자치시,,2011,05
1109,2011.06,세종특별자치시,,2011,06
1110,2011.07,세종특별자치시,,2011,07
1111,2011.08,세종특별자치시,,2011,08
1112,2011.09,세종특별자치시,,2011,09
1113,2011.10,세종특별자치시,,2011,10
1114,2011.11,세종특별자치시,,2011,11
1115,2011.12,세종특별자치시,,2011,12
1116,2012.01,세종특별자치시,,2012,01
1117,2012.02,세종특별자치시,,2012,02
1118,2012.03,세종특별자치시,,2012,03
1119,2012.04,세종특별자치시,,2012,04
1120,2012.05,세종특별자치시,,2012,05
1121,2012.06,세종특별자치시,,2012,06
1122,2012.07,세종특별자치시,,2012,07
1123,2012.08,세종특별자치시,,2012,08
1124,2012.09,세종특별자치시,,2012,09
1125,2012.10,세종특별자치시,,2012,10
1126,2012.11,세종특별자치시,,2012,11
1127,2012.12,세종특별자치시,,2012,12
1128,2013.01,세종특별자치시,,2013,01
1129,2013.02,세종특별자치시,,2013,02
1130,2013.03,세종특별자치시,,2013,03
1131,2013.04,세종특별자치시,,2013,04
1132,2013.05,세종특별자치시,,2013,05
1133,2013.06,세종특별자치시,,2013,06
1134,2013.07,세종특별자치시,,2013,07
1135,2013.08,세종특별자치시,,2013,08
1136,2013.09,세종특별자치시,,2013,09
1137,2013.10,세종특별자치시,,2013,10
1138,2013.11,세종특별자치시,,2013,11
1139,2013.12,세종특별자치시,,2013,12
1140,2014.01,세종특별자치시,,2014,01
1141,2014.02,세종특별자치시,,2014,02
1142,2014.03,세종특별자치시,,2014,03
1143,2014.04,세종특별자치시,,2014,04
1144,2014.05,세종특별자치시,,2014,05
1145,2014.06,세종특별자치시,,2014,06
1146,2014.07,세종특별자치시,,2014,07
1147,2014.08,세종특별자치시,,2014,08
1148,2014.09,세종특별자치시,,2014,09
1149,2014.10,세종특별자치시,,2014,10
1150,2014.11,세종특별자치시,,2014,11
1151,2014.12,세종특별자치시,,2014,12
1152,2015.01,세종특별자치시,,2015,01
1153,2015.02,세종특별자치시,,2015,02
1154,2015.03,세종특별자치시,,2015,03
1155,2015.04,세종특별자치시,,2015,04
1156,2015.05,세종특별자치시,,2015,05
1157,2015.06,세종특별자치시,,2015,06
1158,2015.07,세종특별자치시,,2015,07
1159,2015.08,세종특별자치시,,2015,08
1160,2015.09,세종특별자치시,,2015,09
1161,2015.10,세종특별자치시,,2015,10
1162,2015.11,세종특별자치시,,2015,11
1163,2015.12,세종특별자치시,,2015,12
1164,2016.01,세종특별자치시,,2016,01
1165,2016.02,세종특별자치시,,2016,02
1166,2016.03,세종특별자치시,,2016,03
1167,2016.04,세종특별자치시,,2016,04
1168,2016.05,세종특별자치시,,2016,05
1169,2016.06,세종특별자치시,,2016,06
1170,2016.07,세종특별자치시,,2016,07
1171,2016.08,세종특별자치시,,2016,08
1172,2016.09,세종특별자치시,,2016,09
1173,2016.10,세종특별자치시,,2016,10
1174,2016.11,세종특별자치시,,2016,11
1175,2016.12,세종특별자치시,,2016,12
1176,2017.01,세종특별자치시,58.6,2017,01
1177,2017.02,세종특별자치시,60.2,2017,02
1178,2017.03,세종특별자치시,60.9,2017,03
1179,2017.04,세종특별자치시,61.7,2017,04
1180,2017.05,세종특별자치시,62.7,2017,05
1181,2017.06,세종특별자치시,62.7,2017,06
1182,2017.07,세종특별자치시,62.7,2017,07
1183,2017.08,세종특별자치시,61.5,2017,08
1184,2017.09,세종특별자치시,61.4,2017,09
1185,2017.10,세종특별자치시,61.2,2017,10
1186,2017.11,세종특별자치시,60.9,2017,11
1187,2017.12,세종특별자치시,60.0,2017,12
1188,2018.01,세종특별자치시,59.3,2018,01
1189,2018.02,세종특별자치시,59.6,2018,02
1190,2018.03,세종특별자치시,60.3,2018,03
1191,2018.04,세종특별자치시,61.6,2018,04
1192,2018.05,세종특별자치시,62.8,2018,05
1193,2018.06,세종특별자치시,62.7,2018,06
1194,2018.07,세종특별자치시,62.9,2018,07
1195,2018.08,세종특별자치시,62.5,2018,08
1196,2018.09,세종특별자치시,62.5,2018,09
1197,2018.10,세종특별자치시,62.4,2018,10
1198,2018.11,세종특별자치시,62.7,2018,11
1199,2018.12,세종특별자치시,62.0,2018,12
1200,2019.01,세종특별자치시,61.2,2019,01
1201,2019.02,세종특별자치시,61.0,2019,02
1202,2019.03,세종특별자치시,62.3,2019,03
1203,2019.04,세종특별자치시,62.7,2019,04
1204,2019.05,세종특별자치시,62.8,2019,05
1205,2019.06,세종특별자치시,63.2,2019,06
1206,2019.07,세종특별자치시,63.9,2019,07
1207,2019.08,세종특별자치시,63.4,2019,08
1208,2019.09,세종특별자치시,62.1,2019,09
1209,2019.10,세종특별자치시,63.0,2019,10
1210,2019.11,세종특별자치시,63.2,2019,11
1211,2019.12,세종특별자치시,61.6,2019,12
1212,2020.01,세종특별자치시,61.4,2020,01
1213,2020.02,세종특별자치시,60.9,2020,02
1214,2020.03,세종특별자치시,61.4,2020,03
1215,2020.04,세종특별자치시,62.5,2020,04
1216,2020.05,세종특별자치시,62.7,2020,05
1217,2020.06,세종특별자치시,64.2,2020,06
1218,2020.07,세종특별자치시,64.1,2020,07
1219,2020.08,세종특별자치시,64.3,2020,08
1220,2020.09,세종특별자치시,64.1,2020,09
1221,2020.10,세종특별자치시,63.0,2020,10
1222,2020.11,세종특별자치시,62.6,2020,11
1223,2020.12,세종특별자치시,60.8,2020,12
1224,2021.01,세종특별자치시,60.3,2021,01
1225,2021.02,세종특별자치시,61.3,2021,02
1226,2021.03,세종특별자치시,62.4,2021,03
1227,2021.04,세종특별자치시,63.6,2021,04
1228,2021.05,세종특별자치시,64.1,2021,05
1229,2021.06,세종특별자치시,64.2,2021,06
1230,2021.07,세종특별자치시,63.8,2021,07
1231,2021.08,세종특별자치시,63.6,2021,08
1232,2021.09,세종특별자치시,63.9,2021,09
1233,2021.10,세종특별자치시,62.9,2021,10
1234,2021.11,세종특별자치시,61.7,2021,11
1235,2021.12,세종특별자치시,59.8,2021,12
1236,2022.01,세종특별자치시,59.9,2022,01
1237,2022.02,세종특별자치시,61.5,2022,02
1238,2022.03,세종특별자치시,63.7,2022,03
1239,2022.04,세종특별자치시,64.0,2022,04
1240,2022.05,세종특별자치시,65.3,2022,05
1241,2022.06,세종특별자치시,65.2,2022,06
1242,2022.07,세종특별자치시,64.7,2022,07
1243,2022.08,세종특별자치시,64.7,2022,08
1244,2022.09,세종특별자치시,64.3,2022,09
1245,2022.10,세종특별자치시,64.2,2022,10
1246,2022.11,세종특별자치시,64.4,2022,11
1247,2022.12,세종특별자치시,63.1,2022,12
1248,2010.01,경기도,57.7,2010,01
1249,2010.02,경기도,57.1,2010,02
1250,2010.03,경기도,58.4,2010,03
1251,2010.04,경기도,59.6,2010,04
1252,2010.05,경기도,60.2,2010,05
1253,2010.06,경기도,59.9,2010,06
1254,2010.07,경기도,60.0,2010,07
1255,2010.08,경기도,59.5,2010,08
1256,2010.09,경기도,59.9,2010,09
1257,2010.10,경기도,60.1,2010,10
1258,2010.11,경기도,59.6,2010,11
1259,2010.12,경기도,58.5,2010,12
1260,2011.01,경기도,58.3,2011,01
1261,2011.02,경기도,58.2,2011,02
1262,2011.03,경기도,58.9,2011,03
1263,2011.04,경기도,59.7,2011,04
1264,2011.05,경기도,60.2,2011,05
1265,2011.06,경기도,60.1,2011,06
1266,2011.07,경기도,59.7,2011,07
1267,2011.08,경기도,59.6,2011,08
1268,2011.09,경기도,59.2,2011,09
1269,2011.10,경기도,59.7,2011,10
1270,2011.11,경기도,59.5,2011,11
1271,2011.12,경기도,59.0,2011,12
1272,2012.01,경기도,58.2,2012,01
1273,2012.02,경기도,58.2,2012,02
1274,2012.03,경기도,58.9,2012,03
1275,2012.04,경기도,59.7,2012,04
1276,2012.05,경기도,60.7,2012,05
1277,2012.06,경기도,60.8,2012,06
1278,2012.07,경기도,60.6,2012,07
1279,2012.08,경기도,60.1,2012,08
1280,2012.09,경기도,60.5,2012,09
1281,2012.10,경기도,60.8,2012,10
1282,2012.11,경기도,60.3,2012,11
1283,2012.12,경기도,58.8,2012,12
1284,2013.01,경기도,58.1,2013,01
1285,2013.02,경기도,57.6,2013,02
1286,2013.03,경기도,58.7,2013,03
1287,2013.04,경기도,60.1,2013,04
1288,2013.05,경기도,60.6,2013,05
1289,2013.06,경기도,60.9,2013,06
1290,2013.07,경기도,61.1,2013,07
1291,2013.08,경기도,61.0,2013,08
1292,2013.09,경기도,61.6,2013,09
1293,2013.10,경기도,61.5,2013,10
1294,2013.11,경기도,61.5,2013,11
1295,2013.12,경기도,60.1,2013,12
1296,2014.01,경기도,60.0,2014,01
1297,2014.02,경기도,60.0,2014,02
1298,2014.03,경기도,60.4,2014,03
1299,2014.04,경기도,61.7,2014,04
1300,2014.05,경기도,61.8,2014,05
1301,2014.06,경기도,62.2,2014,06
1302,2014.07,경기도,62.6,2014,07
1303,2014.08,경기도,62.4,2014,08
1304,2014.09,경기도,62.2,2014,09
1305,2014.10,경기도,62.4,2014,10
1306,2014.11,경기도,62.2,2014,11
1307,2014.12,경기도,61.4,2014,12
1308,2015.01,경기도,60.8,2015,01
1309,2015.02,경기도,60.8,2015,02
1310,2015.03,경기도,61.2,2015,03
1311,2015.04,경기도,62.0,2015,04
1312,2015.05,경기도,62.1,2015,05
1313,2015.06,경기도,62.2,2015,06
1314,2015.07,경기도,62.4,2015,07
1315,2015.08,경기도,61.8,2015,08
1316,2015.09,경기도,61.9,2015,09
1317,2015.10,경기도,62.0,2015,10
1318,2015.11,경기도,61.7,2015,11
1319,2015.12,경기도,61.2,2015,12
1320,2016.01,경기도,60.3,2016,01
1321,2016.02,경기도,60.1,2016,02
1322,2016.03,경기도,61.2,2016,03
1323,2016.04,경기도,61.5,2016,04
1324,2016.05,경기도,62.0,2016,05
1325,2016.06,경기도,62.5,2016,06
1326,2016.07,경기도,62.6,2016,07
1327,2016.08,경기도,62.3,2016,08
1328,2016.09,경기도,62.1,2016,09
1329,2016.10,경기도,61.9,2016,10
1330,2016.11,경기도,62.0,2016,11
1331,2016.12,경기도,61.3,2016,12
1332,2017.01,경기도,60.6,2017,01
1333,2017.02,경기도,60.6,2017,02
1334,2017.03,경기도,61.7,2017,03
1335,2017.04,경기도,62.1,2017,04
1336,2017.05,경기도,62.4,2017,05
1337,2017.06,경기도,62.3,2017,06
1338,2017.07,경기도,62.9,2017,07
1339,2017.08,경기도,62.5,2017,08
1340,2017.09,경기도,62.8,2017,09
1341,2017.10,경기도,62.7,2017,10
1342,2017.11,경기도,62.9,2017,11
1343,2017.12,경기도,62.1,2017,12
1344,2018.01,경기도,61.4,2018,01
1345,2018.02,경기도,60.7,2018,02
1346,2018.03,경기도,61.8,2018,03
1347,2018.04,경기도,62.3,2018,04
1348,2018.05,경기도,62.7,2018,05
1349,2018.06,경기도,62.5,2018,06
1350,2018.07,경기도,62.4,2018,07
1351,2018.08,경기도,62.0,2018,08
1352,2018.09,경기도,62.4,2018,09
1353,2018.10,경기도,62.0,2018,10
1354,2018.11,경기도,62.3,2018,11
1355,2018.12,경기도,61.1,2018,12
1356,2019.01,경기도,60.5,2019,01
1357,2019.02,경기도,60.5,2019,02
1358,2019.03,경기도,61.6,2019,03
1359,2019.04,경기도,61.9,2019,04
1360,2019.05,경기도,62.5,2019,05
1361,2019.06,경기도,62.8,2019,06
1362,2019.07,경기도,62.3,2019,07
1363,2019.08,경기도,62.1,2019,08
1364,2019.09,경기도,61.9,2019,09
1365,2019.10,경기도,62.2,2019,10
1366,2019.11,경기도,62.3,2019,11
1367,2019.12,경기도,61.9,2019,12
1368,2020.01,경기도,61.2,2020,01
1369,2020.02,경기도,60.7,2020,02
1370,2020.03,경기도,60.3,2020,03
1371,2020.04,경기도,60.0,2020,04
1372,2020.05,경기도,60.8,2020,05
1373,2020.06,경기도,60.6,2020,06
1374,2020.07,경기도,60.4,2020,07
1375,2020.08,경기도,60.0,2020,08
1376,2020.09,경기도,60.0,2020,09
1377,2020.10,경기도,60.1,2020,10
1378,2020.11,경기도,60.4,2020,11
1379,2020.12,경기도,59.1,2020,12
1380,2021.01,경기도,57.9,2021,01
1381,2021.02,경기도,59.1,2021,02
1382,2021.03,경기도,60.0,2021,03
1383,2021.04,경기도,60.6,2021,04
1384,2021.05,경기도,61.5,2021,05
1385,2021.06,경기도,61.8,2021,06
1386,2021.07,경기도,62.0,2021,07
1387,2021.08,경기도,61.7,2021,08
1388,2021.09,경기도,61.9,2021,09
1389,2021.10,경기도,62.2,2021,10
1390,2021.11,경기도,62.6,2021,11
1391,2021.12,경기도,62.1,2021,12
1392,2022.01,경기도,61.7,2022,01
1393,2022.02,경기도,62.7,2022,02
1394,2022.03,경기도,63.2,2022,03
1395,2022.04,경기도,64.1,2022,04
1396,2022.05,경기도,65.2,2022,05
1397,2022.06,경기도,65.2,2022,06
1398,2022.07,경기도,65.0,2022,07
1399,2022.08,경기도,64.5,2022,08
1400,2022.09,경기도,64.3,2022,09
1401,2022.10,경기도,64.2,2022,10
1402,2022.11,경기도,63.9,2022,11
1403,2022.12,경기도,63.0,2022,12
1404,2010.01,강원도,49.7,2010,01
1405,2010.02,강원도,49.6,2010,02
1406,2010.03,강원도,51.7,2010,03
1407,2010.04,강원도,56.3,2010,04
1408,2010.05,강원도,59.0,2010,05
1409,2010.06,강원도,59.0,2010,06
1410,2010.07,강원도,60.2,2010,07
1411,2010.08,강원도,58.9,2010,08
1412,2010.09,강원도,58.1,2010,09
1413,2010.10,강원도,58.9,2010,10
1414,2010.11,강원도,57.9,2010,11
1415,2010.12,강원도,52.4,2010,12
1416,2011.01,강원도,49.3,2011,01
1417,2011.02,강원도,49.7,2011,02
1418,2011.03,강원도,53.7,2011,03
1419,2011.04,강원도,57.5,2011,04
1420,2011.05,강원도,59.5,2011,05
1421,2011.06,강원도,60.1,2011,06
1422,2011.07,강원도,59.5,2011,07
1423,2011.08,강원도,59.1,2011,08
1424,2011.09,강원도,57.2,2011,09
1425,2011.10,강원도,58.6,2011,10
1426,2011.11,강원도,57.4,2011,11
1427,2011.12,강원도,52.9,2011,12
1428,2012.01,강원도,50.8,2012,01
1429,2012.02,강원도,50.5,2012,02
1430,2012.03,강원도,52.6,2012,03
1431,2012.04,강원도,58.0,2012,04
1432,2012.05,강원도,59.6,2012,05
1433,2012.06,강원도,59.2,2012,06
1434,2012.07,강원도,60.1,2012,07
1435,2012.08,강원도,59.2,2012,08
1436,2012.09,강원도,60.2,2012,09
1437,2012.10,강원도,59.9,2012,10
1438,2012.11,강원도,58.1,2012,11
1439,2012.12,강원도,54.4,2012,12
1440,2013.01,강원도,51.4,2013,01
1441,2013.02,강원도,51.6,2013,02
1442,2013.03,강원도,54.5,2013,03
1443,2013.04,강원도,57.7,2013,04
1444,2013.05,강원도,59.6,2013,05
1445,2013.06,강원도,58.5,2013,06
1446,2013.07,강원도,59.1,2013,07
1447,2013.08,강원도,58.6,2013,08
1448,2013.09,강원도,57.4,2013,09
1449,2013.10,강원도,58.1,2013,10
1450,2013.11,강원도,57.4,2013,11
1451,2013.12,강원도,51.1,2013,12
1452,2014.01,강원도,50.4,2014,01
1453,2014.02,강원도,50.6,2014,02
1454,2014.03,강원도,54.1,2014,03
1455,2014.04,강원도,59.2,2014,04
1456,2014.05,강원도,58.9,2014,05
1457,2014.06,강원도,59.5,2014,06
1458,2014.07,강원도,59.6,2014,07
1459,2014.08,강원도,59.3,2014,08
1460,2014.09,강원도,58.9,2014,09
1461,2014.10,강원도,59.2,2014,10
1462,2014.11,강원도,59.1,2014,11
1463,2014.12,강원도,53.6,2014,12
1464,2015.01,강원도,51.7,2015,01
1465,2015.02,강원도,52.2,2015,02
1466,2015.03,강원도,55.4,2015,03
1467,2015.04,강원도,58.7,2015,04
1468,2015.05,강원도,59.7,2015,05
1469,2015.06,강원도,60.2,2015,06
1470,2015.07,강원도,60.9,2015,07
1471,2015.08,강원도,60.7,2015,08
1472,2015.09,강원도,60.5,2015,09
1473,2015.10,강원도,60.0,2015,10
1474,2015.11,강원도,59.1,2015,11
1475,2015.12,강원도,55.2,2015,12
1476,2016.01,강원도,52.5,2016,01
1477,2016.02,강원도,52.3,2016,02
1478,2016.03,강원도,56.3,2016,03
1479,2016.04,강원도,59.1,2016,04
1480,2016.05,강원도,60.3,2016,05
1481,2016.06,강원도,60.6,2016,06
1482,2016.07,강원도,60.1,2016,07
1483,2016.08,강원도,60.1,2016,08
1484,2016.09,강원도,60.0,2016,09
1485,2016.10,강원도,60.4,2016,10
1486,2016.11,강원도,60.3,2016,11
1487,2016.12,강원도,56.4,2016,12
1488,2017.01,강원도,54.0,2017,01
1489,2017.02,강원도,55.1,2017,02
1490,2017.03,강원도,59.0,2017,03
1491,2017.04,강원도,62.3,2017,04
1492,2017.05,강원도,63.6,2017,05
1493,2017.06,강원도,63.8,2017,06
1494,2017.07,강원도,64.3,2017,07
1495,2017.08,강원도,64.0,2017,08
1496,2017.09,강원도,63.0,2017,09
1497,2017.10,강원도,63.2,2017,10
1498,2017.11,강원도,62.4,2017,11
1499,2017.12,강원도,57.3,2017,12
1500,2018.01,강원도,54.0,2018,01
1501,2018.02,강원도,54.3,2018,02
1502,2018.03,강원도,60.0,2018,03
1503,2018.04,강원도,61.9,2018,04
1504,2018.05,강원도,62.8,2018,05
1505,2018.06,강원도,63.0,2018,06
1506,2018.07,강원도,62.7,2018,07
1507,2018.08,강원도,63.1,2018,08
1508,2018.09,강원도,63.3,2018,09
1509,2018.10,강원도,63.0,2018,10
1510,2018.11,강원도,62.9,2018,11
1511,2018.12,강원도,57.2,2018,12
1512,2019.01,강원도,55.4,2019,01
1513,2019.02,강원도,56.1,2019,02
1514,2019.03,강원도,61.4,2019,03
1515,2019.04,강원도,63.8,2019,04
1516,2019.05,강원도,64.5,2019,05
1517,2019.06,강원도,63.8,2019,06
1518,2019.07,강원도,65.0,2019,07
1519,2019.08,강원도,65.3,2019,08
1520,2019.09,강원도,65.0,2019,09
1521,2019.10,강원도,64.5,2019,10
1522,2019.11,강원도,64.0,2019,11
1523,2019.12,강원도,58.2,2019,12
1524,2020.01,강원도,56.3,2020,01
1525,2020.02,강원도,58.1,2020,02
1526,2020.03,강원도,61.1,2020,03
1527,2020.04,강원도,61.3,2020,04
1528,2020.05,강원도,62.6,2020,05
1529,2020.06,강원도,62.8,2020,06
1530,2020.07,강원도,62.3,2020,07
1531,2020.08,강원도,62.7,2020,08
1532,2020.09,강원도,62.1,2020,09
1533,2020.10,강원도,62.4,2020,10
1534,2020.11,강원도,62.1,2020,11
1535,2020.12,강원도,55.5,2020,12
1536,2021.01,강원도,52.8,2021,01
1537,2021.02,강원도,56.1,2021,02
1538,2021.03,강원도,61.1,2021,03
1539,2021.04,강원도,62.2,2021,04
1540,2021.05,강원도,63.5,2021,05
1541,2021.06,강원도,64.0,2021,06
1542,2021.07,강원도,64.1,2021,07
1543,2021.08,강원도,63.8,2021,08
1544,2021.09,강원도,63.5,2021,09
1545,2021.10,강원도,63.7,2021,10
1546,2021.11,강원도,63.8,2021,11
1547,2021.12,강원도,58.7,2021,12
1548,2022.01,강원도,55.0,2022,01
1549,2022.02,강원도,58.7,2022,02
1550,2022.03,강원도,60.4,2022,03
1551,2022.04,강원도,62.6,2022,04
1552,2022.05,강원도,63.8,2022,05
1553,2022.06,강원도,63.9,2022,06
1554,2022.07,강원도,64.2,2022,07
1555,2022.08,강원도,64.0,2022,08
1556,2022.09,강원도,64.1,2022,09
1557,2022.10,강원도,63.9,2022,10
1558,2022.11,강원도,63.3,2022,11
1559,2022.12,강원도,58.2,2022,12
1560,2010.01,충청북도,53.9,2010,01
1561,2010.02,충청북도,55.3,2010,02
1562,2010.03,충청북도,58.8,2010,03
1563,2010.04,충청북도,61.1,2010,04
1564,2010.05,충청북도,61.3,2010,05
1565,2010.06,충청북도,61.9,2010,06
1566,2010.07,충청북도,61.6,2010,07
1567,2010.08,충청북도,61.2,2010,08
1568,2010.09,충청북도,60.8,2010,09
1569,2010.10,충청북도,60.7,2010,10
1570,2010.11,충청북도,59.8,2010,11
1571,2010.12,충청북도,57.2,2010,12
1572,2011.01,충청북도,54.7,2011,01
1573,2011.02,충청북도,55.9,2011,02
1574,2011.03,충청북도,58.8,2011,03
1575,2011.04,충청북도,61.4,2011,04
1576,2011.05,충청북도,62.6,2011,05
1577,2011.06,충청북도,62.3,2011,06
1578,2011.07,충청북도,61.5,2011,07
1579,2011.08,충청북도,61.0,2011,08
1580,2011.09,충청북도,60.2,2011,09
1581,2011.10,충청북도,60.8,2011,10
1582,2011.11,충청북도,59.8,2011,11
1583,2011.12,충청북도,55.3,2011,12
1584,2012.01,충청북도,53.7,2012,01
1585,2012.02,충청북도,54.6,2012,02
1586,2012.03,충청북도,57.8,2012,03
1587,2012.04,충청북도,60.1,2012,04
1588,2012.05,충청북도,61.9,2012,05
1589,2012.06,충청북도,61.5,2012,06
1590,2012.07,충청북도,61.4,2012,07
1591,2012.08,충청북도,59.6,2012,08
1592,2012.09,충청북도,60.3,2012,09
1593,2012.10,충청북도,60.4,2012,10
1594,2012.11,충청북도,59.2,2012,11
1595,2012.12,충청북도,55.7,2012,12
1596,2013.01,충청북도,53.5,2013,01
1597,2013.02,충청북도,55.1,2013,02
1598,2013.03,충청북도,58.1,2013,03
1599,2013.04,충청북도,60.8,2013,04
1600,2013.05,충청북도,61.8,2013,05
1601,2013.06,충청북도,62.7,2013,06
1602,2013.07,충청북도,62.3,2013,07
1603,2013.08,충청북도,61.2,2013,08
1604,2013.09,충청북도,61.5,2013,09
1605,2013.10,충청북도,62.4,2013,10
1606,2013.11,충청북도,62.1,2013,11
1607,2013.12,충청북도,57.9,2013,12
1608,2014.01,충청북도,56.6,2014,01
1609,2014.02,충청북도,58.5,2014,02
1610,2014.03,충청북도,59.8,2014,03
1611,2014.04,충청북도,62.7,2014,04
1612,2014.05,충청북도,63.9,2014,05
1613,2014.06,충청북도,64.2,2014,06
1614,2014.07,충청북도,64.4,2014,07
1615,2014.08,충청북도,63.7,2014,08
1616,2014.09,충청북도,64.0,2014,09
1617,2014.10,충청북도,63.9,2014,10
1618,2014.11,충청북도,63.4,2014,11
1619,2014.12,충청북도,58.7,2014,12
1620,2015.01,충청북도,57.0,2015,01
1621,2015.02,충청북도,58.8,2015,02
1622,2015.03,충청북도,60.5,2015,03
1623,2015.04,충청북도,62.8,2015,04
1624,2015.05,충청북도,63.4,2015,05
1625,2015.06,충청북도,63.8,2015,06
1626,2015.07,충청북도,63.8,2015,07
1627,2015.08,충청북도,63.7,2015,08
1628,2015.09,충청북도,64.3,2015,09
1629,2015.10,충청북도,64.6,2015,10
1630,2015.11,충청북도,64.2,2015,11
1631,2015.12,충청북도,61.6,2015,12
1632,2016.01,충청북도,58.2,2016,01
1633,2016.02,충청북도,58.8,2016,02
1634,2016.03,충청북도,61.6,2016,03
1635,2016.04,충청북도,62.1,2016,04
1636,2016.05,충청북도,63.1,2016,05
1637,2016.06,충청북도,63.2,2016,06
1638,2016.07,충청북도,63.3,2016,07
1639,2016.08,충청북도,63.1,2016,08
1640,2016.09,충청북도,62.9,2016,09
1641,2016.10,충청북도,63.1,2016,10
1642,2016.11,충청북도,63.2,2016,11
1643,2016.12,충청북도,61.1,2016,12
1644,2017.01,충청북도,58.3,2017,01
1645,2017.02,충청북도,58.2,2017,02
1646,2017.03,충청북도,61.2,2017,03
1647,2017.04,충청북도,63.2,2017,04
1648,2017.05,충청북도,64.2,2017,05
1649,2017.06,충청북도,64.0,2017,06
1650,2017.07,충청북도,63.6,2017,07
1651,2017.08,충청북도,63.7,2017,08
1652,2017.09,충청북도,65.3,2017,09
1653,2017.10,충청북도,64.6,2017,10
1654,2017.11,충청북도,63.6,2017,11
1655,2017.12,충청북도,61.0,2017,12
1656,2018.01,충청북도,59.5,2018,01
1657,2018.02,충청북도,59.3,2018,02
1658,2018.03,충청북도,62.1,2018,03
1659,2018.04,충청북도,64.3,2018,04
1660,2018.05,충청북도,64.4,2018,05
1661,2018.06,충청북도,65.8,2018,06
1662,2018.07,충청북도,65.1,2018,07
1663,2018.08,충청북도,64.6,2018,08
1664,2018.09,충청북도,64.2,2018,09
1665,2018.10,충청북도,64.2,2018,10
1666,2018.11,충청북도,64.5,2018,11
1667,2018.12,충청북도,61.4,2018,12
1668,2019.01,충청북도,60.1,2019,01
1669,2019.02,충청북도,60.7,2019,02
1670,2019.03,충청북도,62.3,2019,03
1671,2019.04,충청북도,63.2,2019,04
1672,2019.05,충청북도,64.3,2019,05
1673,2019.06,충청북도,63.6,2019,06
1674,2019.07,충청북도,63.7,2019,07
1675,2019.08,충청북도,63.9,2019,08
1676,2019.09,충청북도,63.8,2019,09
1677,2019.10,충청북도,64.1,2019,10
1678,2019.11,충청북도,63.3,2019,11
1679,2019.12,충청북도,61.5,2019,12
1680,2020.01,충청북도,61.0,2020,01
1681,2020.02,충청북도,61.7,2020,02
1682,2020.03,충청북도,62.8,2020,03
1683,2020.04,충청북도,63.1,2020,04
1684,2020.05,충청북도,64.5,2020,05
1685,2020.06,충청북도,64.7,2020,06
1686,2020.07,충청북도,64.5,2020,07
1687,2020.08,충청북도,63.7,2020,08
1688,2020.09,충청북도,63.7,2020,09
1689,2020.10,충청북도,63.1,2020,10
1690,2020.11,충청북도,63.8,2020,11
1691,2020.12,충청북도,61.6,2020,12
1692,2021.01,충청북도,58.8,2021,01
1693,2021.02,충청북도,60.9,2021,02
1694,2021.03,충청북도,62.6,2021,03
1695,2021.04,충청북도,63.4,2021,04
1696,2021.05,충청북도,64.4,2021,05
1697,2021.06,충청북도,64.4,2021,06
1698,2021.07,충청북도,63.9,2021,07
1699,2021.08,충청북도,64.5,2021,08
1700,2021.09,충청북도,64.2,2021,09
1701,2021.10,충청북도,64.9,2021,10
1702,2021.11,충청북도,64.6,2021,11
1703,2021.12,충청북도,63.5,2021,12
1704,2022.01,충청북도,61.8,2022,01
1705,2022.02,충청북도,62.7,2022,02
1706,2022.03,충청북도,64.5,2022,03
1707,2022.04,충청북도,65.2,2022,04
1708,2022.05,충청북도,66.1,2022,05
1709,2022.06,충청북도,66.5,2022,06
1710,2022.07,충청북도,65.8,2022,07
1711,2022.08,충청북도,65.9,2022,08
1712,2022.09,충청북도,65.4,2022,09
1713,2022.10,충청북도,65.9,2022,10
1714,2022.11,충청북도,65.7,2022,11
1715,2022.12,충청북도,63.3,2022,12
1716,2010.01,충청남도,55.4,2010,01
1717,2010.02,충청남도,55.7,2010,02
1718,2010.03,충청남도,57.9,2010,03
1719,2010.04,충청남도,61.3,2010,04
1720,2010.05,충청남도,62.2,2010,05
1721,2010.06,충청남도,62.7,2010,06
1722,2010.07,충청남도,62.2,2010,07
1723,2010.08,충청남도,62.1,2010,08
1724,2010.09,충청남도,62.0,2010,09
1725,2010.10,충청남도,61.9,2010,10
1726,2010.11,충청남도,61.3,2010,11
1727,2010.12,충청남도,58.0,2010,12
1728,2011.01,충청남도,55.4,2011,01
1729,2011.02,충청남도,56.8,2011,02
1730,2011.03,충청남도,60.2,2011,03
1731,2011.04,충청남도,62.2,2011,04
1732,2011.05,충청남도,63.8,2011,05
1733,2011.06,충청남도,64.4,2011,06
1734,2011.07,충청남도,62.5,2011,07
1735,2011.08,충청남도,61.8,2011,08
1736,2011.09,충청남도,61.5,2011,09
1737,2011.10,충청남도,62.7,2011,10
1738,2011.11,충청남도,61.8,2011,11
1739,2011.12,충청남도,58.2,2011,12
1740,2012.01,충청남도,55.8,2012,01
1741,2012.02,충청남도,56.1,2012,02
1742,2012.03,충청남도,60.3,2012,03
1743,2012.04,충청남도,63.2,2012,04
1744,2012.05,충청남도,64.2,2012,05
1745,2012.06,충청남도,63.7,2012,06
1746,2012.07,충청남도,63.9,2012,07
1747,2012.08,충청남도,62.7,2012,08
1748,2012.09,충청남도,63.1,2012,09
1749,2012.10,충청남도,63.5,2012,10
1750,2012.11,충청남도,62.5,2012,11
1751,2012.12,충청남도,58.7,2012,12
1752,2013.01,충청남도,56.7,2013,01
1753,2013.02,충청남도,56.5,2013,02
1754,2013.03,충청남도,61.6,2013,03
1755,2013.04,충청남도,64.2,2013,04
1756,2013.05,충청남도,65.1,2013,05
1757,2013.06,충청남도,65.1,2013,06
1758,2013.07,충청남도,65.3,2013,07
1759,2013.08,충청남도,64.4,2013,08
1760,2013.09,충청남도,64.6,2013,09
1761,2013.10,충청남도,64.1,2013,10
1762,2013.11,충청남도,63.9,2013,11
1763,2013.12,충청남도,60.2,2013,12
1764,2014.01,충청남도,58.4,2014,01
1765,2014.02,충청남도,58.5,2014,02
1766,2014.03,충청남도,61.9,2014,03
1767,2014.04,충청남도,63.5,2014,04
1768,2014.05,충청남도,63.6,2014,05
1769,2014.06,충청남도,64.3,2014,06
1770,2014.07,충청남도,64.6,2014,07
1771,2014.08,충청남도,63.3,2014,08
1772,2014.09,충청남도,64.2,2014,09
1773,2014.10,충청남도,63.8,2014,10
1774,2014.11,충청남도,63.5,2014,11
1775,2014.12,충청남도,58.8,2014,12
1776,2015.01,충청남도,58.1,2015,01
1777,2015.02,충청남도,59.2,2015,02
1778,2015.03,충청남도,61.2,2015,03
1779,2015.04,충청남도,63.1,2015,04
1780,2015.05,충청남도,64.2,2015,05
1781,2015.06,충청남도,64.3,2015,06
1782,2015.07,충청남도,63.9,2015,07
1783,2015.08,충청남도,62.9,2015,08
1784,2015.09,충청남도,63.7,2015,09
1785,2015.10,충청남도,63.8,2015,10
1786,2015.11,충청남도,62.6,2015,11
1787,2015.12,충청남도,60.0,2015,12
1788,2016.01,충청남도,57.7,2016,01
1789,2016.02,충청남도,57.6,2016,02
1790,2016.03,충청남도,59.7,2016,03
1791,2016.04,충청남도,61.9,2016,04
1792,2016.05,충청남도,63.0,2016,05
1793,2016.06,충청남도,63.1,2016,06
1794,2016.07,충청남도,63.3,2016,07
1795,2016.08,충청남도,63.1,2016,08
1796,2016.09,충청남도,63.8,2016,09
1797,2016.10,충청남도,63.5,2016,10
1798,2016.11,충청남도,63.3,2016,11
1799,2016.12,충청남도,60.4,2016,12
1800,2017.01,충청남도,57.8,2017,01
1801,2017.02,충청남도,57.2,2017,02
1802,2017.03,충청남도,60.2,2017,03
1803,2017.04,충청남도,63.0,2017,04
1804,2017.05,충청남도,63.6,2017,05
1805,2017.06,충청남도,64.2,2017,06
1806,2017.07,충청남도,63.8,2017,07
1807,2017.08,충청남도,63.7,2017,08
1808,2017.09,충청남도,64.4,2017,09
1809,2017.10,충청남도,64.1,2017,10
1810,2017.11,충청남도,63.9,2017,11
1811,2017.12,충청남도,61.5,2017,12
1812,2018.01,충청남도,59.5,2018,01
1813,2018.02,충청남도,58.9,2018,02
1814,2018.03,충청남도,61.2,2018,03
1815,2018.04,충청남도,63.9,2018,04
1816,2018.05,충청남도,64.9,2018,05
1817,2018.06,충청남도,64.6,2018,06
1818,2018.07,충청남도,65.8,2018,07
1819,2018.08,충청남도,65.5,2018,08
1820,2018.09,충청남도,65.9,2018,09
1821,2018.10,충청남도,65.4,2018,10
1822,2018.11,충청남도,65.5,2018,11
1823,2018.12,충청남도,61.4,2018,12
1824,2019.01,충청남도,60.8,2019,01
1825,2019.02,충청남도,61.0,2019,02
1826,2019.03,충청남도,63.7,2019,03
1827,2019.04,충청남도,64.5,2019,04
1828,2019.05,충청남도,65.1,2019,05
1829,2019.06,충청남도,64.7,2019,06
1830,2019.07,충청남도,64.5,2019,07
1831,2019.08,충청남도,64.0,2019,08
1832,2019.09,충청남도,64.2,2019,09
1833,2019.10,충청남도,65.2,2019,10
1834,2019.11,충청남도,64.2,2019,11
1835,2019.12,충청남도,61.9,2019,12
1836,2020.01,충청남도,59.1,2020,01
1837,2020.02,충청남도,59.4,2020,02
1838,2020.03,충청남도,60.9,2020,03
1839,2020.04,충청남도,62.3,2020,04
1840,2020.05,충청남도,63.2,2020,05
1841,2020.06,충청남도,64.0,2020,06
1842,2020.07,충청남도,64.2,2020,07
1843,2020.08,충청남도,64.0,2020,08
1844,2020.09,충청남도,63.9,2020,09
1845,2020.10,충청남도,64.7,2020,10
1846,2020.11,충청남도,63.2,2020,11
1847,2020.12,충청남도,60.0,2020,12
1848,2021.01,충청남도,56.7,2021,01
1849,2021.02,충청남도,58.7,2021,02
1850,2021.03,충청남도,61.6,2021,03
1851,2021.04,충청남도,63.6,2021,04
1852,2021.05,충청남도,64.7,2021,05
1853,2021.06,충청남도,64.7,2021,06
1854,2021.07,충청남도,65.0,2021,07
1855,2021.08,충청남도,64.9,2021,08
1856,2021.09,충청남도,65.2,2021,09
1857,2021.10,충청남도,65.4,2021,10
1858,2021.11,충청남도,64.3,2021,11
1859,2021.12,충청남도,61.6,2021,12
1860,2022.01,충청남도,59.2,2022,01
1861,2022.02,충청남도,59.4,2022,02
1862,2022.03,충청남도,62.9,2022,03
1863,2022.04,충청남도,64.1,2022,04
1864,2022.05,충청남도,65.5,2022,05
1865,2022.06,충청남도,65.6,2022,06
1866,2022.07,충청남도,66.2,2022,07
1867,2022.08,충청남도,66.4,2022,08
1868,2022.09,충청남도,66.5,2022,09
1869,2022.10,충청남도,67.1,2022,10
1870,2022.11,충청남도,66.2,2022,11
1871,2022.12,충청남도,61.9,2022,12
1872,2010.01,전라북도,53.4,2010,01
1873,2010.02,전라북도,53.9,2010,02
1874,2010.03,전라북도,56.0,2010,03
1875,2010.04,전라북도,57.8,2010,04
1876,2010.05,전라북도,59.5,2010,05
1877,2010.06,전라북도,59.6,2010,06
1878,2010.07,전라북도,58.6,2010,07
1879,2010.08,전라북도,57.6,2010,08
1880,2010.09,전라북도,57.6,2010,09
1881,2010.10,전라북도,58.2,2010,10
1882,2010.11,전라북도,57.0,2010,11
1883,2010.12,전라북도,54.4,2010,12
1884,2011.01,전라북도,52.5,2011,01
1885,2011.02,전라북도,53.0,2011,02
1886,2011.03,전라북도,56.0,2011,03
1887,2011.04,전라북도,58.5,2011,04
1888,2011.05,전라북도,59.5,2011,05
1889,2011.06,전라북도,59.6,2011,06
1890,2011.07,전라북도,58.7,2011,07
1891,2011.08,전라북도,59.0,2011,08
1892,2011.09,전라북도,59.1,2011,09
1893,2011.10,전라북도,59.6,2011,10
1894,2011.11,전라북도,59.1,2011,11
1895,2011.12,전라북도,55.9,2011,12
1896,2012.01,전라북도,52.9,2012,01
1897,2012.02,전라북도,53.2,2012,02
1898,2012.03,전라북도,55.9,2012,03
1899,2012.04,전라북도,57.9,2012,04
1900,2012.05,전라북도,59.6,2012,05
1901,2012.06,전라북도,59.5,2012,06
1902,2012.07,전라북도,59.0,2012,07
1903,2012.08,전라북도,59.1,2012,08
1904,2012.09,전라북도,59.8,2012,09
1905,2012.10,전라북도,59.4,2012,10
1906,2012.11,전라북도,58.5,2012,11
1907,2012.12,전라북도,55.8,2012,12
1908,2013.01,전라북도,54.5,2013,01
1909,2013.02,전라북도,54.7,2013,02
1910,2013.03,전라북도,56.7,2013,03
1911,2013.04,전라북도,58.9,2013,04
1912,2013.05,전라북도,61.0,2013,05
1913,2013.06,전라북도,60.4,2013,06
1914,2013.07,전라북도,60.9,2013,07
1915,2013.08,전라북도,59.8,2013,08
1916,2013.09,전라북도,60.1,2013,09
1917,2013.10,전라북도,60.2,2013,10
1918,2013.11,전라북도,59.6,2013,11
1919,2013.12,전라북도,56.1,2013,12
1920,2014.01,전라북도,54.6,2014,01
1921,2014.02,전라북도,54.5,2014,02
1922,2014.03,전라북도,56.3,2014,03
1923,2014.04,전라북도,58.8,2014,04
1924,2014.05,전라북도,60.1,2014,05
1925,2014.06,전라북도,59.8,2014,06
1926,2014.07,전라북도,59.3,2014,07
1927,2014.08,전라북도,59.3,2014,08
1928,2014.09,전라북도,59.6,2014,09
1929,2014.10,전라북도,60.5,2014,10
1930,2014.11,전라북도,60.1,2014,11
1931,2014.12,전라북도,56.5,2014,12
1932,2015.01,전라북도,55.6,2015,01
1933,2015.02,전라북도,56.2,2015,02
1934,2015.03,전라북도,57.7,2015,03
1935,2015.04,전라북도,59.6,2015,04
1936,2015.05,전라북도,60.9,2015,05
1937,2015.06,전라북도,60.4,2015,06
1938,2015.07,전라북도,60.5,2015,07
1939,2015.08,전라북도,60.4,2015,08
1940,2015.09,전라북도,60.9,2015,09
1941,2015.10,전라북도,60.6,2015,10
1942,2015.11,전라북도,59.9,2015,11
1943,2015.12,전라북도,57.2,2015,12
1944,2016.01,전라북도,56.0,2016,01
1945,2016.02,전라북도,56.5,2016,02
1946,2016.03,전라북도,58.9,2016,03
1947,2016.04,전라북도,60.5,2016,04
1948,2016.05,전라북도,61.1,2016,05
1949,2016.06,전라북도,61.4,2016,06
1950,2016.07,전라북도,61.3,2016,07
1951,2016.08,전라북도,61.8,2016,08
1952,2016.09,전라북도,61.8,2016,09
1953,2016.10,전라북도,61.5,2016,10
1954,2016.11,전라북도,60.5,2016,11
1955,2016.12,전라북도,58.0,2016,12
1956,2017.01,전라북도,56.6,2017,01
1957,2017.02,전라북도,55.9,2017,02
1958,2017.03,전라북도,58.2,2017,03
1959,2017.04,전라북도,59.6,2017,04
1960,2017.05,전라북도,60.1,2017,05
1961,2017.06,전라북도,59.5,2017,06
1962,2017.07,전라북도,59.4,2017,07
1963,2017.08,전라북도,58.8,2017,08
1964,2017.09,전라북도,59.7,2017,09
1965,2017.10,전라북도,59.5,2017,10
1966,2017.11,전라북도,59.4,2017,11
1967,2017.12,전라북도,56.6,2017,12
1968,2018.01,전라북도,55.4,2018,01
1969,2018.02,전라북도,56.1,2018,02
1970,2018.03,전라북도,57.4,2018,03
1971,2018.04,전라북도,58.7,2018,04
1972,2018.05,전라북도,59.3,2018,05
1973,2018.06,전라북도,59.2,2018,06
1974,2018.07,전라북도,59.1,2018,07
1975,2018.08,전라북도,58.4,2018,08
1976,2018.09,전라북도,59.3,2018,09
1977,2018.10,전라북도,59.5,2018,10
1978,2018.11,전라북도,59.3,2018,11
1979,2018.12,전라북도,57.9,2018,12
1980,2019.01,전라북도,57.1,2019,01
1981,2019.02,전라북도,57.6,2019,02
1982,2019.03,전라북도,58.2,2019,03
1983,2019.04,전라북도,59.6,2019,04
1984,2019.05,전라북도,60.3,2019,05
1985,2019.06,전라북도,60.4,2019,06
1986,2019.07,전라북도,60.2,2019,07
1987,2019.08,전라북도,59.3,2019,08
1988,2019.09,전라북도,59.8,2019,09
1989,2019.10,전라북도,59.8,2019,10
1990,2019.11,전라북도,60.4,2019,11
1991,2019.12,전라북도,59.4,2019,12
1992,2020.01,전라북도,58.2,2020,01
1993,2020.02,전라북도,58.0,2020,02
1994,2020.03,전라북도,58.2,2020,03
1995,2020.04,전라북도,58.7,2020,04
1996,2020.05,전라북도,59.8,2020,05
1997,2020.06,전라북도,60.7,2020,06
1998,2020.07,전라북도,60.9,2020,07
1999,2020.08,전라북도,60.6,2020,08
2000,2020.09,전라북도,61.2,2020,09
2001,2020.10,전라북도,61.6,2020,10
2002,2020.11,전라북도,62.2,2020,11
2003,2020.12,전라북도,59.1,2020,12
2004,2021.01,전라북도,57.4,2021,01
2005,2021.02,전라북도,59.7,2021,02
2006,2021.03,전라북도,60.9,2021,03
2007,2021.04,전라북도,61.0,2021,04
2008,2021.05,전라북도,61.8,2021,05
2009,2021.06,전라북도,62.8,2021,06
2010,2021.07,전라북도,62.4,2021,07
2011,2021.08,전라북도,62.3,2021,08
2012,2021.09,전라북도,62.4,2021,09
2013,2021.10,전라북도,62.5,2021,10
2014,2021.11,전라북도,62.3,2021,11
2015,2021.12,전라북도,59.4,2021,12
2016,2022.01,전라북도,59.3,2022,01
2017,2022.02,전라북도,60.0,2022,02
2018,2022.03,전라북도,60.8,2022,03
2019,2022.04,전라북도,62.7,2022,04
2020,2022.05,전라북도,63.6,2022,05
2021,2022.06,전라북도,63.6,2022,06
2022,2022.07,전라북도,64.5,2022,07
2023,2022.08,전라북도,63.2,2022,08
2024,2022.09,전라북도,63.3,2022,09
2025,2022.10,전라북도,63.3,2022,10
2026,2022.11,전라북도,63.1,2022,11
2027,2022.12,전라북도,59.0,2022,12
2028,2010.01,전라남도,61.2,2010,01
2029,2010.02,전라남도,62.3,2010,02
2030,2010.03,전라남도,62.4,2010,03
2031,2010.04,전라남도,63.4,2010,04
2032,2010.05,전라남도,64.1,2010,05
2033,2010.06,전라남도,63.2,2010,06
2034,2010.07,전라남도,62.2,2010,07
2035,2010.08,전라남도,60.6,2010,08
2036,2010.09,전라남도,61.9,2010,09
2037,2010.10,전라남도,62.8,2010,10
2038,2010.11,전라남도,62.4,2010,11
2039,2010.12,전라남도,61.0,2010,12
2040,2011.01,전라남도,57.7,2011,01
2041,2011.02,전라남도,59.0,2011,02
2042,2011.03,전라남도,61.4,2011,03
2043,2011.04,전라남도,62.5,2011,04
2044,2011.05,전라남도,63.8,2011,05
2045,2011.06,전라남도,64.7,2011,06
2046,2011.07,전라남도,63.9,2011,07
2047,2011.08,전라남도,63.4,2011,08
2048,2011.09,전라남도,62.9,2011,09
2049,2011.10,전라남도,63.9,2011,10
2050,2011.11,전라남도,62.9,2011,11
2051,2011.12,전라남도,61.0,2011,12
2052,2012.01,전라남도,60.3,2012,01
2053,2012.02,전라남도,60.9,2012,02
2054,2012.03,전라남도,62.3,2012,03
2055,2012.04,전라남도,63.6,2012,04
2056,2012.05,전라남도,64.7,2012,05
2057,2012.06,전라남도,64.9,2012,06
2058,2012.07,전라남도,64.0,2012,07
2059,2012.08,전라남도,63.5,2012,08
2060,2012.09,전라남도,64.2,2012,09
2061,2012.10,전라남도,63.9,2012,10
2062,2012.11,전라남도,64.0,2012,11
2063,2012.12,전라남도,62.1,2012,12
2064,2013.01,전라남도,60.6,2013,01
2065,2013.02,전라남도,60.4,2013,02
2066,2013.03,전라남도,61.3,2013,03
2067,2013.04,전라남도,63.3,2013,04
2068,2013.05,전라남도,64.0,2013,05
2069,2013.06,전라남도,64.0,2013,06
2070,2013.07,전라남도,63.5,2013,07
2071,2013.08,전라남도,63.0,2013,08
2072,2013.09,전라남도,63.4,2013,09
2073,2013.10,전라남도,63.9,2013,10
2074,2013.11,전라남도,62.7,2013,11
2075,2013.12,전라남도,61.4,2013,12
2076,2014.01,전라남도,59.5,2014,01
2077,2014.02,전라남도,59.7,2014,02
2078,2014.03,전라남도,61.0,2014,03
2079,2014.04,전라남도,63.1,2014,04
2080,2014.05,전라남도,64.1,2014,05
2081,2014.06,전라남도,62.9,2014,06
2082,2014.07,전라남도,62.2,2014,07
2083,2014.08,전라남도,61.9,2014,08
2084,2014.09,전라남도,62.8,2014,09
2085,2014.10,전라남도,63.8,2014,10
2086,2014.11,전라남도,63.4,2014,11
2087,2014.12,전라남도,61.5,2014,12
2088,2015.01,전라남도,60.4,2015,01
2089,2015.02,전라남도,60.4,2015,02
2090,2015.03,전라남도,61.6,2015,03
2091,2015.04,전라남도,62.7,2015,04
2092,2015.05,전라남도,63.6,2015,05
2093,2015.06,전라남도,64.5,2015,06
2094,2015.07,전라남도,63.9,2015,07
2095,2015.08,전라남도,63.2,2015,08
2096,2015.09,전라남도,63.6,2015,09
2097,2015.10,전라남도,63.9,2015,10
2098,2015.11,전라남도,63.8,2015,11
2099,2015.12,전라남도,62.2,2015,12
2100,2016.01,전라남도,59.0,2016,01
2101,2016.02,전라남도,59.0,2016,02
2102,2016.03,전라남도,61.6,2016,03
2103,2016.04,전라남도,63.1,2016,04
2104,2016.05,전라남도,63.4,2016,05
2105,2016.06,전라남도,63.6,2016,06
2106,2016.07,전라남도,63.9,2016,07
2107,2016.08,전라남도,64.5,2016,08
2108,2016.09,전라남도,64.4,2016,09
2109,2016.10,전라남도,64.2,2016,10
2110,2016.11,전라남도,64.1,2016,11
2111,2016.12,전라남도,61.2,2016,12
2112,2017.01,전라남도,58.7,2017,01
2113,2017.02,전라남도,59.7,2017,02
2114,2017.03,전라남도,61.1,2017,03
2115,2017.04,전라남도,62.1,2017,04
2116,2017.05,전라남도,63.0,2017,05
2117,2017.06,전라남도,63.1,2017,06
2118,2017.07,전라남도,62.5,2017,07
2119,2017.08,전라남도,62.6,2017,08
2120,2017.09,전라남도,63.5,2017,09
2121,2017.10,전라남도,63.6,2017,10
2122,2017.11,전라남도,63.5,2017,11
2123,2017.12,전라남도,61.8,2017,12
2124,2018.01,전라남도,60.2,2018,01
2125,2018.02,전라남도,59.7,2018,02
2126,2018.03,전라남도,61.1,2018,03
2127,2018.04,전라남도,62.9,2018,04
2128,2018.05,전라남도,63.2,2018,05
2129,2018.06,전라남도,62.9,2018,06
2130,2018.07,전라남도,62.7,2018,07
2131,2018.08,전라남도,62.5,2018,08
2132,2018.09,전라남도,63.3,2018,09
2133,2018.10,전라남도,63.8,2018,10
2134,2018.11,전라남도,63.7,2018,11
2135,2018.12,전라남도,63.1,2018,12
2136,2019.01,전라남도,61.2,2019,01
2137,2019.02,전라남도,61.6,2019,02
2138,2019.03,전라남도,62.9,2019,03
2139,2019.04,전라남도,63.0,2019,04
2140,2019.05,전라남도,63.5,2019,05
2141,2019.06,전라남도,63.5,2019,06
2142,2019.07,전라남도,63.0,2019,07
2143,2019.08,전라남도,63.7,2019,08
2144,2019.09,전라남도,65.0,2019,09
2145,2019.10,전라남도,65.2,2019,10
2146,2019.11,전라남도,64.8,2019,11
2147,2019.12,전라남도,63.6,2019,12
2148,2020.01,전라남도,62.4,2020,01
2149,2020.02,전라남도,63.3,2020,02
2150,2020.03,전라남도,62.8,2020,03
2151,2020.04,전라남도,62.9,2020,04
2152,2020.05,전라남도,64.3,2020,05
2153,2020.06,전라남도,65.0,2020,06
2154,2020.07,전라남도,64.5,2020,07
2155,2020.08,전라남도,64.5,2020,08
2156,2020.09,전라남도,64.5,2020,09
2157,2020.10,전라남도,64.9,2020,10
2158,2020.11,전라남도,64.7,2020,11
2159,2020.12,전라남도,62.6,2020,12
2160,2021.01,전라남도,60.4,2021,01
2161,2021.02,전라남도,62.5,2021,02
2162,2021.03,전라남도,63.6,2021,03
2163,2021.04,전라남도,64.4,2021,04
2164,2021.05,전라남도,65.7,2021,05
2165,2021.06,전라남도,65.8,2021,06
2166,2021.07,전라남도,65.1,2021,07
2167,2021.08,전라남도,65.6,2021,08
2168,2021.09,전라남도,66.3,2021,09
2169,2021.10,전라남도,66.7,2021,10
2170,2021.11,전라남도,66.1,2021,11
2171,2021.12,전라남도,63.2,2021,12
2172,2022.01,전라남도,63.3,2022,01
2173,2022.02,전라남도,64.6,2022,02
2174,2022.03,전라남도,65.2,2022,03
2175,2022.04,전라남도,66.4,2022,04
2176,2022.05,전라남도,67.9,2022,05
2177,2022.06,전라남도,66.9,2022,06
2178,2022.07,전라남도,66.3,2022,07
2179,2022.08,전라남도,67.0,2022,08
2180,2022.09,전라남도,67.6,2022,09
2181,2022.10,전라남도,67.3,2022,10
2182,2022.11,전라남도,67.9,2022,11
2183,2022.12,전라남도,65.0,2022,12
2184,2010.01,경상북도,57.4,2010,01
2185,2010.02,경상북도,57.9,2010,02
2186,2010.03,경상북도,60.5,2010,03
2187,2010.04,경상북도,63.3,2010,04
2188,2010.05,경상북도,64.7,2010,05
2189,2010.06,경상북도,65.0,2010,06
2190,2010.07,경상북도,64.7,2010,07
2191,2010.08,경상북도,62.9,2010,08
2192,2010.09,경상북도,63.7,2010,09
2193,2010.10,경상북도,63.6,2010,10
2194,2010.11,경상북도,63.5,2010,11
2195,2010.12,경상북도,60.7,2010,12
2196,2011.01,경상북도,57.0,2011,01
2197,2011.02,경상북도,57.8,2011,02
2198,2011.03,경상북도,60.4,2011,03
2199,2011.04,경상북도,61.9,2011,04
2200,2011.05,경상북도,63.9,2011,05
2201,2011.06,경상북도,64.0,2011,06
2202,2011.07,경상북도,64.3,2011,07
2203,2011.08,경상북도,63.7,2011,08
2204,2011.09,경상북도,63.0,2011,09
2205,2011.10,경상북도,63.8,2011,10
2206,2011.11,경상북도,63.1,2011,11
2207,2011.12,경상북도,59.5,2011,12
2208,2012.01,경상북도,58.0,2012,01
2209,2012.02,경상북도,58.4,2012,02
2210,2012.03,경상북도,61.3,2012,03
2211,2012.04,경상북도,62.9,2012,04
2212,2012.05,경상북도,64.0,2012,05
2213,2012.06,경상북도,63.9,2012,06
2214,2012.07,경상북도,63.8,2012,07
2215,2012.08,경상북도,63.3,2012,08
2216,2012.09,경상북도,63.6,2012,09
2217,2012.10,경상북도,63.8,2012,10
2218,2012.11,경상북도,63.7,2012,11
2219,2012.12,경상북도,59.8,2012,12
2220,2013.01,경상북도,57.4,2013,01
2221,2013.02,경상북도,58.0,2013,02
2222,2013.03,경상북도,60.7,2013,03
2223,2013.04,경상북도,63.0,2013,04
2224,2013.05,경상북도,64.5,2013,05
2225,2013.06,경상북도,64.0,2013,06
2226,2013.07,경상북도,63.3,2013,07
2227,2013.08,경상북도,63.4,2013,08
2228,2013.09,경상북도,63.5,2013,09
2229,2013.10,경상북도,63.7,2013,10
2230,2013.11,경상북도,63.6,2013,11
2231,2013.12,경상북도,59.8,2013,12
2232,2014.01,경상북도,59.9,2014,01
2233,2014.02,경상북도,60.3,2014,02
2234,2014.03,경상북도,62.7,2014,03
2235,2014.04,경상북도,64.2,2014,04
2236,2014.05,경상북도,64.6,2014,05
2237,2014.06,경상북도,64.6,2014,06
2238,2014.07,경상북도,64.7,2014,07
2239,2014.08,경상북도,64.3,2014,08
2240,2014.09,경상북도,64.1,2014,09
2241,2014.10,경상북도,64.4,2014,10
2242,2014.11,경상북도,63.8,2014,11
2243,2014.12,경상북도,60.9,2014,12
2244,2015.01,경상북도,59.2,2015,01
2245,2015.02,경상북도,59.4,2015,02
2246,2015.03,경상북도,61.6,2015,03
2247,2015.04,경상북도,63.1,2015,04
2248,2015.05,경상북도,63.9,2015,05
2249,2015.06,경상북도,63.4,2015,06
2250,2015.07,경상북도,63.4,2015,07
2251,2015.08,경상북도,62.9,2015,08
2252,2015.09,경상북도,62.9,2015,09
2253,2015.10,경상북도,63.8,2015,10
2254,2015.11,경상북도,63.5,2015,11
2255,2015.12,경상북도,61.2,2015,12
2256,2016.01,경상북도,60.1,2016,01
2257,2016.02,경상북도,60.2,2016,02
2258,2016.03,경상북도,61.6,2016,03
2259,2016.04,경상북도,62.4,2016,04
2260,2016.05,경상북도,63.4,2016,05
2261,2016.06,경상북도,63.9,2016,06
2262,2016.07,경상북도,63.1,2016,07
2263,2016.08,경상북도,63.2,2016,08
2264,2016.09,경상북도,62.7,2016,09
2265,2016.10,경상북도,63.5,2016,10
2266,2016.11,경상북도,63.3,2016,11
2267,2016.12,경상북도,61.4,2016,12
2268,2017.01,경상북도,60.0,2017,01
2269,2017.02,경상북도,60.6,2017,02
2270,2017.03,경상북도,61.9,2017,03
2271,2017.04,경상북도,62.4,2017,04
2272,2017.05,경상북도,63.8,2017,05
2273,2017.06,경상북도,64.0,2017,06
2274,2017.07,경상북도,63.4,2017,07
2275,2017.08,경상북도,63.0,2017,08
2276,2017.09,경상북도,63.3,2017,09
2277,2017.10,경상북도,63.4,2017,10
2278,2017.11,경상북도,62.9,2017,11
2279,2017.12,경상북도,60.8,2017,12
2280,2018.01,경상북도,59.3,2018,01
2281,2018.02,경상북도,58.7,2018,02
2282,2018.03,경상북도,60.6,2018,03
2283,2018.04,경상북도,62.1,2018,04
2284,2018.05,경상북도,62.3,2018,05
2285,2018.06,경상북도,62.4,2018,06
2286,2018.07,경상북도,62.2,2018,07
2287,2018.08,경상북도,62.2,2018,08
2288,2018.09,경상북도,62.5,2018,09
2289,2018.10,경상북도,63.1,2018,10
2290,2018.11,경상북도,63.2,2018,11
2291,2018.12,경상북도,60.5,2018,12
2292,2019.01,경상북도,58.8,2019,01
2293,2019.02,경상북도,59.8,2019,02
2294,2019.03,경상북도,61.0,2019,03
2295,2019.04,경상북도,61.4,2019,04
2296,2019.05,경상북도,62.0,2019,05
2297,2019.06,경상북도,62.4,2019,06
2298,2019.07,경상북도,62.4,2019,07
2299,2019.08,경상북도,62.5,2019,08
2300,2019.09,경상북도,62.4,2019,09
2301,2019.10,경상북도,62.8,2019,10
2302,2019.11,경상북도,63.5,2019,11
2303,2019.12,경상북도,61.1,2019,12
2304,2020.01,경상북도,60.0,2020,01
2305,2020.02,경상북도,60.6,2020,02
2306,2020.03,경상북도,60.0,2020,03
2307,2020.04,경상북도,60.1,2020,04
2308,2020.05,경상북도,61.2,2020,05
2309,2020.06,경상북도,61.3,2020,06
2310,2020.07,경상북도,62.3,2020,07
2311,2020.08,경상북도,62.1,2020,08
2312,2020.09,경상북도,62.0,2020,09
2313,2020.10,경상북도,62.0,2020,10
2314,2020.11,경상북도,62.3,2020,11
2315,2020.12,경상북도,59.7,2020,12
2316,2021.01,경상북도,57.5,2021,01
2317,2021.02,경상북도,58.4,2021,02
2318,2021.03,경상북도,59.7,2021,03
2319,2021.04,경상북도,60.9,2021,04
2320,2021.05,경상북도,61.5,2021,05
2321,2021.06,경상북도,61.6,2021,06
2322,2021.07,경상북도,62.3,2021,07
2323,2021.08,경상북도,62.0,2021,08
2324,2021.09,경상북도,62.7,2021,09
2325,2021.10,경상북도,62.8,2021,10
2326,2021.11,경상북도,62.2,2021,11
2327,2021.12,경상북도,60.5,2021,12
2328,2022.01,경상북도,59.1,2022,01
2329,2022.02,경상북도,60.3,2022,02
2330,2022.03,경상북도,62.3,2022,03
2331,2022.04,경상북도,63.3,2022,04
2332,2022.05,경상북도,64.7,2022,05
2333,2022.06,경상북도,64.4,2022,06
2334,2022.07,경상북도,63.9,2022,07
2335,2022.08,경상북도,64.0,2022,08
2336,2022.09,경상북도,63.4,2022,09
2337,2022.10,경상북도,64.2,2022,10
2338,2022.11,경상북도,63.8,2022,11
2339,2022.12,경상북도,60.9,2022,12
2340,2010.01,경상남도,57.4,2010,01
2341,2010.02,경상남도,57.3,2010,02
2342,2010.03,경상남도,58.8,2010,03
2343,2010.04,경상남도,60.2,2010,04
2344,2010.05,경상남도,60.9,2010,05
2345,2010.06,경상남도,61.3,2010,06
2346,2010.07,경상남도,60.8,2010,07
2347,2010.08,경상남도,60.0,2010,08
2348,2010.09,경상남도,59.9,2010,09
2349,2010.10,경상남도,60.6,2010,10
2350,2010.11,경상남도,60.3,2010,11
2351,2010.12,경상남도,59.1,2010,12
2352,2011.01,경상남도,58.0,2011,01
2353,2011.02,경상남도,59.2,2011,02
2354,2011.03,경상남도,60.8,2011,03
2355,2011.04,경상남도,61.8,2011,04
2356,2011.05,경상남도,62.4,2011,05
2357,2011.06,경상남도,62.3,2011,06
2358,2011.07,경상남도,60.6,2011,07
2359,2011.08,경상남도,60.3,2011,08
2360,2011.09,경상남도,60.3,2011,09
2361,2011.10,경상남도,61.7,2011,10
2362,2011.11,경상남도,61.6,2011,11
2363,2011.12,경상남도,59.9,2011,12
2364,2012.01,경상남도,58.9,2012,01
2365,2012.02,경상남도,59.1,2012,02
2366,2012.03,경상남도,59.8,2012,03
2367,2012.04,경상남도,61.2,2012,04
2368,2012.05,경상남도,61.5,2012,05
2369,2012.06,경상남도,61.2,2012,06
2370,2012.07,경상남도,60.4,2012,07
2371,2012.08,경상남도,60.5,2012,08
2372,2012.09,경상남도,60.2,2012,09
2373,2012.10,경상남도,60.5,2012,10
2374,2012.11,경상남도,60.6,2012,11
2375,2012.12,경상남도,58.3,2012,12
2376,2013.01,경상남도,57.8,2013,01
2377,2013.02,경상남도,58.4,2013,02
2378,2013.03,경상남도,59.7,2013,03
2379,2013.04,경상남도,60.6,2013,04
2380,2013.05,경상남도,61.2,2013,05
2381,2013.06,경상남도,61.8,2013,06
2382,2013.07,경상남도,61.4,2013,07
2383,2013.08,경상남도,60.4,2013,08
2384,2013.09,경상남도,60.8,2013,09
2385,2013.10,경상남도,61.0,2013,10
2386,2013.11,경상남도,61.4,2013,11
2387,2013.12,경상남도,59.7,2013,12
2388,2014.01,경상남도,59.9,2014,01
2389,2014.02,경상남도,60.0,2014,02
2390,2014.03,경상남도,60.2,2014,03
2391,2014.04,경상남도,60.8,2014,04
2392,2014.05,경상남도,61.0,2014,05
2393,2014.06,경상남도,60.4,2014,06
2394,2014.07,경상남도,60.3,2014,07
2395,2014.08,경상남도,60.2,2014,08
2396,2014.09,경상남도,60.3,2014,09
2397,2014.10,경상남도,59.8,2014,10
2398,2014.11,경상남도,60.5,2014,11
2399,2014.12,경상남도,58.9,2014,12
2400,2015.01,경상남도,58.3,2015,01
2401,2015.02,경상남도,58.5,2015,02
2402,2015.03,경상남도,59.2,2015,03
2403,2015.04,경상남도,60.5,2015,04
2404,2015.05,경상남도,61.3,2015,05
2405,2015.06,경상남도,61.2,2015,06
2406,2015.07,경상남도,61.5,2015,07
2407,2015.08,경상남도,61.1,2015,08
2408,2015.09,경상남도,61.7,2015,09
2409,2015.10,경상남도,61.7,2015,10
2410,2015.11,경상남도,61.3,2015,11
2411,2015.12,경상남도,60.6,2015,12
2412,2016.01,경상남도,59.0,2016,01
2413,2016.02,경상남도,59.8,2016,02
2414,2016.03,경상남도,59.8,2016,03
2415,2016.04,경상남도,60.5,2016,04
2416,2016.05,경상남도,60.5,2016,05
2417,2016.06,경상남도,60.9,2016,06
2418,2016.07,경상남도,61.0,2016,07
2419,2016.08,경상남도,60.8,2016,08
2420,2016.09,경상남도,61.2,2016,09
2421,2016.10,경상남도,61.3,2016,10
2422,2016.11,경상남도,61.4,2016,11
2423,2016.12,경상남도,60.9,2016,12
2424,2017.01,경상남도,59.5,2017,01
2425,2017.02,경상남도,59.7,2017,02
2426,2017.03,경상남도,60.4,2017,03
2427,2017.04,경상남도,61.6,2017,04
2428,2017.05,경상남도,61.5,2017,05
2429,2017.06,경상남도,61.2,2017,06
2430,2017.07,경상남도,61.1,2017,07
2431,2017.08,경상남도,60.9,2017,08
2432,2017.09,경상남도,61.3,2017,09
2433,2017.10,경상남도,61.5,2017,10
2434,2017.11,경상남도,61.1,2017,11
2435,2017.12,경상남도,60.8,2017,12
2436,2018.01,경상남도,59.5,2018,01
2437,2018.02,경상남도,59.5,2018,02
2438,2018.03,경상남도,60.3,2018,03
2439,2018.04,경상남도,61.0,2018,04
2440,2018.05,경상남도,62.3,2018,05
2441,2018.06,경상남도,62.8,2018,06
2442,2018.07,경상남도,62.6,2018,07
2443,2018.08,경상남도,61.4,2018,08
2444,2018.09,경상남도,62.4,2018,09
2445,2018.10,경상남도,61.9,2018,10
2446,2018.11,경상남도,61.9,2018,11
2447,2018.12,경상남도,61.0,2018,12
2448,2019.01,경상남도,60.1,2019,01
2449,2019.02,경상남도,60.3,2019,02
2450,2019.03,경상남도,61.3,2019,03
2451,2019.04,경상남도,61.0,2019,04
2452,2019.05,경상남도,61.6,2019,05
2453,2019.06,경상남도,61.5,2019,06
2454,2019.07,경상남도,61.4,2019,07
2455,2019.08,경상남도,61.5,2019,08
2456,2019.09,경상남도,61.4,2019,09
2457,2019.10,경상남도,61.9,2019,10
2458,2019.11,경상남도,62.0,2019,11
2459,2019.12,경상남도,61.3,2019,12
2460,2020.01,경상남도,60.8,2020,01
2461,2020.02,경상남도,60.7,2020,02
2462,2020.03,경상남도,60.2,2020,03
2463,2020.04,경상남도,60.0,2020,04
2464,2020.05,경상남도,60.4,2020,05
2465,2020.06,경상남도,61.1,2020,06
2466,2020.07,경상남도,61.1,2020,07
2467,2020.08,경상남도,61.1,2020,08
2468,2020.09,경상남도,60.6,2020,09
2469,2020.10,경상남도,60.8,2020,10
2470,2020.11,경상남도,61.2,2020,11
2471,2020.12,경상남도,59.0,2020,12
2472,2021.01,경상남도,57.9,2021,01
2473,2021.02,경상남도,58.8,2021,02
2474,2021.03,경상남도,60.0,2021,03
2475,2021.04,경상남도,61.2,2021,04
2476,2021.05,경상남도,61.9,2021,05
2477,2021.06,경상남도,62.1,2021,06
2478,2021.07,경상남도,61.8,2021,07
2479,2021.08,경상남도,61.4,2021,08
2480,2021.09,경상남도,61.7,2021,09
2481,2021.10,경상남도,61.5,2021,10
2482,2021.11,경상남도,61.1,2021,11
2483,2021.12,경상남도,58.6,2021,12
2484,2022.01,경상남도,58.7,2022,01
2485,2022.02,경상남도,59.9,2022,02
2486,2022.03,경상남도,61.3,2022,03
2487,2022.04,경상남도,61.8,2022,04
2488,2022.05,경상남도,62.0,2022,05
2489,2022.06,경상남도,61.9,2022,06
2490,2022.07,경상남도,61.5,2022,07
2491,2022.08,경상남도,61.1,2022,08
2492,2022.09,경상남도,61.1,2022,09
2493,2022.10,경상남도,61.4,2022,10
2494,2022.11,경상남도,61.8,2022,11
2495,2022.12,경상남도,60.2,2022,12
2496,2010.01,제주특별자치도,65.1,2010,01
2497,2010.02,제주특별자치도,63.5,2010,02
2498,2010.03,제주특별자치도,64.8,2010,03
2499,2010.04,제주특별자치도,64.5,2010,04
2500,2010.05,제주특별자치도,65.8,2010,05
2501,2010.06,제주특별자치도,65.5,2010,06
2502,2010.07,제주특별자치도,64.9,2010,07
2503,2010.08,제주특별자치도,64.7,2010,08
2504,2010.09,제주특별자치도,64.5,2010,09
2505,2010.10,제주특별자치도,65.3,2010,10
2506,2010.11,제주특별자치도,66.7,2010,11
2507,2010.12,제주특별자치도,66.3,2010,12
2508,2011.01,제주특별자치도,63.7,2011,01
2509,2011.02,제주특별자치도,64.8,2011,02
2510,2011.03,제주특별자치도,64.5,2011,03
2511,2011.04,제주특별자치도,66.1,2011,04
2512,2011.05,제주특별자치도,66.4,2011,05
2513,2011.06,제주특별자치도,65.7,2011,06
2514,2011.07,제주특별자치도,66.2,2011,07
2515,2011.08,제주특별자치도,66.2,2011,08
2516,2011.09,제주특별자치도,65.2,2011,09
2517,2011.10,제주특별자치도,66.3,2011,10
2518,2011.11,제주특별자치도,68.3,2011,11
2519,2011.12,제주특별자치도,68.9,2011,12
2520,2012.01,제주특별자치도,66.5,2012,01
2521,2012.02,제주특별자치도,65.6,2012,02
2522,2012.03,제주특별자치도,66.1,2012,03
2523,2012.04,제주특별자치도,65.2,2012,04
2524,2012.05,제주특별자치도,66.9,2012,05
2525,2012.06,제주특별자치도,67.1,2012,06
2526,2012.07,제주특별자치도,66.5,2012,07
2527,2012.08,제주특별자치도,65.7,2012,08
2528,2012.09,제주특별자치도,66.4,2012,09
2529,2012.10,제주특별자치도,68.1,2012,10
2530,2012.11,제주특별자치도,68.2,2012,11
2531,2012.12,제주특별자치도,67.8,2012,12
2532,2013.01,제주특별자치도,66.2,2013,01
2533,2013.02,제주특별자치도,64.3,2013,02
2534,2013.03,제주특별자치도,64.7,2013,03
2535,2013.04,제주특별자치도,66.2,2013,04
2536,2013.05,제주특별자치도,67.6,2013,05
2537,2013.06,제주특별자치도,67.0,2013,06
2538,2013.07,제주특별자치도,66.6,2013,07
2539,2013.08,제주특별자치도,65.4,2013,08
2540,2013.09,제주특별자치도,66.5,2013,09
2541,2013.10,제주특별자치도,67.3,2013,10
2542,2013.11,제주특별자치도,67.1,2013,11
2543,2013.12,제주특별자치도,68.2,2013,12
2544,2014.01,제주특별자치도,67.5,2014,01
2545,2014.02,제주특별자치도,66.9,2014,02
2546,2014.03,제주특별자치도,67.6,2014,03
2547,2014.04,제주특별자치도,67.3,2014,04
2548,2014.05,제주특별자치도,67.2,2014,05
2549,2014.06,제주특별자치도,66.4,2014,06
2550,2014.07,제주특별자치도,66.7,2014,07
2551,2014.08,제주특별자치도,66.1,2014,08
2552,2014.09,제주특별자치도,67.2,2014,09
2553,2014.10,제주특별자치도,68.1,2014,10
2554,2014.11,제주특별자치도,68.1,2014,11
2555,2014.12,제주특별자치도,67.9,2014,12
2556,2015.01,제주특별자치도,68.0,2015,01
2557,2015.02,제주특별자치도,66.6,2015,02
2558,2015.03,제주특별자치도,66.4,2015,03
2559,2015.04,제주특별자치도,66.8,2015,04
2560,2015.05,제주특별자치도,68.6,2015,05
2561,2015.06,제주특별자치도,68.7,2015,06
2562,2015.07,제주특별자치도,68.8,2015,07
2563,2015.08,제주특별자치도,69.1,2015,08
2564,2015.09,제주특별자치도,69.4,2015,09
2565,2015.10,제주특별자치도,70.2,2015,10
2566,2015.11,제주특별자치도,70.2,2015,11
2567,2015.12,제주특별자치도,69.6,2015,12
2568,2016.01,제주특별자치도,68.3,2016,01
2569,2016.02,제주특별자치도,68.2,2016,02
2570,2016.03,제주특별자치도,67.9,2016,03
2571,2016.04,제주특별자치도,68.6,2016,04
2572,2016.05,제주특별자치도,69.3,2016,05
2573,2016.06,제주특별자치도,68.5,2016,06
2574,2016.07,제주특별자치도,68.2,2016,07
2575,2016.08,제주특별자치도,69.8,2016,08
2576,2016.09,제주특별자치도,70.0,2016,09
2577,2016.10,제주특별자치도,70.5,2016,10
2578,2016.11,제주특별자치도,71.2,2016,11
2579,2016.12,제주특별자치도,70.4,2016,12
2580,2017.01,제주특별자치도,69.8,2017,01
2581,2017.02,제주특별자치도,70.0,2017,02
2582,2017.03,제주특별자치도,71.0,2017,03
2583,2017.04,제주특별자치도,71.4,2017,04
2584,2017.05,제주특별자치도,71.6,2017,05
2585,2017.06,제주특별자치도,71.1,2017,06
2586,2017.07,제주특별자치도,71.9,2017,07
2587,2017.08,제주특별자치도,70.7,2017,08
2588,2017.09,제주특별자치도,70.6,2017,09
2589,2017.10,제주특별자치도,70.2,2017,10
2590,2017.11,제주특별자치도,71.8,2017,11
2591,2017.12,제주특별자치도,70.7,2017,12
2592,2018.01,제주특별자치도,68.8,2018,01
2593,2018.02,제주특별자치도,67.3,2018,02
2594,2018.03,제주특별자치도,68.6,2018,03
2595,2018.04,제주특별자치도,68.5,2018,04
2596,2018.05,제주특별자치도,68.6,2018,05
2597,2018.06,제주특별자치도,68.4,2018,06
2598,2018.07,제주특별자치도,68.2,2018,07
2599,2018.08,제주특별자치도,68.1,2018,08
2600,2018.09,제주특별자치도,68.2,2018,09
2601,2018.10,제주특별자치도,68.3,2018,10
2602,2018.11,제주특별자치도,69.6,2018,11
2603,2018.12,제주특별자치도,68.6,2018,12
2604,2019.01,제주특별자치도,67.8,2019,01
2605,2019.02,제주특별자치도,67.9,2019,02
2606,2019.03,제주특별자치도,67.5,2019,03
2607,2019.04,제주특별자치도,68.1,2019,04
2608,2019.05,제주특별자치도,68.6,2019,05
2609,2019.06,제주특별자치도,68.7,2019,06
2610,2019.07,제주특별자치도,67.5,2019,07
2611,2019.08,제주특별자치도,68.6,2019,08
2612,2019.09,제주특별자치도,68.2,2019,09
2613,2019.10,제주특별자치도,69.3,2019,10
2614,2019.11,제주특별자치도,69.3,2019,11
2615,2019.12,제주특별자치도,69.3,2019,12
2616,2020.01,제주특별자치도,69.2,2020,01
2617,2020.02,제주특별자치도,67.6,2020,02
2618,2020.03,제주특별자치도,65.8,2020,03
2619,2020.04,제주특별자치도,65.8,2020,04
2620,2020.05,제주특별자치도,66.4,2020,05
2621,2020.06,제주특별자치도,65.6,2020,06
2622,2020.07,제주특별자치도,66.8,2020,07
2623,2020.08,제주특별자치도,67.2,2020,08
2624,2020.09,제주특별자치도,67.5,2020,09
2625,2020.10,제주특별자치도,67.5,2020,10
2626,2020.11,제주특별자치도,69.2,2020,11
2627,2020.12,제주특별자치도,67.1,2020,12
2628,2021.01,제주특별자치도,64.6,2021,01
2629,2021.02,제주특별자치도,66.5,2021,02
2630,2021.03,제주특별자치도,67.7,2021,03
2631,2021.04,제주특별자치도,68.7,2021,04
2632,2021.05,제주특별자치도,68.2,2021,05
2633,2021.06,제주특별자치도,68.1,2021,06
2634,2021.07,제주특별자치도,66.9,2021,07
2635,2021.08,제주특별자치도,67.0,2021,08
2636,2021.09,제주특별자치도,66.5,2021,09
2637,2021.10,제주특별자치도,67.7,2021,10
2638,2021.11,제주특별자치도,68.9,2021,11
2639,2021.12,제주특별자치도,68.1,2021,12
2640,2022.01,제주특별자치도,68.1,2022,01
2641,2022.02,제주특별자치도,68.5,2022,02
2642,2022.03,제주특별자치도,69.4,2022,03
2643,2022.04,제주특별자치도,68.5,2022,04
2644,2022.05,제주특별자치도,68.9,2022,05
2645,2022.06,제주특별자치도,70.0,2022,06
2646,2022.07,제주특별자치도,69.8,2022,07
2647,2022.08,제주특별자치도,70.3,2022,08
2648,2022.09,제주특별자치도,70.5,2022,09
2649,2022.10,제주특별자치도,72.2,2022,10
2650,2022.11,제주특별자치도,72.1,2022,11
2651,2022.12,제주특별자치도,70.7,2022,12
