,연도,시도,월,사용량
0,2010,강원도,01,1480180
1,2010,경기도,01,8725482
2,2010,경상남도,01,2922775
3,2010,경상북도,01,3743904
4,2010,광주광역시,01,712924
5,2010,대구광역시,01,1331473
6,2010,대전광역시,01,826373
7,2010,부산광역시,01,1848492
8,2010,서울특별시,01,4398183
9,2010,세종특별자치시,01,0
10,2010,울산광역시,01,2259608
11,2010,인천광역시,01,2016429
12,2010,전라남도,01,2233687
13,2010,전라북도,01,1707366
14,2010,제주특별자치도,01,325800
15,2010,충청남도,01,3408166
16,2010,충청북도,01,1755905
17,2011,강원도,01,1582163
18,2011,경기도,01,9555286
19,2011,경상남도,01,3190181
20,2011,경상북도,01,4066080
21,2011,광주광역시,01,757197
22,2011,대구광역시,01,1418812
23,2011,대전광역시,01,877248
24,2011,부산광역시,01,1976059
25,2011,서울특별시,01,4562632
26,2011,세종특별자치시,01,0
27,2011,울산광역시,01,2424031
28,2011,인천광역시,01,2160417
29,2011,전라남도,01,2439025
30,2011,전라북도,01,1936356
31,2011,제주특별자치도,01,349747
32,2011,충청남도,01,3898086
33,2011,충청북도,01,1905758
34,2012,강원도,01,1595626
35,2012,경기도,01,9415681
36,2012,경상남도,01,3044516
37,2012,경상북도,01,3952918
38,2012,광주광역시,01,735756
39,2012,대구광역시,01,1386340
40,2012,대전광역시,01,849569
41,2012,부산광역시,01,1880756
42,2012,서울특별시,01,4349335
43,2012,세종특별자치시,01,0
44,2012,울산광역시,01,2492260
45,2012,인천광역시,01,2070192
46,2012,전라남도,01,2487117
47,2012,전라북도,01,1995371
48,2012,제주특별자치도,01,355968
49,2012,충청남도,01,3954327
50,2012,충청북도,01,1903933
51,2013,강원도,01,1612242
52,2013,경기도,01,10001523
53,2013,경상남도,01,3232239
54,2013,경상북도,01,4048362
55,2013,광주광역시,01,748024
56,2013,대구광역시,01,1437877
57,2013,대전광역시,01,889173
58,2013,부산광역시,01,1919106
59,2013,서울특별시,01,4486310
60,2013,세종특별자치시,01,215974
61,2013,울산광역시,01,2600360
62,2013,인천광역시,01,2193461
63,2013,전라남도,01,2616869
64,2013,전라북도,01,1955358
65,2013,제주특별자치도,01,373763
66,2013,충청남도,01,4111575
67,2013,충청북도,01,2030193
68,2014,강원도,01,1559679
69,2014,경기도,01,9668916
70,2014,경상남도,01,3176345
71,2014,경상북도,01,4164536
72,2014,광주광역시,01,753936
73,2014,대구광역시,01,1377672
74,2014,대전광역시,01,841296
75,2014,부산광역시,01,1817342
76,2014,서울특별시,01,4155574
77,2014,세종특별자치시,01,219354
78,2014,울산광역시,01,2585455
79,2014,인천광역시,01,2073838
80,2014,전라남도,01,2668850
81,2014,전라북도,01,2059548
82,2014,제주특별자치도,01,395005
83,2014,충청남도,01,4240903
84,2014,충청북도,01,2000165
85,2015,강원도,01,1617029
86,2015,경기도,01,10014789
87,2015,경상남도,01,3299663
88,2015,경상북도,01,4222897
89,2015,광주광역시,01,776667
90,2015,대구광역시,01,1417385
91,2015,대전광역시,01,875517
92,2015,부산광역시,01,1862691
93,2015,서울특별시,01,4281117
94,2015,세종특별자치시,01,238758
95,2015,울산광역시,01,2625576
96,2015,인천광역시,01,2170984
97,2015,전라남도,01,3036414
98,2015,전라북도,01,2120976
99,2015,제주특별자치도,01,418867
100,2015,충청남도,01,4327257
101,2015,충청북도,01,2116715
102,2016,강원도,01,1571855
103,2016,경기도,01,9959962
104,2016,경상남도,01,3246347
105,2016,경상북도,01,3973144
106,2016,광주광역시,01,753434
107,2016,대구광역시,01,1371791
108,2016,대전광역시,01,846242
109,2016,부산광역시,01,1810693
110,2016,서울특별시,01,4151770
111,2016,세종특별자치시,01,248816
112,2016,울산광역시,01,2710223
113,2016,인천광역시,01,2160095
114,2016,전라남도,01,2895725
115,2016,전라북도,01,2097896
116,2016,제주특별자치도,01,428947
117,2016,충청남도,01,4278712
118,2016,충청북도,01,2124764
119,2017,강원도,01,1579863
120,2017,경기도,01,10297551
121,2017,경상남도,01,3192935
122,2017,경상북도,01,4016218
123,2017,광주광역시,01,765086
124,2017,대구광역시,01,1391376
125,2017,대전광역시,01,848529
126,2017,부산광역시,01,1823489
127,2017,서울특별시,01,4139967
128,2017,세종특별자치시,01,256178
129,2017,울산광역시,01,2693958
130,2017,인천광역시,01,2171785
131,2017,전라남도,01,2966421
132,2017,전라북도,01,2038012
133,2017,제주특별자치도,01,442925
134,2017,충청남도,01,4362665
135,2017,충청북도,01,2209997
136,2018,강원도,01,1668339
137,2018,경기도,01,11415963
138,2018,경상남도,01,3393372
139,2018,경상북도,01,4179139
140,2018,광주광역시,01,807536
141,2018,대구광역시,01,1465797
142,2018,대전광역시,01,905302
143,2018,부산광역시,01,1966689
144,2018,서울특별시,01,4477102
145,2018,세종특별자치시,01,281364
146,2018,울산광역시,01,2798813
147,2018,인천광역시,01,2348574
148,2018,전라남도,01,3016089
149,2018,전라북도,01,2152748
150,2018,제주특별자치도,01,490242
151,2018,충청남도,01,4628992
152,2018,충청북도,01,2365631
153,2019,강원도,01,1660463
154,2019,경기도,01,11610400
155,2019,경상남도,01,3364894
156,2019,경상북도,01,4165072
157,2019,광주광역시,01,801473
158,2019,대구광역시,01,1437112
159,2019,대전광역시,01,884590
160,2019,부산광역시,01,1906812
161,2019,서울특별시,01,4416889
162,2019,세종특별자치시,01,292025
163,2019,울산광역시,01,3013786
164,2019,인천광역시,01,2309124
165,2019,전라남도,01,2960741
166,2019,전라북도,01,2059375
167,2019,제주특별자치도,01,504995
168,2019,충청남도,01,4792097
169,2019,충청북도,01,2464536
170,2020,강원도,01,1547410
171,2020,경기도,01,11278340
172,2020,경상남도,01,3168932
173,2020,경상북도,01,3760339
174,2020,광주광역시,01,756532
175,2020,대구광역시,01,1361827
176,2020,대전광역시,01,853129
177,2020,부산광역시,01,1832430
178,2020,서울특별시,01,4197026
179,2020,세종특별자치시,01,288845
180,2020,울산광역시,01,2913837
181,2020,인천광역시,01,2108033
182,2020,전라남도,01,2773472
183,2020,전라북도,01,2022692
184,2020,제주특별자치도,01,491120
185,2020,충청남도,01,4571805
186,2020,충청북도,01,2401135
187,2021,강원도,01,1629812
188,2021,경기도,01,12319589
189,2021,경상남도,01,3449241
190,2021,경상북도,01,3998481
191,2021,광주광역시,01,811864
192,2021,대구광역시,01,1443838
193,2021,대전광역시,01,912804
194,2021,부산광역시,01,1862280
195,2021,서울특별시,01,4400410
196,2021,세종특별자치시,01,334176
197,2021,울산광역시,01,2943785
198,2021,인천광역시,01,2258624
199,2021,전라남도,01,2844658
200,2021,전라북도,01,1997136
201,2021,제주특별자치도,01,518258
202,2021,충청남도,01,4434196
203,2021,충청북도,01,2596409
204,2010,강원도,02,1382020
205,2010,경기도,02,8341902
206,2010,경상남도,02,2719682
207,2010,경상북도,02,3471888
208,2010,광주광역시,02,682498
209,2010,대구광역시,02,1269135
210,2010,대전광역시,02,778458
211,2010,부산광역시,02,1731722
212,2010,서울특별시,02,4168168
213,2010,세종특별자치시,02,0
214,2010,울산광역시,02,2042581
215,2010,인천광역시,02,1841774
216,2010,전라남도,02,2005193
217,2010,전라북도,02,1592103
218,2010,제주특별자치도,02,317412
219,2010,충청남도,02,3188393
220,2010,충청북도,02,1675101
221,2011,강원도,02,1520498
222,2011,경기도,02,8918913
223,2011,경상남도,02,2931864
224,2011,경상북도,02,3684612
225,2011,광주광역시,02,717292
226,2011,대구광역시,02,1336667
227,2011,대전광역시,02,825822
228,2011,부산광역시,02,1837733
229,2011,서울특별시,02,4264449
230,2011,세종특별자치시,02,0
231,2011,울산광역시,02,2121380
232,2011,인천광역시,02,1883873
233,2011,전라남도,02,2252039
234,2011,전라북도,02,1841244
235,2011,제주특별자치도,02,341807
236,2011,충청남도,02,3586953
237,2011,충청북도,02,1767686
238,2012,강원도,02,1546100
239,2012,경기도,02,9311873
240,2012,경상남도,02,3129982
241,2012,경상북도,02,3832480
242,2012,광주광역시,02,737378
243,2012,대구광역시,02,1375774
244,2012,대전광역시,02,846326
245,2012,부산광역시,02,1890655
246,2012,서울특별시,02,4298788
247,2012,세종특별자치시,02,0
248,2012,울산광역시,02,2398278
249,2012,인천광역시,02,2070475
250,2012,전라남도,02,2382964
251,2012,전라북도,02,1959294
252,2012,제주특별자치도,02,358007
253,2012,충청남도,02,3877003
254,2012,충청북도,02,1900372
255,2013,강원도,02,1494196
256,2013,경기도,02,9265981
257,2013,경상남도,02,3003028
258,2013,경상북도,02,3717744
259,2013,광주광역시,02,709493
260,2013,대구광역시,02,1336301
261,2013,대전광역시,02,824259
262,2013,부산광역시,02,1793538
263,2013,서울특별시,02,4189413
264,2013,세종특별자치시,02,198312
265,2013,울산광역시,02,2307962
266,2013,인천광역시,02,1981709
267,2013,전라남도,02,2462649
268,2013,전라북도,02,1840946
269,2013,제주특별자치도,02,370123
270,2013,충청남도,02,3622246
271,2013,충청북도,02,1878491
272,2014,강원도,02,1447941
273,2014,경기도,02,9131444
274,2014,경상남도,02,3029916
275,2014,경상북도,02,3841506
276,2014,광주광역시,02,723756
277,2014,대구광역시,02,1314569
278,2014,대전광역시,02,806306
279,2014,부산광역시,02,1741473
280,2014,서울특별시,02,3974971
281,2014,세종특별자치시,02,201659
282,2014,울산광역시,02,2369736
283,2014,인천광역시,02,1927635
284,2014,전라남도,02,2541771
285,2014,전라북도,02,1936290
286,2014,제주특별자치도,02,392464
287,2014,충청남도,02,3924659
288,2014,충청북도,02,1900973
289,2015,강원도,02,1498837
290,2015,경기도,02,9380604
291,2015,경상남도,02,3071402
292,2015,경상북도,02,3806760
293,2015,광주광역시,02,741223
294,2015,대구광역시,02,1344788
295,2015,대전광역시,02,815725
296,2015,부산광역시,02,1736816
297,2015,서울특별시,02,4023566
298,2015,세종특별자치시,02,222786
299,2015,울산광역시,02,2374187
300,2015,인천광역시,02,1944363
301,2015,전라남도,02,2613495
302,2015,전라북도,02,1932315
303,2015,제주특별자치도,02,421680
304,2015,충청남도,02,3927672
305,2015,충청북도,02,1952327
306,2016,강원도,02,1550976
307,2016,경기도,02,9892365
308,2016,경상남도,02,3162965
309,2016,경상북도,02,3756360
310,2016,광주광역시,02,756943
311,2016,대구광역시,02,1364933
312,2016,대전광역시,02,844537
313,2016,부산광역시,02,1802496
314,2016,서울특별시,02,4174917
315,2016,세종특별자치시,02,239143
316,2016,울산광역시,02,2579198
317,2016,인천광역시,02,2022911
318,2016,전라남도,02,2775291
319,2016,전라북도,02,1993238
320,2016,제주특별자치도,02,447375
321,2016,충청남도,02,4101465
322,2016,충청북도,02,2105112
323,2017,강원도,02,1570620
324,2017,경기도,02,10228593
325,2017,경상남도,02,3216892
326,2017,경상북도,02,3858427
327,2017,광주광역시,02,773394
328,2017,대구광역시,02,1375375
329,2017,대전광역시,02,848651
330,2017,부산광역시,02,1824630
331,2017,서울특별시,02,4166700
332,2017,세종특별자치시,02,254773
333,2017,울산광역시,02,2492173
334,2017,인천광역시,02,2146147
335,2017,전라남도,02,2784465
336,2017,전라북도,02,2027150
337,2017,제주특별자치도,02,462912
338,2017,충청남도,02,4225252
339,2017,충청북도,02,2166244
340,2018,강원도,02,1674745
341,2018,경기도,02,11183300
342,2018,경상남도,02,3258151
343,2018,경상북도,02,3978655
344,2018,광주광역시,02,798506
345,2018,대구광역시,02,1433194
346,2018,대전광역시,02,885432
347,2018,부산광역시,02,1898871
348,2018,서울특별시,02,4469940
349,2018,세종특별자치시,02,269702
350,2018,울산광역시,02,2600426
351,2018,인천광역시,02,2195442
352,2018,전라남도,02,2885332
353,2018,전라북도,02,2037531
354,2018,제주특별자치도,02,511137
355,2018,충청남도,02,4387240
356,2018,충청북도,02,2282183
357,2019,강원도,02,1512411
358,2019,경기도,02,10712180
359,2019,경상남도,02,3043750
360,2019,경상북도,02,3733473
361,2019,광주광역시,02,741799
362,2019,대구광역시,02,1327236
363,2019,대전광역시,02,814190
364,2019,부산광역시,02,1753708
365,2019,서울특별시,02,4127699
366,2019,세종특별자치시,02,266668
367,2019,울산광역시,02,2621410
368,2019,인천광역시,02,2028323
369,2019,전라남도,02,2731063
370,2019,전라북도,02,1898888
371,2019,제주특별자치도,02,505067
372,2019,충청남도,02,4297030
373,2019,충청북도,02,2238691
374,2020,강원도,02,1501655
375,2020,경기도,02,10853826
376,2020,경상남도,02,3125833
377,2020,경상북도,02,3562814
378,2020,광주광역시,02,740068
379,2020,대구광역시,02,1314568
380,2020,대전광역시,02,830839
381,2020,부산광역시,02,1782217
382,2020,서울특별시,02,4037392
383,2020,세종특별자치시,02,283275
384,2020,울산광역시,02,2707435
385,2020,인천광역시,02,2062334
386,2020,전라남도,02,2619058
387,2020,전라북도,02,1903234
388,2020,제주특별자치도,02,492245
389,2020,충청남도,02,4377240
390,2020,충청북도,02,2304328
391,2021,강원도,02,1539605
392,2021,경기도,02,11464174
393,2021,경상남도,02,3131331
394,2021,경상북도,02,3673374
395,2021,광주광역시,02,767227
396,2021,대구광역시,02,1342988
397,2021,대전광역시,02,847141
398,2021,부산광역시,02,1762335
399,2021,서울특별시,02,4134045
400,2021,세종특별자치시,02,304010
401,2021,울산광역시,02,2646795
402,2021,인천광역시,02,2089431
403,2021,전라남도,02,2738900
404,2021,전라북도,02,1830234
405,2021,제주특별자치도,02,503324
406,2021,충청남도,02,4039445
407,2021,충청북도,02,2373601
408,2010,강원도,03,1308429
409,2010,경기도,03,7574084
410,2010,경상남도,03,2648326
411,2010,경상북도,03,3484251
412,2010,광주광역시,03,632293
413,2010,대구광역시,03,1172936
414,2010,대전광역시,03,716986
415,2010,부산광역시,03,1635276
416,2010,서울특별시,03,3624186
417,2010,세종특별자치시,03,0
418,2010,울산광역시,03,2179708
419,2010,인천광역시,03,1797828
420,2010,전라남도,03,2027921
421,2010,전라북도,03,1572336
422,2010,제주특별자치도,03,284038
423,2010,충청남도,03,3236855
424,2010,충청북도,03,1658672
425,2011,강원도,03,1420666
426,2011,경기도,03,8206234
427,2011,경상남도,03,2874490
428,2011,경상북도,03,3779253
429,2011,광주광역시,03,672951
430,2011,대구광역시,03,1234507
431,2011,대전광역시,03,757165
432,2011,부산광역시,03,1704632
433,2011,서울특별시,03,3736362
434,2011,세종특별자치시,03,0
435,2011,울산광역시,03,2302130
436,2011,인천광역시,03,1925528
437,2011,전라남도,03,2249390
438,2011,전라북도,03,1823953
439,2011,제주특별자치도,03,301595
440,2011,충청남도,03,3649257
441,2011,충청북도,03,1795514
442,2012,강원도,03,1471927
443,2012,경기도,03,8665829
444,2012,경상남도,03,2976283
445,2012,경상북도,03,3959571
446,2012,광주광역시,03,696422
447,2012,대구광역시,03,1281521
448,2012,대전광역시,03,785989
449,2012,부산광역시,03,1794675
450,2012,서울특별시,03,3837539
451,2012,세종특별자치시,03,0
452,2012,울산광역시,03,2488226
453,2012,인천광역시,03,1938203
454,2012,전라남도,03,2322324
455,2012,전라북도,03,1932255
456,2012,제주특별자치도,03,332926
457,2012,충청남도,03,3944672
458,2012,충청북도,03,1879751
459,2013,강원도,03,1401610
460,2013,경기도,03,8564516
461,2013,경상남도,03,2852239
462,2013,경상북도,03,3862004
463,2013,광주광역시,03,658528
464,2013,대구광역시,03,1214829
465,2013,대전광역시,03,752100
466,2013,부산광역시,03,1660595
467,2013,서울특별시,03,3652776
468,2013,세종특별자치시,03,193991
469,2013,울산광역시,03,2359822
470,2013,인천광역시,03,1914157
471,2013,전라남도,03,2561902
472,2013,전라북도,03,1884301
473,2013,제주특별자치도,03,331589
474,2013,충청남도,03,3808302
475,2013,충청북도,03,1831061
476,2014,강원도,03,1394556
477,2014,경기도,03,8604750
478,2014,경상남도,03,2944134
479,2014,경상북도,03,4015412
480,2014,광주광역시,03,683278
481,2014,대구광역시,03,1246283
482,2014,대전광역시,03,757265
483,2014,부산광역시,03,1675854
484,2014,서울특별시,03,3547923
485,2014,세종특별자치시,03,208030
486,2014,울산광역시,03,2565806
487,2014,인천광역시,03,1876836
488,2014,전라남도,03,2804619
489,2014,전라북도,03,1930533
490,2014,제주특별자치도,03,359620
491,2014,충청남도,03,4085945
492,2014,충청북도,03,1921157
493,2015,강원도,03,1438930
494,2015,경기도,03,8783408
495,2015,경상남도,03,2964230
496,2015,경상북도,03,3833618
497,2015,광주광역시,03,686980
498,2015,대구광역시,03,1233059
499,2015,대전광역시,03,761115
500,2015,부산광역시,03,1655945
501,2015,서울특별시,03,3592926
502,2015,세종특별자치시,03,222292
503,2015,울산광역시,03,2464928
504,2015,인천광역시,03,1959769
505,2015,전라남도,03,2949659
506,2015,전라북도,03,1943996
507,2015,제주특별자치도,03,378029
508,2015,충청남도,03,4025780
509,2015,충청북도,03,1965128
510,2016,강원도,03,1467505
511,2016,경기도,03,9305513
512,2016,경상남도,03,3061924
513,2016,경상북도,03,3898041
514,2016,광주광역시,03,714023
515,2016,대구광역시,03,1281266
516,2016,대전광역시,03,790757
517,2016,부산광역시,03,1717796
518,2016,서울특별시,03,3729909
519,2016,세종특별자치시,03,241009
520,2016,울산광역시,03,2760005
521,2016,인천광역시,03,2033501
522,2016,전라남도,03,2766219
523,2016,전라북도,03,2003641
524,2016,제주특별자치도,03,404279
525,2016,충청남도,03,4090460
526,2016,충청북도,03,1979334
527,2017,강원도,03,1460105
528,2017,경기도,03,9551033
529,2017,경상남도,03,2992019
530,2017,경상북도,03,3827880
531,2017,광주광역시,03,717911
532,2017,대구광역시,03,1263786
533,2017,대전광역시,03,779387
534,2017,부산광역시,03,1693920
535,2017,서울특별시,03,3649111
536,2017,세종특별자치시,03,247248
537,2017,울산광역시,03,2659206
538,2017,인천광역시,03,2042082
539,2017,전라남도,03,2846966
540,2017,전라북도,03,1996166
541,2017,제주특별자치도,03,415698
542,2017,충청남도,03,4277074
543,2017,충청북도,03,2138945
544,2018,강원도,03,1485135
545,2018,경기도,03,9993520
546,2018,경상남도,03,2967940
547,2018,경상북도,03,3850248
548,2018,광주광역시,03,698660
549,2018,대구광역시,03,1253100
550,2018,대전광역시,03,784247
551,2018,부산광역시,03,1714122
552,2018,서울특별시,03,3657824
553,2018,세종특별자치시,03,251895
554,2018,울산광역시,03,2696446
555,2018,인천광역시,03,2050296
556,2018,전라남도,03,2621639
557,2018,전라북도,03,1926654
558,2018,제주특별자치도,03,431990
559,2018,충청남도,03,4370209
560,2018,충청북도,03,2182346
561,2019,강원도,03,1401415
562,2019,경기도,03,10069948
563,2019,경상남도,03,2903814
564,2019,경상북도,03,3868963
565,2019,광주광역시,03,682608
566,2019,대구광역시,03,1213326
567,2019,대전광역시,03,759955
568,2019,부산광역시,03,1652037
569,2019,서울특별시,03,3582654
570,2019,세종특별자치시,03,259636
571,2019,울산광역시,03,2809607
572,2019,인천광역시,03,2006746
573,2019,전라남도,03,2831531
574,2019,전라북도,03,1934090
575,2019,제주특별자치도,03,451731
576,2019,충청남도,03,4414219
577,2019,충청북도,03,2246393
578,2020,강원도,03,1400869
579,2020,경기도,03,10401852
580,2020,경상남도,03,2954776
581,2020,경상북도,03,3480140
582,2020,광주광역시,03,696886
583,2020,대구광역시,03,1200565
584,2020,대전광역시,03,771329
585,2020,부산광역시,03,1670111
586,2020,서울특별시,03,3657444
587,2020,세종특별자치시,03,280549
588,2020,울산광역시,03,2856122
589,2020,인천광역시,03,1997984
590,2020,전라남도,03,2603919
591,2020,전라북도,03,1740083
592,2020,제주특별자치도,03,451371
593,2020,충청남도,03,4415486
594,2020,충청북도,03,2291113
595,2021,강원도,03,1395074
596,2021,경기도,03,10668287
597,2021,경상남도,03,2991661
598,2021,경상북도,03,3621472
599,2021,광주광역시,03,697761
600,2021,대구광역시,03,1222748
601,2021,대전광역시,03,771955
602,2021,부산광역시,03,1656492
603,2021,서울특별시,03,3550751
604,2021,세종특별자치시,03,296000
605,2021,울산광역시,03,2812601
606,2021,인천광역시,03,2021302
607,2021,전라남도,03,2724005
608,2021,전라북도,03,1771153
609,2021,제주특별자치도,03,450805
610,2021,충청남도,03,4077387
611,2021,충청북도,03,2344911
612,2010,강원도,04,1317499
613,2010,경기도,04,7727001
614,2010,경상남도,04,2665253
615,2010,경상북도,04,3454660
616,2010,광주광역시,04,642843
617,2010,대구광역시,04,1199557
618,2010,대전광역시,04,724076
619,2010,부산광역시,04,1682021
620,2010,서울특별시,04,3719082
621,2010,세종특별자치시,04,0
622,2010,울산광역시,04,2170165
623,2010,인천광역시,04,1825715
624,2010,전라남도,04,2049713
625,2010,전라북도,04,1609044
626,2010,제주특별자치도,04,300520
627,2010,충청남도,04,3198820
628,2010,충청북도,04,1682392
629,2011,강원도,04,1361937
630,2011,경기도,04,7992730
631,2011,경상남도,04,2770642
632,2011,경상북도,04,3721268
633,2011,광주광역시,04,669154
634,2011,대구광역시,04,1216588
635,2011,대전광역시,04,739750
636,2011,부산광역시,04,1709300
637,2011,서울특별시,04,3682652
638,2011,세종특별자치시,04,0
639,2011,울산광역시,04,2326725
640,2011,인천광역시,04,1859019
641,2011,전라남도,04,2310756
642,2011,전라북도,04,1764514
643,2011,제주특별자치도,04,314060
644,2011,충청남도,04,3521544
645,2011,충청북도,04,1755631
646,2012,강원도,04,1382879
647,2012,경기도,04,8233401
648,2012,경상남도,04,2785022
649,2012,경상북도,04,3769210
650,2012,광주광역시,04,675943
651,2012,대구광역시,04,1229268
652,2012,대전광역시,04,745833
653,2012,부산광역시,04,1710623
654,2012,서울특별시,04,3695515
655,2012,세종특별자치시,04,0
656,2012,울산광역시,04,2344787
657,2012,인천광역시,04,1847382
658,2012,전라남도,04,2311276
659,2012,전라북도,04,1862254
660,2012,제주특별자치도,04,327775
661,2012,충청남도,04,3759126
662,2012,충청북도,04,1804075
663,2013,강원도,04,1373728
664,2013,경기도,04,8420099
665,2013,경상남도,04,2810317
666,2013,경상북도,04,3721222
667,2013,광주광역시,04,682512
668,2013,대구광역시,04,1220101
669,2013,대전광역시,04,744219
670,2013,부산광역시,04,1666780
671,2013,서울특별시,04,3638393
672,2013,세종특별자치시,04,193422
673,2013,울산광역시,04,2389607
674,2013,인천광역시,04,1858262
675,2013,전라남도,04,2526041
676,2013,전라북도,04,1859911
677,2013,제주특별자치도,04,342968
678,2013,충청남도,04,3708208
679,2013,충청북도,04,1848760
680,2014,강원도,04,1313298
681,2014,경기도,04,8295696
682,2014,경상남도,04,2820219
683,2014,경상북도,04,3880598
684,2014,광주광역시,04,671402
685,2014,대구광역시,04,1222595
686,2014,대전광역시,04,732896
687,2014,부산광역시,04,1665838
688,2014,서울특별시,04,3466188
689,2014,세종특별자치시,04,200310
690,2014,울산광역시,04,2493939
691,2014,인천광역시,04,1815977
692,2014,전라남도,04,2709942
693,2014,전라북도,04,1871011
694,2014,제주특별자치도,04,362046
695,2014,충청남도,04,3889221
696,2014,충청북도,04,1842677
697,2015,강원도,04,1376925
698,2015,경기도,04,8597671
699,2015,경상남도,04,2888704
700,2015,경상북도,04,3821201
701,2015,광주광역시,04,682684
702,2015,대구광역시,04,1244033
703,2015,대전광역시,04,746537
704,2015,부산광역시,04,1671290
705,2015,서울특별시,04,3512071
706,2015,세종특별자치시,04,222824
707,2015,울산광역시,04,2510891
708,2015,인천광역시,04,1913281
709,2015,전라남도,04,2789053
710,2015,전라북도,04,1902282
711,2015,제주특별자치도,04,381372
712,2015,충청남도,04,3879019
713,2015,충청북도,04,1924405
714,2016,강원도,04,1451457
715,2016,경기도,04,8712878
716,2016,경상남도,04,2864110
717,2016,경상북도,04,3683982
718,2016,광주광역시,04,675078
719,2016,대구광역시,04,1216827
720,2016,대전광역시,04,738081
721,2016,부산광역시,04,1647106
722,2016,서울특별시,04,3457927
723,2016,세종특별자치시,04,225166
724,2016,울산광역시,04,2652322
725,2016,인천광역시,04,1903770
726,2016,전라남도,04,2666903
727,2016,전라북도,04,1862918
728,2016,제주특별자치도,04,393203
729,2016,충청남도,04,3938652
730,2016,충청북도,04,2033076
731,2017,강원도,04,1390748
732,2017,경기도,04,9094729
733,2017,경상남도,04,2879081
734,2017,경상북도,04,3668403
735,2017,광주광역시,04,698719
736,2017,대구광역시,04,1234859
737,2017,대전광역시,04,748954
738,2017,부산광역시,04,1696125
739,2017,서울특별시,04,3470755
740,2017,세종특별자치시,04,234700
741,2017,울산광역시,04,2559430
742,2017,인천광역시,04,1945739
743,2017,전라남도,04,2791508
744,2017,전라북도,04,1882119
745,2017,제주특별자치도,04,418497
746,2017,충청남도,04,4069578
747,2017,충청북도,04,2027116
748,2018,강원도,04,1370294
749,2018,경기도,04,9563138
750,2018,경상남도,04,2840554
751,2018,경상북도,04,3740997
752,2018,광주광역시,04,685493
753,2018,대구광역시,04,1230455
754,2018,대전광역시,04,752264
755,2018,부산광역시,04,1675122
756,2018,서울특별시,04,3503967
757,2018,세종특별자치시,04,241693
758,2018,울산광역시,04,2620459
759,2018,인천광역시,04,1959511
760,2018,전라남도,04,3292919
761,2018,전라북도,04,1876137
762,2018,제주특별자치도,04,430151
763,2018,충청남도,04,4158538
764,2018,충청북도,04,2090819
765,2019,강원도,04,1376039
766,2019,경기도,04,9948716
767,2019,경상남도,04,2853723
768,2019,경상북도,04,3763435
769,2019,광주광역시,04,706907
770,2019,대구광역시,04,1228571
771,2019,대전광역시,04,753138
772,2019,부산광역시,04,1669235
773,2019,서울특별시,04,3591552
774,2019,세종특별자치시,04,259582
775,2019,울산광역시,04,2677516
776,2019,인천광역시,04,1975424
777,2019,전라남도,04,2791913
778,2019,전라북도,04,1887329
779,2019,제주특별자치도,04,460017
780,2019,충청남도,04,4272633
781,2019,충청북도,04,2224874
782,2020,강원도,04,1346006
783,2020,경기도,04,9788491
784,2020,경상남도,04,2735448
785,2020,경상북도,04,3313283
786,2020,광주광역시,04,660659
787,2020,대구광역시,04,1137812
788,2020,대전광역시,04,720330
789,2020,부산광역시,04,1607069
790,2020,서울특별시,04,3410967
791,2020,세종특별자치시,04,264607
792,2020,울산광역시,04,2702238
793,2020,인천광역시,04,1884823
794,2020,전라남도,04,2587626
795,2020,전라북도,04,1642399
796,2020,제주특별자치도,04,445261
797,2020,충청남도,04,4072519
798,2020,충청북도,04,2155659
799,2021,강원도,04,1334516
800,2021,경기도,04,10338339
801,2021,경상남도,04,2881552
802,2021,경상북도,04,3619611
803,2021,광주광역시,04,696052
804,2021,대구광역시,04,1210022
805,2021,대전광역시,04,751324
806,2021,부산광역시,04,1654340
807,2021,서울특별시,04,3449257
808,2021,세종특별자치시,04,287524
809,2021,울산광역시,04,2716614
810,2021,인천광역시,04,1952161
811,2021,전라남도,04,2670493
812,2021,전라북도,04,1725471
813,2021,제주특별자치도,04,461823
814,2021,충청남도,04,3876573
815,2021,충청북도,04,2274004
816,2010,강원도,05,1185530
817,2010,경기도,05,7156767
818,2010,경상남도,05,2453568
819,2010,경상북도,05,3321968
820,2010,광주광역시,05,603935
821,2010,대구광역시,05,1100160
822,2010,대전광역시,05,664428
823,2010,부산광역시,05,1571566
824,2010,서울특별시,05,3426951
825,2010,세종특별자치시,05,0
826,2010,울산광역시,05,2200352
827,2010,인천광역시,05,1707125
828,2010,전라남도,05,1991208
829,2010,전라북도,05,1523156
830,2010,제주특별자치도,05,275117
831,2010,충청남도,05,3068283
832,2010,충청북도,05,1559121
833,2011,강원도,05,1245617
834,2011,경기도,05,7414139
835,2011,경상남도,05,2557899
836,2011,경상북도,05,3610096
837,2011,광주광역시,05,615840
838,2011,대구광역시,05,1126409
839,2011,대전광역시,05,685169
840,2011,부산광역시,05,1560035
841,2011,서울특별시,05,3425703
842,2011,세종특별자치시,05,0
843,2011,울산광역시,05,2330604
844,2011,인천광역시,05,1748862
845,2011,전라남도,05,2075964
846,2011,전라북도,05,1691075
847,2011,제주특별자치도,05,283081
848,2011,충청남도,05,3457266
849,2011,충청북도,05,1626675
850,2012,강원도,05,1230593
851,2012,경기도,05,7590572
852,2012,경상남도,05,2541447
853,2012,경상북도,05,3695830
854,2012,광주광역시,05,626117
855,2012,대구광역시,05,1135952
856,2012,대전광역시,05,689589
857,2012,부산광역시,05,1588494
858,2012,서울특별시,05,3483656
859,2012,세종특별자치시,05,0
860,2012,울산광역시,05,2437236
861,2012,인천광역시,05,1757729
862,2012,전라남도,05,2247817
863,2012,전라북도,05,1733219
864,2012,제주특별자치도,05,293722
865,2012,충청남도,05,3633802
866,2012,충청북도,05,1689926
867,2013,강원도,05,1281395
868,2013,경기도,05,7916514
869,2013,경상남도,05,2624201
870,2013,경상북도,05,3696496
871,2013,광주광역시,05,637641
872,2013,대구광역시,05,1166224
873,2013,대전광역시,05,706844
874,2013,부산광역시,05,1569179
875,2013,서울특별시,05,3439856
876,2013,세종특별자치시,05,182642
877,2013,울산광역시,05,2470095
878,2013,인천광역시,05,1767068
879,2013,전라남도,05,2563413
880,2013,전라북도,05,1773454
881,2013,제주특별자치도,05,315090
882,2013,충청남도,05,3659904
883,2013,충청북도,05,1689801
884,2014,강원도,05,1222477
885,2014,경기도,05,7798652
886,2014,경상남도,05,2590845
887,2014,경상북도,05,3727121
888,2014,광주광역시,05,623437
889,2014,대구광역시,05,1143206
890,2014,대전광역시,05,690037
891,2014,부산광역시,05,1552138
892,2014,서울특별시,05,3305028
893,2014,세종특별자치시,05,189968
894,2014,울산광역시,05,2487662
895,2014,인천광역시,05,1733900
896,2014,전라남도,05,2614251
897,2014,전라북도,05,1794560
898,2014,제주특별자치도,05,332179
899,2014,충청남도,05,3820255
900,2014,충청북도,05,1751911
901,2015,강원도,05,1265816
902,2015,경기도,05,7993045
903,2015,경상남도,05,2632161
904,2015,경상북도,05,3668209
905,2015,광주광역시,05,628402
906,2015,대구광역시,05,1149079
907,2015,대전광역시,05,698243
908,2015,부산광역시,05,1554462
909,2015,서울특별시,05,3324249
910,2015,세종특별자치시,05,201272
911,2015,울산광역시,05,2523196
912,2015,인천광역시,05,1796751
913,2015,전라남도,05,2777120
914,2015,전라북도,05,1794605
915,2015,제주특별자치도,05,344375
916,2015,충청남도,05,3725601
917,2015,충청북도,05,1799404
918,2016,강원도,05,1263447
919,2016,경기도,05,8135623
920,2016,경상남도,05,2638097
921,2016,경상북도,05,3605061
922,2016,광주광역시,05,630983
923,2016,대구광역시,05,1143952
924,2016,대전광역시,05,705223
925,2016,부산광역시,05,1558585
926,2016,서울특별시,05,3340823
927,2016,세종특별자치시,05,211516
928,2016,울산광역시,05,2653567
929,2016,인천광역시,05,1844211
930,2016,전라남도,05,2681434
931,2016,전라북도,05,1777979
932,2016,제주특별자치도,05,355822
933,2016,충청남도,05,3822073
934,2016,충청북도,05,1867194
935,2017,강원도,05,1260135
936,2017,경기도,05,8531719
937,2017,경상남도,05,2587207
938,2017,경상북도,05,3553235
939,2017,광주광역시,05,634699
940,2017,대구광역시,05,1147637
941,2017,대전광역시,05,700348
942,2017,부산광역시,05,1584172
943,2017,서울특별시,05,3290791
944,2017,세종특별자치시,05,221324
945,2017,울산광역시,05,2593991
946,2017,인천광역시,05,1867276
947,2017,전라남도,05,2706545
948,2017,전라북도,05,1793382
949,2017,제주특별자치도,05,373246
950,2017,충청남도,05,3974477
951,2017,충청북도,05,1923713
952,2018,강원도,05,1262858
953,2018,경기도,05,9270783
954,2018,경상남도,05,2664333
955,2018,경상북도,05,3735654
956,2018,광주광역시,05,648945
957,2018,대구광역시,05,1176277
958,2018,대전광역시,05,719715
959,2018,부산광역시,05,1594722
960,2018,서울특별시,05,3366946
961,2018,세종특별자치시,05,235345
962,2018,울산광역시,05,2753446
963,2018,인천광역시,05,1865680
964,2018,전라남도,05,2838286
965,2018,전라북도,05,1831040
966,2018,제주특별자치도,05,395955
967,2018,충청남도,05,4128141
968,2018,충청북도,05,2042345
969,2019,강원도,05,1267172
970,2019,경기도,05,9416781
971,2019,경상남도,05,2664244
972,2019,경상북도,05,3611013
973,2019,광주광역시,05,653102
974,2019,대구광역시,05,1170519
975,2019,대전광역시,05,707813
976,2019,부산광역시,05,1596068
977,2019,서울특별시,05,3419987
978,2019,세종특별자치시,05,250008
979,2019,울산광역시,05,2794295
980,2019,인천광역시,05,1912787
981,2019,전라남도,05,2622310
982,2019,전라북도,05,1788362
983,2019,제주특별자치도,05,413147
984,2019,충청남도,05,4294717
985,2019,충청북도,05,2125680
986,2020,강원도,05,1225449
987,2020,경기도,05,9306590
988,2020,경상남도,05,2446865
989,2020,경상북도,05,3077453
990,2020,광주광역시,05,610865
991,2020,대구광역시,05,1044272
992,2020,대전광역시,05,685457
993,2020,부산광역시,05,1510099
994,2020,서울특별시,05,3295839
995,2020,세종특별자치시,05,252302
996,2020,울산광역시,05,2684999
997,2020,인천광역시,05,1801113
998,2020,전라남도,05,2435207
999,2020,전라북도,05,1547439
1000,2020,제주특별자치도,05,408575
1001,2020,충청남도,05,3920034
1002,2020,충청북도,05,2075063
1003,2021,강원도,05,1291702
1004,2021,경기도,05,10024930
1005,2021,경상남도,05,2712794
1006,2021,경상북도,05,3600524
1007,2021,광주광역시,05,659751
1008,2021,대구광역시,05,1153415
1009,2021,대전광역시,05,708974
1010,2021,부산광역시,05,1572221
1011,2021,서울특별시,05,3324763
1012,2021,세종특별자치시,05,275185
1013,2021,울산광역시,05,2682797
1014,2021,인천광역시,05,1904260
1015,2021,전라남도,05,2722103
1016,2021,전라북도,05,1667691
1017,2021,제주특별자치도,05,430958
1018,2021,충청남도,05,3877528
1019,2021,충청북도,05,2232679
1020,2010,강원도,06,1114450
1021,2010,경기도,06,7152029
1022,2010,경상남도,06,2429359
1023,2010,경상북도,06,3301601
1024,2010,광주광역시,06,605548
1025,2010,대구광역시,06,1119186
1026,2010,대전광역시,06,684218
1027,2010,부산광역시,06,1560178
1028,2010,서울특별시,06,3729030
1029,2010,세종특별자치시,06,0
1030,2010,울산광역시,06,2165892
1031,2010,인천광역시,06,1728906
1032,2010,전라남도,06,1920409
1033,2010,전라북도,06,1488035
1034,2010,제주특별자치도,06,271052
1035,2010,충청남도,06,3038587
1036,2010,충청북도,06,1516139
1037,2011,강원도,06,1184828
1038,2011,경기도,06,7452141
1039,2011,경상남도,06,2584721
1040,2011,경상북도,06,3545546
1041,2011,광주광역시,06,626417
1042,2011,대구광역시,06,1163368
1043,2011,대전광역시,06,710217
1044,2011,부산광역시,06,1613264
1045,2011,서울특별시,06,3713716
1046,2011,세종특별자치시,06,0
1047,2011,울산광역시,06,2370675
1048,2011,인천광역시,06,1753742
1049,2011,전라남도,06,2040887
1050,2011,전라북도,06,1659628
1051,2011,제주특별자치도,06,281724
1052,2011,충청남도,06,3437236
1053,2011,충청북도,06,1609118
1054,2012,강원도,06,1186370
1055,2012,경기도,06,7684878
1056,2012,경상남도,06,2561147
1057,2012,경상북도,06,3634860
1058,2012,광주광역시,06,628135
1059,2012,대구광역시,06,1160770
1060,2012,대전광역시,06,711321
1061,2012,부산광역시,06,1559207
1062,2012,서울특별시,06,3736558
1063,2012,세종특별자치시,06,0
1064,2012,울산광역시,06,2394246
1065,2012,인천광역시,06,1779877
1066,2012,전라남도,06,2295154
1067,2012,전라북도,06,1709387
1068,2012,제주특별자치도,06,295263
1069,2012,충청남도,06,3566114
1070,2012,충청북도,06,1693624
1071,2013,강원도,06,1179135
1072,2013,경기도,06,7896863
1073,2013,경상남도,06,2559834
1074,2013,경상북도,06,3651788
1075,2013,광주광역시,06,654744
1076,2013,대구광역시,06,1175504
1077,2013,대전광역시,06,726457
1078,2013,부산광역시,06,1580862
1079,2013,서울특별시,06,3706936
1080,2013,세종특별자치시,06,184294
1081,2013,울산광역시,06,2489278
1082,2013,인천광역시,06,1784636
1083,2013,전라남도,06,2481465
1084,2013,전라북도,06,1719435
1085,2013,제주특별자치도,06,305151
1086,2013,충청남도,06,3581215
1087,2013,충청북도,06,1688244
1088,2014,강원도,06,1164699
1089,2014,경기도,06,7996787
1090,2014,경상남도,06,2590503
1091,2014,경상북도,06,3731382
1092,2014,광주광역시,06,651234
1093,2014,대구광역시,06,1182480
1094,2014,대전광역시,06,725186
1095,2014,부산광역시,06,1572826
1096,2014,서울특별시,06,3649218
1097,2014,세종특별자치시,06,191639
1098,2014,울산광역시,06,2446502
1099,2014,인천광역시,06,1804931
1100,2014,전라남도,06,2471884
1101,2014,전라북도,06,1783912
1102,2014,제주특별자치도,06,324320
1103,2014,충청남도,06,3809582
1104,2014,충청북도,06,1745149
1105,2015,강원도,06,1219754
1106,2015,경기도,06,8187214
1107,2015,경상남도,06,2629378
1108,2015,경상북도,06,3678558
1109,2015,광주광역시,06,645195
1110,2015,대구광역시,06,1203042
1111,2015,대전광역시,06,735488
1112,2015,부산광역시,06,1579057
1113,2015,서울특별시,06,3637371
1114,2015,세종특별자치시,06,209733
1115,2015,울산광역시,06,2490860
1116,2015,인천광역시,06,1856934
1117,2015,전라남도,06,2546452
1118,2015,전라북도,06,1739397
1119,2015,제주특별자치도,06,333424
1120,2015,충청남도,06,3813925
1121,2015,충청북도,06,1824828
1122,2016,강원도,06,1213047
1123,2016,경기도,06,8507386
1124,2016,경상남도,06,2657835
1125,2016,경상북도,06,4161055
1126,2016,광주광역시,06,675463
1127,2016,대구광역시,06,1210881
1128,2016,대전광역시,06,751192
1129,2016,부산광역시,06,1604274
1130,2016,서울특별시,06,3715673
1131,2016,세종특별자치시,06,225970
1132,2016,울산광역시,06,2659735
1133,2016,인천광역시,06,1901027
1134,2016,전라남도,06,2605076
1135,2016,전라북도,06,1732744
1136,2016,제주특별자치도,06,354638
1137,2016,충청남도,06,3789423
1138,2016,충청북도,06,1902687
1139,2017,강원도,06,1228374
1140,2017,경기도,06,8873250
1141,2017,경상남도,06,2683615
1142,2017,경상북도,06,3592872
1143,2017,광주광역시,06,677388
1144,2017,대구광역시,06,1218416
1145,2017,대전광역시,06,741221
1146,2017,부산광역시,06,1646150
1147,2017,서울특별시,06,3621612
1148,2017,세종특별자치시,06,232819
1149,2017,울산광역시,06,2520793
1150,2017,인천광역시,06,1938030
1151,2017,전라남도,06,2615730
1152,2017,전라북도,06,1770289
1153,2017,제주특별자치도,06,373510
1154,2017,충청남도,06,4000824
1155,2017,충청북도,06,1937770
1156,2018,강원도,06,1250381
1157,2018,경기도,06,9487505
1158,2018,경상남도,06,2694747
1159,2018,경상북도,06,3584216
1160,2018,광주광역시,06,688052
1161,2018,대구광역시,06,1232515
1162,2018,대전광역시,06,758538
1163,2018,부산광역시,06,1647154
1164,2018,서울특별시,06,3686242
1165,2018,세종특별자치시,06,242180
1166,2018,울산광역시,06,2778506
1167,2018,인천광역시,06,1981285
1168,2018,전라남도,06,2646151
1169,2018,전라북도,06,1810635
1170,2018,제주특별자치도,06,396634
1171,2018,충청남도,06,4102184
1172,2018,충청북도,06,2058719
1173,2019,강원도,06,1211985
1174,2019,경기도,06,9505754
1175,2019,경상남도,06,2637434
1176,2019,경상북도,06,3491484
1177,2019,광주광역시,06,673983
1178,2019,대구광역시,06,1204862
1179,2019,대전광역시,06,732298
1180,2019,부산광역시,06,1633070
1181,2019,서울특별시,06,3676047
1182,2019,세종특별자치시,06,255501
1183,2019,울산광역시,06,2815389
1184,2019,인천광역시,06,1897766
1185,2019,전라남도,06,2429144
1186,2019,전라북도,06,1700388
1187,2019,제주특별자치도,06,404085
1188,2019,충청남도,06,4253487
1189,2019,충청북도,06,2097133
1190,2020,강원도,06,1209426
1191,2020,경기도,06,9860838
1192,2020,경상남도,06,2569712
1193,2020,경상북도,06,3056814
1194,2020,광주광역시,06,685306
1195,2020,대구광역시,06,1149699
1196,2020,대전광역시,06,756242
1197,2020,부산광역시,06,1615016
1198,2020,서울특별시,06,3730294
1199,2020,세종특별자치시,06,269349
1200,2020,울산광역시,06,2510484
1201,2020,인천광역시,06,1873175
1202,2020,전라남도,06,2361475
1203,2020,전라북도,06,1533556
1204,2020,제주특별자치도,06,408215
1205,2020,충청남도,06,4049676
1206,2020,충청북도,06,2113611
1207,2021,강원도,06,1274174
1208,2021,경기도,06,10512799
1209,2021,경상남도,06,2822799
1210,2021,경상북도,06,3506078
1211,2021,광주광역시,06,713735
1212,2021,대구광역시,06,1232554
1213,2021,대전광역시,06,774709
1214,2021,부산광역시,06,1676954
1215,2021,서울특별시,06,3701621
1216,2021,세종특별자치시,06,292890
1217,2021,울산광역시,06,2685454
1218,2021,인천광역시,06,2000698
1219,2021,전라남도,06,2648105
1220,2021,전라북도,06,1697453
1221,2021,제주특별자치도,06,437447
1222,2021,충청남도,06,3770865
1223,2021,충청북도,06,2283540
1224,2010,강원도,07,1055938
1225,2010,경기도,07,7589292
1226,2010,경상남도,07,2550149
1227,2010,경상북도,07,3344445
1228,2010,광주광역시,07,667137
1229,2010,대구광역시,07,1202680
1230,2010,대전광역시,07,748174
1231,2010,부산광역시,07,1675050
1232,2010,서울특별시,07,4219590
1233,2010,세종특별자치시,07,0
1234,2010,울산광역시,07,2218722
1235,2010,인천광역시,07,1766598
1236,2010,전라남도,07,1998945
1237,2010,전라북도,07,1493114
1238,2010,제주특별자치도,07,286859
1239,2010,충청남도,07,3170594
1240,2010,충청북도,07,1551504
1241,2011,강원도,07,1144760
1242,2011,경기도,07,7828198
1243,2011,경상남도,07,2690200
1244,2011,경상북도,07,3581232
1245,2011,광주광역시,07,674555
1246,2011,대구광역시,07,1243303
1247,2011,대전광역시,07,764457
1248,2011,부산광역시,07,1695590
1249,2011,서울특별시,07,4049595
1250,2011,세종특별자치시,07,0
1251,2011,울산광역시,07,2462805
1252,2011,인천광역시,07,1783544
1253,2011,전라남도,07,2220065
1254,2011,전라북도,07,1706313
1255,2011,제주특별자치도,07,305421
1256,2011,충청남도,07,3500491
1257,2011,충청북도,07,1633233
1258,2012,강원도,07,1157824
1259,2012,경기도,07,8256552
1260,2012,경상남도,07,2623501
1261,2012,경상북도,07,3597832
1262,2012,광주광역시,07,660058
1263,2012,대구광역시,07,1214720
1264,2012,대전광역시,07,752158
1265,2012,부산광역시,07,1671135
1266,2012,서울특별시,07,4075847
1267,2012,세종특별자치시,07,0
1268,2012,울산광역시,07,2498393
1269,2012,인천광역시,07,1829867
1270,2012,전라남도,07,2352615
1271,2012,전라북도,07,1749714
1272,2012,제주특별자치도,07,308449
1273,2012,충청남도,07,3654677
1274,2012,충청북도,07,1731121
1275,2013,강원도,07,1135448
1276,2013,경기도,07,8325648
1277,2013,경상남도,07,2806015
1278,2013,경상북도,07,3736866
1279,2013,광주광역시,07,707543
1280,2013,대구광역시,07,1272957
1281,2013,대전광역시,07,781617
1282,2013,부산광역시,07,1703106
1283,2013,서울특별시,07,4099931
1284,2013,세종특별자치시,07,189805
1285,2013,울산광역시,07,2582997
1286,2013,인천광역시,07,1875985
1287,2013,전라남도,07,2410269
1288,2013,전라북도,07,1730583
1289,2013,제주특별자치도,07,332906
1290,2013,충청남도,07,3708962
1291,2013,충청북도,07,1770742
1292,2014,강원도,07,1187271
1293,2014,경기도,07,8529871
1294,2014,경상남도,07,2739786
1295,2014,경상북도,07,3831939
1296,2014,광주광역시,07,692995
1297,2014,대구광역시,07,1255757
1298,2014,대전광역시,07,782699
1299,2014,부산광역시,07,1671763
1300,2014,서울특별시,07,4072242
1301,2014,세종특별자치시,07,203945
1302,2014,울산광역시,07,2590569
1303,2014,인천광역시,07,1933604
1304,2014,전라남도,07,2573919
1305,2014,전라북도,07,1830154
1306,2014,제주특별자치도,07,329068
1307,2014,충청남도,07,3920746
1308,2014,충청북도,07,1848656
1309,2015,강원도,07,1209553
1310,2015,경기도,07,8494129
1311,2015,경상남도,07,2709947
1312,2015,경상북도,07,3607031
1313,2015,광주광역시,07,714512
1314,2015,대구광역시,07,1224159
1315,2015,대전광역시,07,760448
1316,2015,부산광역시,07,1639718
1317,2015,서울특별시,07,3982172
1318,2015,세종특별자치시,07,217496
1319,2015,울산광역시,07,2611907
1320,2015,인천광역시,07,1903269
1321,2015,전라남도,07,2453984
1322,2015,전라북도,07,1666071
1323,2015,제주특별자치도,07,340764
1324,2015,충청남도,07,3956742
1325,2015,충청북도,07,1886596
1326,2016,강원도,07,1239943
1327,2016,경기도,07,8997317
1328,2016,경상남도,07,2799026
1329,2016,경상북도,07,3056868
1330,2016,광주광역시,07,731855
1331,2016,대구광역시,07,1282697
1332,2016,대전광역시,07,801595
1333,2016,부산광역시,07,1717654
1334,2016,서울특별시,07,4101888
1335,2016,세종특별자치시,07,233674
1336,2016,울산광역시,07,2767201
1337,2016,인천광역시,07,2018624
1338,2016,전라남도,07,2631165
1339,2016,전라북도,07,1832647
1340,2016,제주특별자치도,07,385185
1341,2016,충청남도,07,4019425
1342,2016,충청북도,07,1973528
1343,2017,강원도,07,1266281
1344,2017,경기도,07,9771137
1345,2017,경상남도,07,2873069
1346,2017,경상북도,07,3811468
1347,2017,광주광역시,07,761988
1348,2017,대구광역시,07,1349359
1349,2017,대전광역시,07,826381
1350,2017,부산광역시,07,1815923
1351,2017,서울특별시,07,4273771
1352,2017,세종특별자치시,07,247499
1353,2017,울산광역시,07,2774160
1354,2017,인천광역시,07,2117650
1355,2017,전라남도,07,2753902
1356,2017,전라북도,07,1828011
1357,2017,제주특별자치도,07,419192
1358,2017,충청남도,07,4240321
1359,2017,충청북도,07,2078381
1360,2018,강원도,07,1285711
1361,2018,경기도,07,10296257
1362,2018,경상남도,07,2872740
1363,2018,경상북도,07,3766046
1364,2018,광주광역시,07,753263
1365,2018,대구광역시,07,1342336
1366,2018,대전광역시,07,824653
1367,2018,부산광역시,07,1813944
1368,2018,서울특별시,07,4260544
1369,2018,세종특별자치시,07,256799
1370,2018,울산광역시,07,2917598
1371,2018,인천광역시,07,2110535
1372,2018,전라남도,07,2799291
1373,2018,전라북도,07,1777088
1374,2018,제주특별자치도,07,431586
1375,2018,충청남도,07,4342391
1376,2018,충청북도,07,2179169
1377,2019,강원도,07,1230225
1378,2019,경기도,07,9730623
1379,2019,경상남도,07,2809322
1380,2019,경상북도,07,3688216
1381,2019,광주광역시,07,726581
1382,2019,대구광역시,07,1273370
1383,2019,대전광역시,07,786884
1384,2019,부산광역시,07,1724989
1385,2019,서울특별시,07,4146986
1386,2019,세종특별자치시,07,274189
1387,2019,울산광역시,07,3024955
1388,2019,인천광역시,07,2039203
1389,2019,전라남도,07,2648712
1390,2019,전라북도,07,1751150
1391,2019,제주특별자치도,07,420071
1392,2019,충청남도,07,4475404
1393,2019,충청북도,07,2215303
1394,2020,강원도,07,1218509
1395,2020,경기도,07,10406069
1396,2020,경상남도,07,2698203
1397,2020,경상북도,07,3281092
1398,2020,광주광역시,07,723738
1399,2020,대구광역시,07,1221759
1400,2020,대전광역시,07,799435
1401,2020,부산광역시,07,1701538
1402,2020,서울특별시,07,4074026
1403,2020,세종특별자치시,07,284687
1404,2020,울산광역시,07,2720164
1405,2020,인천광역시,07,1962282
1406,2020,전라남도,07,2525928
1407,2020,전라북도,07,1567216
1408,2020,제주특별자치도,07,424457
1409,2020,충청남도,07,4245607
1410,2020,충청북도,07,2213059
1411,2021,강원도,07,1320822
1412,2021,경기도,07,11597452
1413,2021,경상남도,07,3008611
1414,2021,경상북도,07,3702200
1415,2021,광주광역시,07,790946
1416,2021,대구광역시,07,1344663
1417,2021,대전광역시,07,862437
1418,2021,부산광역시,07,1861381
1419,2021,서울특별시,07,4406553
1420,2021,세종특별자치시,07,315299
1421,2021,울산광역시,07,2881832
1422,2021,인천광역시,07,2191297
1423,2021,전라남도,07,2856350
1424,2021,전라북도,07,1803462
1425,2021,제주특별자치도,07,486838
1426,2021,충청남도,07,4137216
1427,2021,충청북도,07,2404437
1428,2010,강원도,08,1088438
1429,2010,경기도,08,7961584
1430,2010,경상남도,08,2600386
1431,2010,경상북도,08,3428974
1432,2010,광주광역시,08,697066
1433,2010,대구광역시,08,1284747
1434,2010,대전광역시,08,800784
1435,2010,부산광역시,08,1797007
1436,2010,서울특별시,08,4646112
1437,2010,세종특별자치시,08,0
1438,2010,울산광역시,08,2290022
1439,2010,인천광역시,08,1861369
1440,2010,전라남도,08,2114591
1441,2010,전라북도,08,1551166
1442,2010,제주특별자치도,08,331375
1443,2010,충청남도,08,3206697
1444,2010,충청북도,08,1591255
1445,2011,강원도,08,1176803
1446,2011,경기도,08,8077684
1447,2011,경상남도,08,2671624
1448,2011,경상북도,08,3576061
1449,2011,광주광역시,08,712046
1450,2011,대구광역시,08,1286641
1451,2011,대전광역시,08,816201
1452,2011,부산광역시,08,1793742
1453,2011,서울특별시,08,4433093
1454,2011,세종특별자치시,08,0
1455,2011,울산광역시,08,2382527
1456,2011,인천광역시,08,1849160
1457,2011,전라남도,08,2338047
1458,2011,전라북도,08,1712173
1459,2011,제주특별자치도,08,335711
1460,2011,충청남도,08,3537705
1461,2011,충청북도,08,1660964
1462,2012,강원도,08,1187258
1463,2012,경기도,08,8351284
1464,2012,경상남도,08,2735873
1465,2012,경상북도,08,3670384
1466,2012,광주광역시,08,734889
1467,2012,대구광역시,08,1345137
1468,2012,대전광역시,08,835728
1469,2012,부산광역시,08,1869241
1470,2012,서울특별시,08,4687134
1471,2012,세종특별자치시,08,0
1472,2012,울산광역시,08,2457928
1473,2012,인천광역시,08,1943473
1474,2012,전라남도,08,2466141
1475,2012,전라북도,08,1757560
1476,2012,제주특별자치도,08,355592
1477,2012,충청남도,08,3706104
1478,2012,충청북도,08,1782368
1479,2013,강원도,08,1192064
1480,2013,경기도,08,8781449
1481,2013,경상남도,08,2707443
1482,2013,경상북도,08,3762549
1483,2013,광주광역시,08,773392
1484,2013,대구광역시,08,1381189
1485,2013,대전광역시,08,848615
1486,2013,부산광역시,08,1861438
1487,2013,서울특별시,08,4534870
1488,2013,세종특별자치시,08,201942
1489,2013,울산광역시,08,2533220
1490,2013,인천광역시,08,1930205
1491,2013,전라남도,08,2455720
1492,2013,전라북도,08,1712559
1493,2013,제주특별자치도,08,393840
1494,2013,충청남도,08,3766974
1495,2013,충청북도,08,1809584
1496,2014,강원도,08,1214877
1497,2014,경기도,08,8604680
1498,2014,경상남도,08,2644061
1499,2014,경상북도,08,3686008
1500,2014,광주광역시,08,717104
1501,2014,대구광역시,08,1273769
1502,2014,대전광역시,08,798517
1503,2014,부산광역시,08,1739645
1504,2014,서울특별시,08,4260833
1505,2014,세종특별자치시,08,196299
1506,2014,울산광역시,08,2553748
1507,2014,인천광역시,08,1911112
1508,2014,전라남도,08,2592766
1509,2014,전라북도,08,1767724
1510,2014,제주특별자치도,08,364066
1511,2014,충청남도,08,3891818
1512,2014,충청북도,08,1815753
1513,2015,강원도,08,1286166
1514,2015,경기도,08,9262319
1515,2015,경상남도,08,2763484
1516,2015,경상북도,08,3680745
1517,2015,광주광역시,08,754560
1518,2015,대구광역시,08,1334385
1519,2015,대전광역시,08,851386
1520,2015,부산광역시,08,1802549
1521,2015,서울특별시,08,4471860
1522,2015,세종특별자치시,08,218478
1523,2015,울산광역시,08,2609390
1524,2015,인천광역시,08,2060394
1525,2015,전라남도,08,2747295
1526,2015,전라북도,08,1805578
1527,2015,제주특별자치도,08,398539
1528,2015,충청남도,08,3976573
1529,2015,충청북도,08,1905285
1530,2016,강원도,08,1331494
1531,2016,경기도,08,9808502
1532,2016,경상남도,08,2912513
1533,2016,경상북도,08,3810108
1534,2016,광주광역시,08,813713
1535,2016,대구광역시,08,1423080
1536,2016,대전광역시,08,907682
1537,2016,부산광역시,08,1901685
1538,2016,서울특별시,08,4852558
1539,2016,세종특별자치시,08,243882
1540,2016,울산광역시,08,2746691
1541,2016,인천광역시,08,2159497
1542,2016,전라남도,08,2856132
1543,2016,전라북도,08,1951491
1544,2016,제주특별자치도,08,454259
1545,2016,충청남도,08,4182948
1546,2016,충청북도,08,2055605
1547,2017,강원도,08,1309951
1548,2017,경기도,08,10298534
1549,2017,경상남도,08,2960983
1550,2017,경상북도,08,3872112
1551,2017,광주광역시,08,833272
1552,2017,대구광역시,08,1413997
1553,2017,대전광역시,08,895488
1554,2017,부산광역시,08,1979171
1555,2017,서울특별시,08,4733095
1556,2017,세종특별자치시,08,255802
1557,2017,울산광역시,08,2782576
1558,2017,인천광역시,08,2225964
1559,2017,전라남도,08,2925331
1560,2017,전라북도,08,1963678
1561,2017,제주특별자치도,08,490005
1562,2017,충청남도,08,4316874
1563,2017,충청북도,08,2096900
1564,2018,강원도,08,1421772
1565,2018,경기도,08,11686973
1566,2018,경상남도,08,3145720
1567,2018,경상북도,08,3996474
1568,2018,광주광역시,08,893915
1569,2018,대구광역시,08,1565102
1570,2018,대전광역시,08,979932
1571,2018,부산광역시,08,2095583
1572,2018,서울특별시,08,5394746
1573,2018,세종특별자치시,08,285846
1574,2018,울산광역시,08,3081875
1575,2018,인천광역시,08,2408422
1576,2018,전라남도,08,3082888
1577,2018,전라북도,08,1995297
1578,2018,제주특별자치도,08,520069
1579,2018,충청남도,08,4626019
1580,2018,충청북도,08,2351465
1581,2019,강원도,08,1359412
1582,2019,경기도,08,11713268
1583,2019,경상남도,08,2968281
1584,2019,경상북도,08,3852790
1585,2019,광주광역시,08,821995
1586,2019,대구광역시,08,1433600
1587,2019,대전광역시,08,898970
1588,2019,부산광역시,08,1966047
1589,2019,서울특별시,08,4897882
1590,2019,세종특별자치시,08,289289
1591,2019,울산광역시,08,3054786
1592,2019,인천광역시,08,2226318
1593,2019,전라남도,08,2785148
1594,2019,전라북도,08,1851288
1595,2019,제주특별자치도,08,507465
1596,2019,충청남도,08,4611353
1597,2019,충청북도,08,2320540
1598,2020,강원도,08,1263509
1599,2020,경기도,08,10976452
1600,2020,경상남도,08,2840866
1601,2020,경상북도,08,3470234
1602,2020,광주광역시,08,785930
1603,2020,대구광역시,08,1318926
1604,2020,대전광역시,08,851834
1605,2020,부산광역시,08,1883786
1606,2020,서울특별시,08,4438534
1607,2020,세종특별자치시,08,294023
1608,2020,울산광역시,08,2871555
1609,2020,인천광역시,08,2075731
1610,2020,전라남도,08,2689690
1611,2020,전라북도,08,1658484
1612,2020,제주특별자치도,08,511679
1613,2020,충청남도,08,4411688
1614,2020,충청북도,08,2256294
1615,2021,강원도,08,1449135
1616,2021,경기도,08,12196364
1617,2021,경상남도,08,3128818
1618,2021,경상북도,08,3766708
1619,2021,광주광역시,08,876521
1620,2021,대구광역시,08,1461379
1621,2021,대전광역시,08,965782
1622,2021,부산광역시,08,2037219
1623,2021,서울특별시,08,5103868
1624,2021,세종특별자치시,08,339002
1625,2021,울산광역시,08,2911724
1626,2021,인천광역시,08,2387486
1627,2021,전라남도,08,3073050
1628,2021,전라북도,08,1923328
1629,2021,제주특별자치도,08,544310
1630,2021,충청남도,08,4257399
1631,2021,충청북도,08,2507863
1632,2010,강원도,09,1058865
1633,2010,경기도,09,7659696
1634,2010,경상남도,09,2594082
1635,2010,경상북도,09,3394857
1636,2010,광주광역시,09,692544
1637,2010,대구광역시,09,1267503
1638,2010,대전광역시,09,770732
1639,2010,부산광역시,09,1806226
1640,2010,서울특별시,09,4296100
1641,2010,세종특별자치시,09,0
1642,2010,울산광역시,09,2260645
1643,2010,인천광역시,09,1807585
1644,2010,전라남도,09,2098805
1645,2010,전라북도,09,1553451
1646,2010,제주특별자치도,09,317709
1647,2010,충청남도,09,3139467
1648,2010,충청북도,09,1524966
1649,2011,강원도,09,1180929
1650,2011,경기도,09,7742435
1651,2011,경상남도,09,2591648
1652,2011,경상북도,09,3495235
1653,2011,광주광역시,09,673056
1654,2011,대구광역시,09,1211616
1655,2011,대전광역시,09,749635
1656,2011,부산광역시,09,1698380
1657,2011,서울특별시,09,4149017
1658,2011,세종특별자치시,09,0
1659,2011,울산광역시,09,2370648
1660,2011,인천광역시,09,1752984
1661,2011,전라남도,09,2214157
1662,2011,전라북도,09,1696404
1663,2011,제주특별자치도,09,310488
1664,2011,충청남도,09,3429691
1665,2011,충청북도,09,1593140
1666,2012,강원도,09,1137513
1667,2012,경기도,09,7963834
1668,2012,경상남도,09,2615171
1669,2012,경상북도,09,3791593
1670,2012,광주광역시,09,671096
1671,2012,대구광역시,09,1227950
1672,2012,대전광역시,09,748795
1673,2012,부산광역시,09,1731297
1674,2012,서울특별시,09,4034771
1675,2012,세종특별자치시,09,0
1676,2012,울산광역시,09,2458083
1677,2012,인천광역시,09,1806302
1678,2012,전라남도,09,2363465
1679,2012,전라북도,09,1724665
1680,2012,제주특별자치도,09,314567
1681,2012,충청남도,09,3577592
1682,2012,충청북도,09,1701672
1683,2013,강원도,09,1163211
1684,2013,경기도,09,8104391
1685,2013,경상남도,09,2658966
1686,2013,경상북도,09,3685660
1687,2013,광주광역시,09,702556
1688,2013,대구광역시,09,1255073
1689,2013,대전광역시,09,757394
1690,2013,부산광역시,09,1720611
1691,2013,서울특별시,09,4064276
1692,2013,세종특별자치시,09,187499
1693,2013,울산광역시,09,2594620
1694,2013,인천광역시,09,1816536
1695,2013,전라남도,09,2641451
1696,2013,전라북도,09,1702646
1697,2013,제주특별자치도,09,351450
1698,2013,충청남도,09,3671812
1699,2013,충청북도,09,1702850
1700,2014,강원도,09,1179709
1701,2014,경기도,09,8075793
1702,2014,경상남도,09,2569954
1703,2014,경상북도,09,3647642
1704,2014,광주광역시,09,668280
1705,2014,대구광역시,09,1182542
1706,2014,대전광역시,09,734372
1707,2014,부산광역시,09,1644324
1708,2014,서울특별시,09,3844677
1709,2014,세종특별자치시,09,190143
1710,2014,울산광역시,09,2453371
1711,2014,인천광역시,09,1812648
1712,2014,전라남도,09,2614315
1713,2014,전라북도,09,1736555
1714,2014,제주특별자치도,09,341393
1715,2014,충청남도,09,3745396
1716,2014,충청북도,09,1720379
1717,2015,강원도,09,1245384
1718,2015,경기도,09,8605837
1719,2015,경상남도,09,2652444
1720,2015,경상북도,09,3614368
1721,2015,광주광역시,09,696736
1722,2015,대구광역시,09,1226328
1723,2015,대전광역시,09,769249
1724,2015,부산광역시,09,1688758
1725,2015,서울특별시,09,4006650
1726,2015,세종특별자치시,09,216121
1727,2015,울산광역시,09,2531954
1728,2015,인천광역시,09,1882874
1729,2015,전라남도,09,2762333
1730,2015,전라북도,09,1804126
1731,2015,제주특별자치도,09,360964
1732,2015,충청남도,09,3805968
1733,2015,충청북도,09,1833996
1734,2016,강원도,09,1270819
1735,2016,경기도,09,9050972
1736,2016,경상남도,09,2745413
1737,2016,경상북도,09,3575381
1738,2016,광주광역시,09,742389
1739,2016,대구광역시,09,1271426
1740,2016,대전광역시,09,792137
1741,2016,부산광역시,09,1741483
1742,2016,서울특별시,09,4206131
1743,2016,세종특별자치시,09,227429
1744,2016,울산광역시,09,2720426
1745,2016,인천광역시,09,1946465
1746,2016,전라남도,09,2805440
1747,2016,전라북도,09,1848355
1748,2016,제주특별자치도,09,405821
1749,2016,충청남도,09,3924897
1750,2016,충청북도,09,1928928
1751,2017,강원도,09,1242820
1752,2017,경기도,09,9494123
1753,2017,경상남도,09,2879660
1754,2017,경상북도,09,3757191
1755,2017,광주광역시,09,758365
1756,2017,대구광역시,09,1306140
1757,2017,대전광역시,09,787503
1758,2017,부산광역시,09,1848565
1759,2017,서울특별시,09,3998064
1760,2017,세종특별자치시,09,245761
1761,2017,울산광역시,09,2706478
1762,2017,인천광역시,09,2043139
1763,2017,전라남도,09,2827403
1764,2017,전라북도,09,1875214
1765,2017,제주특별자치도,09,430854
1766,2017,충청남도,09,4109028
1767,2017,충청북도,09,2025762
1768,2018,강원도,09,1265459
1769,2018,경기도,09,10161728
1770,2018,경상남도,09,2806144
1771,2018,경상북도,09,3746095
1772,2018,광주광역시,09,765904
1773,2018,대구광역시,09,1309344
1774,2018,대전광역시,09,816848
1775,2018,부산광역시,09,1841933
1776,2018,서울특별시,09,4262672
1777,2018,세종특별자치시,09,258021
1778,2018,울산광역시,09,2922434
1779,2018,인천광역시,09,2019014
1780,2018,전라남도,09,2901849
1781,2018,전라북도,09,1884073
1782,2018,제주특별자치도,09,457711
1783,2018,충청남도,09,4195755
1784,2018,충청북도,09,2114050
1785,2019,강원도,09,1261886
1786,2019,경기도,09,10267027
1787,2019,경상남도,09,2814273
1788,2019,경상북도,09,3509529
1789,2019,광주광역시,09,756642
1790,2019,대구광역시,09,1314078
1791,2019,대전광역시,09,826527
1792,2019,부산광역시,09,1847006
1793,2019,서울특별시,09,4305561
1794,2019,세종특별자치시,09,276593
1795,2019,울산광역시,09,2951355
1796,2019,인천광역시,09,2030427
1797,2019,전라남도,09,2745194
1798,2019,전라북도,09,1865632
1799,2019,제주특별자치도,09,461504
1800,2019,충청남도,09,4253081
1801,2019,충청북도,09,2162975
1802,2020,강원도,09,1313721
1803,2020,경기도,09,10912340
1804,2020,경상남도,09,2971651
1805,2020,경상북도,09,3581368
1806,2020,광주광역시,09,810366
1807,2020,대구광역시,09,1398370
1808,2020,대전광역시,09,873979
1809,2020,부산광역시,09,1944267
1810,2020,서울특별시,09,4284346
1811,2020,세종특별자치시,09,310726
1812,2020,울산광역시,09,2851863
1813,2020,인천광역시,09,2112103
1814,2020,전라남도,09,2789449
1815,2020,전라북도,09,1803285
1816,2020,제주특별자치도,09,481909
1817,2020,충청남도,09,4363187
1818,2020,충청북도,09,2307863
1819,2021,강원도,09,1312553
1820,2021,경기도,09,11371799
1821,2021,경상남도,09,2906446
1822,2021,경상북도,09,3678036
1823,2021,광주광역시,09,781758
1824,2021,대구광역시,09,1301387
1825,2021,대전광역시,09,830846
1826,2021,부산광역시,09,1842289
1827,2021,서울특별시,09,4145083
1828,2021,세종특별자치시,09,309351
1829,2021,울산광역시,09,2861562
1830,2021,인천광역시,09,2065171
1831,2021,전라남도,09,2836764
1832,2021,전라북도,09,1791056
1833,2021,제주특별자치도,09,495549
1834,2021,충청남도,09,3978322
1835,2021,충청북도,09,2310912
1836,2010,강원도,10,1116695
1837,2010,경기도,10,6868326
1838,2010,경상남도,10,2428098
1839,2010,경상북도,10,3370268
1840,2010,광주광역시,10,605233
1841,2010,대구광역시,10,1080432
1842,2010,대전광역시,10,668362
1843,2010,부산광역시,10,1571374
1844,2010,서울특별시,10,3441549
1845,2010,세종특별자치시,10,0
1846,2010,울산광역시,10,2168811
1847,2010,인천광역시,10,1690609
1848,2010,전라남도,10,2098914
1849,2010,전라북도,10,1493322
1850,2010,제주특별자치도,10,270423
1851,2010,충청남도,10,3167916
1852,2010,충청북도,10,1503473
1853,2011,강원도,10,1242326
1854,2011,경기도,10,7370838
1855,2011,경상남도,10,2548905
1856,2011,경상북도,10,3613546
1857,2011,광주광역시,10,618928
1858,2011,대구광역시,10,1125749
1859,2011,대전광역시,10,673068
1860,2011,부산광역시,10,1596236
1861,2011,서울특별시,10,3458466
1862,2011,세종특별자치시,10,0
1863,2011,울산광역시,10,2361751
1864,2011,인천광역시,10,1769220
1865,2011,전라남도,10,2259138
1866,2011,전라북도,10,1688228
1867,2011,제주특별자치도,10,281649
1868,2011,충청남도,10,3376382
1869,2011,충청북도,10,1618890
1870,2012,강원도,10,1160784
1871,2012,경기도,10,7394755
1872,2012,경상남도,10,2387768
1873,2012,경상북도,10,3266846
1874,2012,광주광역시,10,599532
1875,2012,대구광역시,10,1084282
1876,2012,대전광역시,10,664620
1877,2012,부산광역시,10,1531025
1878,2012,서울특별시,10,3387032
1879,2012,세종특별자치시,10,170446
1880,2012,울산광역시,10,2440296
1881,2012,인천광역시,10,1701322
1882,2012,전라남도,10,2324550
1883,2012,전라북도,10,1575263
1884,2012,제주특별자치도,10,283475
1885,2012,충청남도,10,3332487
1886,2012,충청북도,10,1590133
1887,2013,강원도,10,1158325
1888,2013,경기도,10,7628964
1889,2013,경상남도,10,2550466
1890,2013,경상북도,10,3669028
1891,2013,광주광역시,10,630561
1892,2013,대구광역시,10,1126448
1893,2013,대전광역시,10,686707
1894,2013,부산광역시,10,1565677
1895,2013,서울특별시,10,3388520
1896,2013,세종특별자치시,10,185655
1897,2013,울산광역시,10,2547128
1898,2013,인천광역시,10,1733855
1899,2013,전라남도,10,2500516
1900,2013,전라북도,10,1712623
1901,2013,제주특별자치도,10,307499
1902,2013,충청남도,10,3776212
1903,2013,충청북도,10,1778198
1904,2014,강원도,10,1226324
1905,2014,경기도,10,7860233
1906,2014,경상남도,10,2580948
1907,2014,경상북도,10,3733519
1908,2014,광주광역시,10,629549
1909,2014,대구광역시,10,1147482
1910,2014,대전광역시,10,699688
1911,2014,부산광역시,10,1576153
1912,2014,서울특별시,10,3396751
1913,2014,세종특별자치시,10,197354
1914,2014,울산광역시,10,2519310
1915,2014,인천광역시,10,1823647
1916,2014,전라남도,10,2774211
1917,2014,전라북도,10,1751897
1918,2014,제주특별자치도,10,318161
1919,2014,충청남도,10,3818065
1920,2014,충청북도,10,1762169
1921,2015,강원도,10,1243791
1922,2015,경기도,10,7991732
1923,2015,경상남도,10,2584405
1924,2015,경상북도,10,3622497
1925,2015,광주광역시,10,637335
1926,2015,대구광역시,10,1119902
1927,2015,대전광역시,10,691185
1928,2015,부산광역시,10,1548416
1929,2015,서울특별시,10,3375006
1930,2015,세종특별자치시,10,210028
1931,2015,울산광역시,10,2468033
1932,2015,인천광역시,10,1819691
1933,2015,전라남도,10,2490118
1934,2015,전라북도,10,1736826
1935,2015,제주특별자치도,10,329414
1936,2015,충청남도,10,3779524
1937,2015,충청북도,10,1803187
1938,2016,강원도,10,1236128
1939,2016,경기도,10,8323349
1940,2016,경상남도,10,2593761
1941,2016,경상북도,10,3478600
1942,2016,광주광역시,10,650524
1943,2016,대구광역시,10,1155560
1944,2016,대전광역시,10,696965
1945,2016,부산광역시,10,1607309
1946,2016,서울특별시,10,3436055
1947,2016,세종특별자치시,10,216962
1948,2016,울산광역시,10,2677199
1949,2016,인천광역시,10,1820561
1950,2016,전라남도,10,2782724
1951,2016,전라북도,10,1753092
1952,2016,제주특별자치도,10,350595
1953,2016,충청남도,10,3903213
1954,2016,충청북도,10,1866583
1955,2017,강원도,10,1228640
1956,2017,경기도,10,8547612
1957,2017,경상남도,10,2456870
1958,2017,경상북도,10,3581571
1959,2017,광주광역시,10,631753
1960,2017,대구광역시,10,1107848
1961,2017,대전광역시,10,680663
1962,2017,부산광역시,10,1569820
1963,2017,서울특별시,10,3329882
1964,2017,세종특별자치시,10,215765
1965,2017,울산광역시,10,2617830
1966,2017,인천광역시,10,1820833
1967,2017,전라남도,10,2737099
1968,2017,전라북도,10,1710326
1969,2017,제주특별자치도,10,366234
1970,2017,충청남도,10,3903713
1971,2017,충청북도,10,1862331
1972,2018,강원도,10,1242919
1973,2018,경기도,10,9131921
1974,2018,경상남도,10,2628697
1975,2018,경상북도,10,3612135
1976,2018,광주광역시,10,644127
1977,2018,대구광역시,10,1136572
1978,2018,대전광역시,10,694831
1979,2018,부산광역시,10,1605288
1980,2018,서울특별시,10,3320082
1981,2018,세종특별자치시,10,236501
1982,2018,울산광역시,10,2834630
1983,2018,인천광역시,10,1879956
1984,2018,전라남도,10,2639565
1985,2018,전라북도,10,1800278
1986,2018,제주특별자치도,10,381138
1987,2018,충청남도,10,4142499
1988,2018,충청북도,10,2046337
1989,2019,강원도,10,1233916
1990,2019,경기도,10,9519509
1991,2019,경상남도,10,2671846
1992,2019,경상북도,10,3443730
1993,2019,광주광역시,10,663822
1994,2019,대구광역시,10,1189613
1995,2019,대전광역시,10,728259
1996,2019,부산광역시,10,1676463
1997,2019,서울특별시,10,3568257
1998,2019,세종특별자치시,10,260172
1999,2019,울산광역시,10,2780513
2000,2019,인천광역시,10,1821469
2001,2019,전라남도,10,2617393
2002,2019,전라북도,10,1792961
2003,2019,제주특별자치도,10,402849
2004,2019,충청남도,10,4141846
2005,2019,충청북도,10,2110201
2006,2020,강원도,10,1236878
2007,2020,경기도,10,9507671
2008,2020,경상남도,10,2570214
2009,2020,경상북도,10,3275161
2010,2020,광주광역시,10,644709
2011,2020,대구광역시,10,1102514
2012,2020,대전광역시,10,729618
2013,2020,부산광역시,10,1555323
2014,2020,서울특별시,10,3313412
2015,2020,세종특별자치시,10,266062
2016,2020,울산광역시,10,2770770
2017,2020,인천광역시,10,1783811
2018,2020,전라남도,10,2512669
2019,2020,전라북도,10,1594954
2020,2020,제주특별자치도,10,390770
2021,2020,충청남도,10,3720147
2022,2020,충청북도,10,2090628
2023,2021,강원도,10,1280881
2024,2021,경기도,10,10387205
2025,2021,경상남도,10,2697874
2026,2021,경상북도,10,3627776
2027,2021,광주광역시,10,705604
2028,2021,대구광역시,10,1175079
2029,2021,대전광역시,10,754358
2030,2021,부산광역시,10,1680885
2031,2021,서울특별시,10,3578614
2032,2021,세종특별자치시,10,286701
2033,2021,울산광역시,10,2797170
2034,2021,인천광역시,10,1925023
2035,2021,전라남도,10,2726495
2036,2021,전라북도,10,1679464
2037,2021,제주특별자치도,10,446949
2038,2021,충청남도,10,3855222
2039,2021,충청북도,10,2232923
2040,2010,강원도,11,1297575
2041,2010,경기도,11,7866013
2042,2010,경상남도,11,2623317
2043,2010,경상북도,11,3498295
2044,2010,광주광역시,11,632721
2045,2010,대구광역시,11,1164842
2046,2010,대전광역시,11,705397
2047,2010,부산광역시,11,1616403
2048,2010,서울특별시,11,3603223
2049,2010,세종특별자치시,11,0
2050,2010,울산광역시,11,2219654
2051,2010,인천광역시,11,1802665
2052,2010,전라남도,11,2163915
2053,2010,전라북도,11,1608650
2054,2010,제주특별자치도,11,286959
2055,2010,충청남도,11,3362576
2056,2010,충청북도,11,1641772
2057,2011,강원도,11,1331481
2058,2011,경기도,11,7768998
2059,2011,경상남도,11,2672113
2060,2011,경상북도,11,3668855
2061,2011,광주광역시,11,635724
2062,2011,대구광역시,11,1176821
2063,2011,대전광역시,11,698819
2064,2011,부산광역시,11,1625214
2065,2011,서울특별시,11,3527460
2066,2011,세종특별자치시,11,0
2067,2011,울산광역시,11,2338561
2068,2011,인천광역시,11,1792105
2069,2011,전라남도,11,2350455
2070,2011,전라북도,11,1773244
2071,2011,제주특별자치도,11,292227
2072,2011,충청남도,11,3534510
2073,2011,충청북도,11,1680872
2074,2012,강원도,11,1322410
2075,2012,경기도,11,8204136
2076,2012,경상남도,11,2658605
2077,2012,경상북도,11,3717561
2078,2012,광주광역시,11,656591
2079,2012,대구광역시,11,1190760
2080,2012,대전광역시,11,721467
2081,2012,부산광역시,11,1647057
2082,2012,서울특별시,11,3556636
2083,2012,세종특별자치시,11,197571
2084,2012,울산광역시,11,2397377
2085,2012,인천광역시,11,1850798
2086,2012,전라남도,11,2471144
2087,2012,전라북도,11,1649186
2088,2012,제주특별자치도,11,305359
2089,2012,충청남도,11,3611584
2090,2012,충청북도,11,1757894
2091,2013,강원도,11,1319470
2092,2013,경기도,11,8216400
2093,2013,경상남도,11,2711209
2094,2013,경상북도,11,3805039
2095,2013,광주광역시,11,653890
2096,2013,대구광역시,11,1189890
2097,2013,대전광역시,11,715260
2098,2013,부산광역시,11,1596068
2099,2013,서울특별시,11,3462656
2100,2013,세종특별자치시,11,197762
2101,2013,울산광역시,11,2497831
2102,2013,인천광역시,11,1827736
2103,2013,전라남도,11,2549661
2104,2013,전라북도,11,1837859
2105,2013,제주특별자치도,11,319307
2106,2013,충청남도,11,3940691
2107,2013,충청북도,11,1680157
2108,2014,강원도,11,1355140
2109,2014,경기도,11,8280549
2110,2014,경상남도,11,2694710
2111,2014,경상북도,11,3774305
2112,2014,광주광역시,11,655913
2113,2014,대구광역시,11,1190355
2114,2014,대전광역시,11,724232
2115,2014,부산광역시,11,1593205
2116,2014,서울특별시,11,3403955
2117,2014,세종특별자치시,11,210215
2118,2014,울산광역시,11,2434592
2119,2014,인천광역시,11,1822629
2120,2014,전라남도,11,2587553
2121,2014,전라북도,11,1836120
2122,2014,제주특별자치도,11,334243
2123,2014,충청남도,11,3982861
2124,2014,충청북도,11,1848269
2125,2015,강원도,11,1315133
2126,2015,경기도,11,8471689
2127,2015,경상남도,11,2710128
2128,2015,경상북도,11,3603675
2129,2015,광주광역시,11,660658
2130,2015,대구광역시,11,1179855
2131,2015,대전광역시,11,704168
2132,2015,부산광역시,11,1584107
2133,2015,서울특별시,11,3395776
2134,2015,세종특별자치시,11,223583
2135,2015,울산광역시,11,2441240
2136,2015,인천광역시,11,1879980
2137,2015,전라남도,11,2668793
2138,2015,전라북도,11,1811060
2139,2015,제주특별자치도,11,345844
2140,2015,충청남도,11,3964026
2141,2015,충청북도,11,1903811
2142,2016,강원도,11,1377388
2143,2016,경기도,11,8926704
2144,2016,경상남도,11,2767897
2145,2016,경상북도,11,3685279
2146,2016,광주광역시,11,679694
2147,2016,대구광역시,11,1224999
2148,2016,대전광역시,11,717172
2149,2016,부산광역시,11,1626102
2150,2016,서울특별시,11,3479675
2151,2016,세종특별자치시,11,232698
2152,2016,울산광역시,11,2491851
2153,2016,인천광역시,11,1962339
2154,2016,전라남도,11,2734027
2155,2016,전라북도,11,1873392
2156,2016,제주특별자치도,11,361557
2157,2016,충청남도,11,4107340
2158,2016,충청북도,11,2008353
2159,2017,강원도,11,1413444
2160,2017,경기도,11,9438810
2161,2017,경상남도,11,2786077
2162,2017,경상북도,11,3862255
2163,2017,광주광역시,11,680055
2164,2017,대구광역시,11,1220287
2165,2017,대전광역시,11,730894
2166,2017,부산광역시,11,1675282
2167,2017,서울특별시,11,3488082
2168,2017,세종특별자치시,11,242114
2169,2017,울산광역시,11,2511997
2170,2017,인천광역시,11,1979776
2171,2017,전라남도,11,2675816
2172,2017,전라북도,11,1854753
2173,2017,제주특별자치도,11,383331
2174,2017,충청남도,11,4263162
2175,2017,충청북도,11,2086963
2176,2018,강원도,11,1400538
2177,2018,경기도,11,9791981
2178,2018,경상남도,11,2814898
2179,2018,경상북도,11,3752565
2180,2018,광주광역시,11,672600
2181,2018,대구광역시,11,1210936
2182,2018,대전광역시,11,727020
2183,2018,부산광역시,11,1639619
2184,2018,서울특별시,11,3460909
2185,2018,세종특별자치시,11,254634
2186,2018,울산광역시,11,2784126
2187,2018,인천광역시,11,1956641
2188,2018,전라남도,11,2602028
2189,2018,전라북도,11,1892713
2190,2018,제주특별자치도,11,392795
2191,2018,충청남도,11,4358066
2192,2018,충청북도,11,2193060
2193,2019,강원도,11,1345986
2194,2019,경기도,11,9728880
2195,2019,경상남도,11,2728516
2196,2019,경상북도,11,3491135
2197,2019,광주광역시,11,663133
2198,2019,대구광역시,11,1181452
2199,2019,대전광역시,11,722433
2200,2019,부산광역시,11,1633512
2201,2019,서울특별시,11,3481097
2202,2019,세종특별자치시,11,263661
2203,2019,울산광역시,11,2716824
2204,2019,인천광역시,11,1921931
2205,2019,전라남도,11,2498812
2206,2019,전라북도,11,1821636
2207,2019,제주특별자치도,11,403996
2208,2019,충청남도,11,4338290
2209,2019,충청북도,11,2170273
2210,2020,강원도,11,1360652
2211,2020,경기도,11,10142580
2212,2020,경상남도,11,2847815
2213,2020,경상북도,11,3456222
2214,2020,광주광역시,11,681435
2215,2020,대구광역시,11,1190723
2216,2020,대전광역시,11,713731
2217,2020,부산광역시,11,1623880
2218,2020,서울특별시,11,3450679
2219,2020,세종특별자치시,11,288056
2220,2020,울산광역시,11,2713150
2221,2020,인천광역시,11,1885452
2222,2020,전라남도,11,2416994
2223,2020,전라북도,11,1695470
2224,2020,제주특별자치도,11,411424
2225,2020,충청남도,11,4008747
2226,2020,충청북도,11,2259110
2227,2021,강원도,11,1406178
2228,2021,경기도,11,10761065
2229,2021,경상남도,11,2868923
2230,2021,경상북도,11,3609835
2231,2021,광주광역시,11,710814
2232,2021,대구광역시,11,1221063
2233,2021,대전광역시,11,753811
2234,2021,부산광역시,11,1674216
2235,2021,서울특별시,11,3537141
2236,2021,세종특별자치시,11,297290
2237,2021,울산광역시,11,2746286
2238,2021,인천광역시,11,1946417
2239,2021,전라남도,11,2679718
2240,2021,전라북도,11,1736069
2241,2021,제주특별자치도,11,438179
2242,2021,충청남도,11,4108694
2243,2021,충청북도,11,2333918
2244,2010,강원도,12,1442404
2245,2010,경기도,12,8452695
2246,2010,경상남도,12,2914222
2247,2010,경상북도,12,3773932
2248,2010,광주광역시,12,685316
2249,2010,대구광역시,12,1287342
2250,2010,대전광역시,12,779416
2251,2010,부산광역시,12,1768368
2252,2010,서울특별시,12,4022925
2253,2010,세종특별자치시,12,0
2254,2010,울산광역시,12,2339537
2255,2010,인천광역시,12,1980971
2256,2010,전라남도,12,2356637
2257,2010,전라북도,12,1757331
2258,2010,제주특별자치도,12,307358
2259,2010,충청남도,12,3622961
2260,2010,충청북도,12,1784532
2261,2011,강원도,12,1484037
2262,2011,경기도,12,8516923
2263,2011,경상남도,12,2986919
2264,2011,경상북도,12,3825516
2265,2011,광주광역시,12,674224
2266,2011,대구광역시,12,1281465
2267,2011,대전광역시,12,762226
2268,2011,부산광역시,12,1751788
2269,2011,서울특별시,12,3899848
2270,2011,세종특별자치시,12,0
2271,2011,울산광역시,12,2406404
2272,2011,인천광역시,12,1962683
2273,2011,전라남도,12,2386945
2274,2011,전라북도,12,1875230
2275,2011,제주특별자치도,12,312570
2276,2011,충청남도,12,3720993
2277,2011,충청북도,12,1805872
2278,2012,강원도,12,1525101
2279,2012,경기도,12,9219157
2280,2012,경상남도,12,2955629
2281,2012,경상북도,12,3910443
2282,2012,광주광역시,12,708574
2283,2012,대구광역시,12,1322485
2284,2012,대전광역시,12,808709
2285,2012,부산광역시,12,1790679
2286,2012,서울특별시,12,4091294
2287,2012,세종특별자치시,12,210593
2288,2012,울산광역시,12,2555616
2289,2012,인천광역시,12,2056325
2290,2012,전라남도,12,2460140
2291,2012,전라북도,12,1814153
2292,2012,제주특별자치도,12,333536
2293,2012,충청남도,12,3874931
2294,2012,충청북도,12,1927043
2295,2013,강원도,12,1483916
2296,2013,경기도,12,9104716
2297,2013,경상남도,12,3014663
2298,2013,경상북도,12,4087492
2299,2013,광주광역시,12,715191
2300,2013,대구광역시,12,1303660
2301,2013,대전광역시,12,792494
2302,2013,부산광역시,12,1727741
2303,2013,서울특별시,12,3891170
2304,2013,세종특별자치시,12,214230
2305,2013,울산광역시,12,2620047
2306,2013,인천광역시,12,1989830
2307,2013,전라남도,12,2532116
2308,2013,전라북도,12,1978985
2309,2013,제주특별자치도,12,351214
2310,2013,충청남도,12,4110710
2311,2013,충청북도,12,1956964
2312,2014,강원도,12,1512174
2313,2014,경기도,12,9333336
2314,2014,경상남도,12,3053737
2315,2014,경상북도,12,3982394
2316,2014,광주광역시,12,726392
2317,2014,대구광역시,12,1322076
2318,2014,대전광역시,12,810030
2319,2014,부산광역시,12,1730338
2320,2014,서울특별시,12,3941504
2321,2014,세종특별자치시,12,228116
2322,2014,울산광역시,12,2614433
2323,2014,인천광역시,12,2041291
2324,2014,전라남도,12,2768862
2325,2014,전라북도,12,1999109
2326,2014,제주특별자치도,12,367525
2327,2014,충청남도,12,4165510
2328,2014,충청북도,12,2022002
2329,2015,강원도,12,1489302
2330,2015,경기도,12,9265565
2331,2015,경상남도,12,2970379
2332,2015,경상북도,12,3797276
2333,2015,광주광역시,12,708920
2334,2015,대구광역시,12,1271693
2335,2015,대전광역시,12,773675
2336,2015,부산광역시,12,1678497
2337,2015,서울특별시,12,3778722
2338,2015,세종특별자치시,12,237770
2339,2015,울산광역시,12,2633978
2340,2015,인천광역시,12,2023477
2341,2015,전라남도,12,2803112
2342,2015,전라북도,12,1829627
2343,2015,제주특별자치도,12,376279
2344,2015,충청남도,12,4103973
2345,2015,충청북도,12,2033351
2346,2016,강원도,12,1524710
2347,2016,경기도,12,9783329
2348,2016,경상남도,12,3047586
2349,2016,경상북도,12,3963623
2350,2016,광주광역시,12,734270
2351,2016,대구광역시,12,1320700
2352,2016,대전광역시,12,788049
2353,2016,부산광역시,12,1731912
2354,2016,서울특별시,12,3845908
2355,2016,세종특별자치시,12,255603
2356,2016,울산광역시,12,2676799
2357,2016,인천광역시,12,2102857
2358,2016,전라남도,12,2896766
2359,2016,전라북도,12,2006101
2360,2016,제주특별자치도,12,396520
2361,2016,충청남도,12,4295324
2362,2016,충청북도,12,2163701
2363,2017,강원도,12,1601791
2364,2017,경기도,12,10720768
2365,2017,경상남도,12,3139455
2366,2017,경상북도,12,4053979
2367,2017,광주광역시,12,751019
2368,2017,대구광역시,12,1357294
2369,2017,대전광역시,12,835787
2370,2017,부산광역시,12,1850113
2371,2017,서울특별시,12,4136329
2372,2017,세종특별자치시,12,264776
2373,2017,울산광역시,12,2697258
2374,2017,인천광역시,12,2216892
2375,2017,전라남도,12,2930891
2376,2017,전라북도,12,2060546
2377,2017,제주특별자치도,12,437140
2378,2017,충청남도,12,4437239
2379,2017,충청북도,12,2289258
2380,2018,강원도,12,1517476
2381,2018,경기도,12,10712884
2382,2018,경상남도,12,3071315
2383,2018,경상북도,12,4016589
2384,2018,광주광역시,12,716811
2385,2018,대구광역시,12,1320121
2386,2018,대전광역시,12,800046
2387,2018,부산광역시,12,1723557
2388,2018,서울특별시,12,3949238
2389,2018,세종특별자치시,12,273712
2390,2018,울산광역시,12,2959410
2391,2018,인천광역시,12,2146569
2392,2018,전라남도,12,2792351
2393,2018,전라북도,12,1977765
2394,2018,제주특별자치도,12,433195
2395,2018,충청남도,12,4572670
2396,2018,충청북도,12,2333640
2397,2019,강원도,12,1507366
2398,2019,경기도,12,10799220
2399,2019,경상남도,12,3011920
2400,2019,경상북도,12,3695927
2401,2019,광주광역시,12,711251
2402,2019,대구광역시,12,1291844
2403,2019,대전광역시,12,800642
2404,2019,부산광역시,12,1743462
2405,2019,서울특별시,12,3952596
2406,2019,세종특별자치시,12,278856
2407,2019,울산광역시,12,2878563
2408,2019,인천광역시,12,2111170
2409,2019,전라남도,12,2723427
2410,2019,전라북도,12,1929592
2411,2019,제주특별자치도,12,439357
2412,2019,충청남도,12,4500697
2413,2019,충청북도,12,2355705
2414,2020,강원도,12,1495982
2415,2020,경기도,12,11253914
2416,2020,경상남도,12,3139659
2417,2020,경상북도,12,3686707
2418,2020,광주광역시,12,734615
2419,2020,대구광역시,12,1317533
2420,2020,대전광역시,12,819296
2421,2020,부산광역시,12,1778233
2422,2020,서울특별시,12,3897966
2423,2020,세종특별자치시,12,310743
2424,2020,울산광역시,12,2855220
2425,2020,인천광역시,12,2091741
2426,2020,전라남도,12,2658487
2427,2020,전라북도,12,1830099
2428,2020,제주특별자치도,12,456261
2429,2020,충청남도,12,4266597
2430,2020,충청북도,12,2434030
2431,2021,강원도,12,1573555
2432,2021,경기도,12,11803946
2433,2021,경상남도,12,3134010
2434,2021,경상북도,12,3854201
2435,2021,광주광역시,12,761414
2436,2021,대구광역시,12,1334812
2437,2021,대전광역시,12,814480
2438,2021,부산광역시,12,1787220
2439,2021,서울특별시,12,3963700
2440,2021,세종특별자치시,12,957934
2441,2021,울산광역시,12,2906502
2442,2021,인천광역시,12,2159324
2443,2021,전라남도,12,2966246
2444,2021,전라북도,12,1864342
2445,2021,제주특별자치도,12,473291
2446,2021,충청남도,12,4388778
2447,2021,충청북도,12,2506864
