,년월,연도,월,시도,주택가격변동률
0,2010_01,2010,01,서울특별시,0.13
1,2010_02,2010,02,서울특별시,0.23
2,2010_03,2010,03,서울특별시,0.07
3,2010_04,2010,04,서울특별시,-0.02
4,2010_05,2010,05,서울특별시,-0.25
5,2010_06,2010,06,서울특별시,-0.24
6,2010_07,2010,07,서울특별시,-0.34
7,2010_08,2010,08,서울특별시,-0.38
8,2010_09,2010,09,서울특별시,-0.19
9,2010_10,2010,10,서울특별시,-0.12
10,2010_11,2010,11,서울특별시,-0.06
11,2010_12,2010,12,서울특별시,0.03
12,2011_01,2011,01,서울특별시,0.17
13,2011_02,2011,02,서울특별시,0.23
14,2011_03,2011,03,서울특별시,0.22
15,2011_04,2011,04,서울특별시,0.14
16,2011_05,2011,05,서울특별시,0.13
17,2011_06,2011,06,서울특별시,-0.02
18,2011_07,2011,07,서울특별시,-0.07
19,2011_08,2011,08,서울특별시,0.12
20,2011_09,2011,09,서울특별시,-0.02
21,2011_10,2011,10,서울특별시,-0.01
22,2011_11,2011,11,서울특별시,-0.08
23,2011_12,2011,12,서울특별시,-0.12
24,2012_01,2012,01,서울특별시,-0.16
25,2012_02,2012,02,서울특별시,-0.14
26,2012_03,2012,03,서울특별시,-0.33
27,2012_04,2012,04,서울특별시,-0.48
28,2012_05,2012,05,서울특별시,-0.39
29,2012_06,2012,06,서울특별시,-0.5
30,2012_07,2012,07,서울특별시,-0.46
31,2012_08,2012,08,서울특별시,-0.61
32,2012_09,2012,09,서울특별시,-0.49
33,2012_10,2012,10,서울특별시,-0.42
34,2012_11,2012,11,서울특별시,-0.37
35,2012_12,2012,12,서울특별시,-0.49
36,2013_01,2013,01,서울특별시,-0.51
37,2013_02,2013,02,서울특별시,-0.31
38,2013_03,2013,03,서울특별시,-0.08
39,2013_04,2013,04,서울특별시,0.04
40,2013_05,2013,05,서울특별시,0.15
41,2013_06,2013,06,서울특별시,-0.24
42,2013_07,2013,07,서울특별시,-0.43
43,2013_08,2013,08,서울특별시,-0.41
44,2013_09,2013,09,서울특별시,0.0
45,2013_10,2013,10,서울특별시,0.33
46,2013_11,2013,11,서울특별시,0.06
47,2013_12,2013,12,서울특별시,-0.03
48,2014_01,2014,01,서울특별시,0.23
49,2014_02,2014,02,서울특별시,0.23
50,2014_03,2014,03,서울특별시,0.22
51,2014_04,2014,04,서울특별시,-0.01
52,2014_05,2014,05,서울특별시,-0.07
53,2014_06,2014,06,서울특별시,-0.07
54,2014_07,2014,07,서울특별시,-0.04
55,2014_08,2014,08,서울특별시,0.05
56,2014_09,2014,09,서울특별시,0.25
57,2014_10,2014,10,서울특별시,0.25
58,2014_11,2014,11,서울특별시,0.1
59,2014_12,2014,12,서울특별시,0.0
60,2015_01,2015,01,서울특별시,0.09
61,2015_02,2015,02,서울특별시,0.2
62,2015_03,2015,03,서울특별시,0.36
63,2015_04,2015,04,서울특별시,0.51
64,2015_05,2015,05,서울특별시,0.44
65,2015_06,2015,06,서울특별시,0.5
66,2015_07,2015,07,서울특별시,0.38
67,2015_08,2015,08,서울특별시,0.37
68,2015_09,2015,09,서울특별시,0.45
69,2015_10,2015,10,서울특별시,0.46
70,2015_11,2015,11,서울특별시,0.46
71,2015_12,2015,12,서울특별시,0.29
72,2016_01,2016,01,서울특별시,0.05
73,2016_02,2016,02,서울특별시,0.0
74,2016_03,2016,03,서울특별시,0.01
75,2016_04,2016,04,서울특별시,0.08
76,2016_05,2016,05,서울특별시,0.15
77,2016_06,2016,06,서울특별시,0.22
78,2016_07,2016,07,서울특별시,0.23
79,2016_08,2016,08,서울특별시,0.26
80,2016_09,2016,09,서울특별시,0.26
81,2016_10,2016,10,서울특별시,0.43
82,2016_11,2016,11,서울특별시,0.35
83,2016_12,2016,12,서울특별시,0.09
84,2017_01,2017,01,서울특별시,0.03
85,2017_02,2017,02,서울특별시,0.05
86,2017_03,2017,03,서울특별시,0.13
87,2017_04,2017,04,서울특별시,0.23
88,2017_05,2017,05,서울특별시,0.35
89,2017_06,2017,06,서울특별시,0.66
90,2017_07,2017,07,서울특별시,0.41
91,2017_08,2017,08,서울특별시,0.45
92,2017_09,2017,09,서울특별시,0.07
93,2017_10,2017,10,서울특별시,0.23
94,2017_11,2017,11,서울특별시,0.36
95,2017_12,2017,12,서울특별시,0.59
96,2018_01,2018,01,서울특별시,0.86
97,2018_02,2018,02,서울특별시,0.94
98,2018_03,2018,03,서울특별시,0.55
99,2018_04,2018,04,서울특별시,0.31
100,2018_05,2018,05,서울특별시,0.21
101,2018_06,2018,06,서울특별시,0.23
102,2018_07,2018,07,서울특별시,0.32
103,2018_08,2018,08,서울특별시,0.63
104,2018_09,2018,09,서울특별시,1.25
105,2018_10,2018,10,서울특별시,0.51
106,2018_11,2018,11,서울특별시,0.2
107,2018_12,2018,12,서울특별시,0.04
108,2019_01,2019,01,서울특별시,-0.2
109,2019_02,2019,02,서울특별시,-0.19
110,2019_03,2019,03,서울특별시,-0.22
111,2019_04,2019,04,서울특별시,-0.18
112,2019_05,2019,05,서울특별시,-0.11
113,2019_06,2019,06,서울특별시,-0.04
114,2019_07,2019,07,서울특별시,0.07
115,2019_08,2019,08,서울특별시,0.14
116,2019_09,2019,09,서울특별시,0.17
117,2019_10,2019,10,서울특별시,0.44
118,2019_11,2019,11,서울특별시,0.5
119,2019_12,2019,12,서울특별시,0.86
120,2020_01,2020,01,서울특별시,0.34
121,2020_02,2020,02,서울특별시,0.15
122,2020_03,2020,03,서울특별시,0.13
123,2020_04,2020,04,서울특별시,-0.02
124,2020_05,2020,05,서울특별시,-0.09
125,2020_06,2020,06,서울특별시,0.13
126,2020_07,2020,07,서울특별시,0.71
127,2020_08,2020,08,서울특별시,0.42
128,2020_09,2020,09,서울특별시,0.27
129,2020_10,2020,10,서울특별시,0.16
130,2020_11,2020,11,서울특별시,0.17
131,2020_12,2020,12,서울특별시,0.26
132,2021_01,2021,01,서울특별시,0.4
133,2021_02,2021,02,서울특별시,0.51
134,2021_03,2021,03,서울특별시,0.38
135,2021_04,2021,04,서울특별시,0.35
136,2021_05,2021,05,서울특별시,0.4
137,2021_06,2021,06,서울특별시,0.72
138,2021_07,2021,07,서울특별시,0.6
139,2021_08,2021,08,서울특별시,0.68
140,2021_09,2021,09,서울특별시,0.72
141,2021_10,2021,10,서울특별시,0.71
142,2021_11,2021,11,서울특별시,0.55
143,2021_12,2021,12,서울특별시,0.26
144,2010_01,2010,01,부산광역시,0.36
145,2010_02,2010,02,부산광역시,0.76
146,2010_03,2010,03,부산광역시,0.95
147,2010_04,2010,04,부산광역시,1.13
148,2010_05,2010,05,부산광역시,0.91
149,2010_06,2010,06,부산광역시,0.72
150,2010_07,2010,07,부산광역시,0.53
151,2010_08,2010,08,부산광역시,0.49
152,2010_09,2010,09,부산광역시,0.7
153,2010_10,2010,10,부산광역시,1.07
154,2010_11,2010,11,부산광역시,1.33
155,2010_12,2010,12,부산광역시,1.18
156,2011_01,2011,01,부산광역시,1.17
157,2011_02,2011,02,부산광역시,1.63
158,2011_03,2011,03,부산광역시,1.96
159,2011_04,2011,04,부산광역시,3.5
160,2011_05,2011,05,부산광역시,0.5
161,2011_06,2011,06,부산광역시,1.13
162,2011_07,2011,07,부산광역시,1.02
163,2011_08,2011,08,부산광역시,0.92
164,2011_09,2011,09,부산광역시,0.95
165,2011_10,2011,10,부산광역시,0.85
166,2011_11,2011,11,부산광역시,0.96
167,2011_12,2011,12,부산광역시,0.32
168,2012_01,2012,01,부산광역시,0
169,2012_02,2012,02,부산광역시,-0.19
170,2012_03,2012,03,부산광역시,-0.13
171,2012_04,2012,04,부산광역시,-0.21
172,2012_05,2012,05,부산광역시,-0.24
173,2012_06,2012,06,부산광역시,-0.4
174,2012_07,2012,07,부산광역시,-0.33
175,2012_08,2012,08,부산광역시,-0.38
176,2012_09,2012,09,부산광역시,-0.17
177,2012_10,2012,10,부산광역시,-0.08
178,2012_11,2012,11,부산광역시,-0.08
179,2012_12,2012,12,부산광역시,-0.17
180,2013_01,2013,01,부산광역시,-0.19
181,2013_02,2013,02,부산광역시,-0.14
182,2013_03,2013,03,부산광역시,-0.09
183,2013_04,2013,04,부산광역시,0.06
184,2013_05,2013,05,부산광역시,0.07
185,2013_06,2013,06,부산광역시,-0.03
186,2013_07,2013,07,부산광역시,-0.1
187,2013_08,2013,08,부산광역시,-0.1
188,2013_09,2013,09,부산광역시,-0.04
189,2013_10,2013,10,부산광역시,0.16
190,2013_11,2013,11,부산광역시,0.08
191,2013_12,2013,12,부산광역시,0.08
192,2014_01,2014,01,부산광역시,0.02
193,2014_02,2014,02,부산광역시,0.08
194,2014_03,2014,03,부산광역시,0.08
195,2014_04,2014,04,부산광역시,0.05
196,2014_05,2014,05,부산광역시,0.05
197,2014_06,2014,06,부산광역시,0.04
198,2014_07,2014,07,부산광역시,0.09
199,2014_08,2014,08,부산광역시,0.09
200,2014_09,2014,09,부산광역시,0.13
201,2014_10,2014,10,부산광역시,0.2
202,2014_11,2014,11,부산광역시,0.15
203,2014_12,2014,12,부산광역시,0.15
204,2015_01,2015,01,부산광역시,0.09
205,2015_02,2015,02,부산광역시,0.19
206,2015_03,2015,03,부산광역시,0.28
207,2015_04,2015,04,부산광역시,0.38
208,2015_05,2015,05,부산광역시,0.28
209,2015_06,2015,06,부산광역시,0.39
210,2015_07,2015,07,부산광역시,0.26
211,2015_08,2015,08,부산광역시,0.18
212,2015_09,2015,09,부산광역시,0.29
213,2015_10,2015,10,부산광역시,0.39
214,2015_11,2015,11,부산광역시,0.47
215,2015_12,2015,12,부산광역시,0.17
216,2016_01,2016,01,부산광역시,0.05
217,2016_02,2016,02,부산광역시,0.07
218,2016_03,2016,03,부산광역시,0.08
219,2016_04,2016,04,부산광역시,0.14
220,2016_05,2016,05,부산광역시,0.13
221,2016_06,2016,06,부산광역시,0.18
222,2016_07,2016,07,부산광역시,0.21
223,2016_08,2016,08,부산광역시,0.35
224,2016_09,2016,09,부산광역시,0.35
225,2016_10,2016,10,부산광역시,0.59
226,2016_11,2016,11,부산광역시,0.59
227,2016_12,2016,12,부산광역시,0.41
228,2017_01,2017,01,부산광역시,0.23
229,2017_02,2017,02,부산광역시,0.18
230,2017_03,2017,03,부산광역시,0.17
231,2017_04,2017,04,부산광역시,0.28
232,2017_05,2017,05,부산광역시,0.39
233,2017_06,2017,06,부산광역시,0.38
234,2017_07,2017,07,부산광역시,0.29
235,2017_08,2017,08,부산광역시,0.23
236,2017_09,2017,09,부산광역시,0.1
237,2017_10,2017,10,부산광역시,0.05
238,2017_11,2017,11,부산광역시,0.03
239,2017_12,2017,12,부산광역시,0.0
240,2018_01,2018,01,부산광역시,-0.07
241,2018_02,2018,02,부산광역시,-0.08
242,2018_03,2018,03,부산광역시,-0.08
243,2018_04,2018,04,부산광역시,-0.12
244,2018_05,2018,05,부산광역시,-0.12
245,2018_06,2018,06,부산광역시,-0.13
246,2018_07,2018,07,부산광역시,-0.14
247,2018_08,2018,08,부산광역시,-0.23
248,2018_09,2018,09,부산광역시,-0.13
249,2018_10,2018,10,부산광역시,-0.09
250,2018_11,2018,11,부산광역시,-0.13
251,2018_12,2018,12,부산광역시,-0.18
252,2019_01,2019,01,부산광역시,-0.19
253,2019_02,2019,02,부산광역시,-0.13
254,2019_03,2019,03,부산광역시,-0.17
255,2019_04,2019,04,부산광역시,-0.22
256,2019_05,2019,05,부산광역시,-0.22
257,2019_06,2019,06,부산광역시,-0.22
258,2019_07,2019,07,부산광역시,-0.21
259,2019_08,2019,08,부산광역시,-0.16
260,2019_09,2019,09,부산광역시,-0.17
261,2019_10,2019,10,부산광역시,-0.12
262,2019_11,2019,11,부산광역시,0.05
263,2019_12,2019,12,부산광역시,0.45
264,2020_01,2020,01,부산광역시,0.18
265,2020_02,2020,02,부산광역시,0.1
266,2020_03,2020,03,부산광역시,0.03
267,2020_04,2020,04,부산광역시,-0.05
268,2020_05,2020,05,부산광역시,-0.01
269,2020_06,2020,06,부산광역시,0.06
270,2020_07,2020,07,부산광역시,0.57
271,2020_08,2020,08,부산광역시,0.46
272,2020_09,2020,09,부산광역시,0.55
273,2020_10,2020,10,부산광역시,0.49
274,2020_11,2020,11,부산광역시,1.28
275,2020_12,2020,12,부산광역시,2.12
276,2021_01,2021,01,부산광역시,1.34
277,2021_02,2021,02,부산광역시,0.99
278,2021_03,2021,03,부산광역시,0.66
279,2021_04,2021,04,부산광역시,0.57
280,2021_05,2021,05,부산광역시,0.8
281,2021_06,2021,06,부산광역시,1.47
282,2021_07,2021,07,부산광역시,0.85
283,2021_08,2021,08,부산광역시,0.99
284,2021_09,2021,09,부산광역시,0.87
285,2021_10,2021,10,부산광역시,0.9
286,2021_11,2021,11,부산광역시,0.65
287,2021_12,2021,12,부산광역시,0.25
288,2010_01,2010,01,대구광역시,0.09
289,2010_02,2010,02,대구광역시,0.11
290,2010_03,2010,03,대구광역시,0.03
291,2010_04,2010,04,대구광역시,0.2
292,2010_05,2010,05,대구광역시,0.09
293,2010_06,2010,06,대구광역시,-0.02
294,2010_07,2010,07,대구광역시,-0.02
295,2010_08,2010,08,대구광역시,0.07
296,2010_09,2010,09,대구광역시,0.13
297,2010_10,2010,10,대구광역시,0.24
298,2010_11,2010,11,대구광역시,0.35
299,2010_12,2010,12,대구광역시,0.26
300,2011_01,2011,01,대구광역시,0.32
301,2011_02,2011,02,대구광역시,0.8
302,2011_03,2011,03,대구광역시,0.93
303,2011_04,2011,04,대구광역시,1.1
304,2011_05,2011,05,대구광역시,0.19
305,2011_06,2011,06,대구광역시,0.77
306,2011_07,2011,07,대구광역시,0.62
307,2011_08,2011,08,대구광역시,0.76
308,2011_09,2011,09,대구광역시,0.94
309,2011_10,2011,10,대구광역시,0.68
310,2011_11,2011,11,대구광역시,1.05
311,2011_12,2011,12,대구광역시,0.49
312,2012_01,2012,01,대구광역시,1.56
313,2012_02,2012,02,대구광역시,0.38
314,2012_03,2012,03,대구광역시,0.48
315,2012_04,2012,04,대구광역시,0.42
316,2012_05,2012,05,대구광역시,0.23
317,2012_06,2012,06,대구광역시,0.08
318,2012_07,2012,07,대구광역시,0.11
319,2012_08,2012,08,대구광역시,0.29
320,2012_09,2012,09,대구광역시,0.16
321,2012_10,2012,10,대구광역시,0.2
322,2012_11,2012,11,대구광역시,0.26
323,2012_12,2012,12,대구광역시,0.66
324,2013_01,2013,01,대구광역시,0.56
325,2013_02,2013,02,대구광역시,0.21
326,2013_03,2013,03,대구광역시,0.25
327,2013_04,2013,04,대구광역시,0.87
328,2013_05,2013,05,대구광역시,0.75
329,2013_06,2013,06,대구광역시,0.87
330,2013_07,2013,07,대구광역시,1.16
331,2013_08,2013,08,대구광역시,0.63
332,2013_09,2013,09,대구광역시,0.49
333,2013_10,2013,10,대구광역시,0.73
334,2013_11,2013,11,대구광역시,0.85
335,2013_12,2013,12,대구광역시,1.15
336,2014_01,2014,01,대구광역시,1.2
337,2014_02,2014,02,대구광역시,0.67
338,2014_03,2014,03,대구광역시,0.54
339,2014_04,2014,04,대구광역시,0.51
340,2014_05,2014,05,대구광역시,0.38
341,2014_06,2014,06,대구광역시,0.19
342,2014_07,2014,07,대구광역시,0.2
343,2014_08,2014,08,대구광역시,0.29
344,2014_09,2014,09,대구광역시,0.44
345,2014_10,2014,10,대구광역시,0.43
346,2014_11,2014,11,대구광역시,0.6
347,2014_12,2014,12,대구광역시,0.64
348,2015_01,2015,01,대구광역시,0.46
349,2015_02,2015,02,대구광역시,0.45
350,2015_03,2015,03,대구광역시,0.5
351,2015_04,2015,04,대구광역시,0.87
352,2015_05,2015,05,대구광역시,0.79
353,2015_06,2015,06,대구광역시,0.91
354,2015_07,2015,07,대구광역시,0.78
355,2015_08,2015,08,대구광역시,0.8
356,2015_09,2015,09,대구광역시,0.98
357,2015_10,2015,10,대구광역시,0.7
358,2015_11,2015,11,대구광역시,0.45
359,2015_12,2015,12,대구광역시,0.0
360,2016_01,2016,01,대구광역시,-0.14
361,2016_02,2016,02,대구광역시,-0.2
362,2016_03,2016,03,대구광역시,-0.23
363,2016_04,2016,04,대구광역시,-0.23
364,2016_05,2016,05,대구광역시,-0.12
365,2016_06,2016,06,대구광역시,-0.27
366,2016_07,2016,07,대구광역시,-0.15
367,2016_08,2016,08,대구광역시,-0.21
368,2016_09,2016,09,대구광역시,-0.12
369,2016_10,2016,10,대구광역시,-0.07
370,2016_11,2016,11,대구광역시,-0.05
371,2016_12,2016,12,대구광역시,-0.06
372,2017_01,2017,01,대구광역시,-0.07
373,2017_02,2017,02,대구광역시,-0.08
374,2017_03,2017,03,대구광역시,-0.05
375,2017_04,2017,04,대구광역시,-0.04
376,2017_05,2017,05,대구광역시,-0.09
377,2017_06,2017,06,대구광역시,0.0
378,2017_07,2017,07,대구광역시,0.08
379,2017_08,2017,08,대구광역시,0.46
380,2017_09,2017,09,대구광역시,0.32
381,2017_10,2017,10,대구광역시,0.29
382,2017_11,2017,11,대구광역시,0.26
383,2017_12,2017,12,대구광역시,0.21
384,2018_01,2018,01,대구광역시,0.25
385,2018_02,2018,02,대구광역시,0.16
386,2018_03,2018,03,대구광역시,0.2
387,2018_04,2018,04,대구광역시,0.33
388,2018_05,2018,05,대구광역시,0.26
389,2018_06,2018,06,대구광역시,0.16
390,2018_07,2018,07,대구광역시,0.14
391,2018_08,2018,08,대구광역시,0.19
392,2018_09,2018,09,대구광역시,0.36
393,2018_10,2018,10,대구광역시,0.56
394,2018_11,2018,11,대구광역시,0.53
395,2018_12,2018,12,대구광역시,0.44
396,2019_01,2019,01,대구광역시,0.15
397,2019_02,2019,02,대구광역시,0.08
398,2019_03,2019,03,대구광역시,0.05
399,2019_04,2019,04,대구광역시,0.02
400,2019_05,2019,05,대구광역시,0.06
401,2019_06,2019,06,대구광역시,0.03
402,2019_07,2019,07,대구광역시,0.01
403,2019_08,2019,08,대구광역시,0.03
404,2019_09,2019,09,대구광역시,0.08
405,2019_10,2019,10,대구광역시,0.19
406,2019_11,2019,11,대구광역시,0.22
407,2019_12,2019,12,대구광역시,0.29
408,2020_01,2020,01,대구광역시,0.41
409,2020_02,2020,02,대구광역시,0.29
410,2020_03,2020,03,대구광역시,0.06
411,2020_04,2020,04,대구광역시,-0.12
412,2020_05,2020,05,대구광역시,0.0
413,2020_06,2020,06,대구광역시,0.22
414,2020_07,2020,07,대구광역시,0.26
415,2020_08,2020,08,대구광역시,0.48
416,2020_09,2020,09,대구광역시,0.72
417,2020_10,2020,10,대구광역시,0.75
418,2020_11,2020,11,대구광역시,1.06
419,2020_12,2020,12,대구광역시,1.59
420,2021_01,2021,01,대구광역시,1.15
421,2021_02,2021,02,대구광역시,1.3
422,2021_03,2021,03,대구광역시,1.11
423,2021_04,2021,04,대구광역시,0.82
424,2021_05,2021,05,대구광역시,0.79
425,2021_06,2021,06,대구광역시,0.84
426,2021_07,2021,07,대구광역시,0.34
427,2021_08,2021,08,대구광역시,0.27
428,2021_09,2021,09,대구광역시,0.15
429,2021_10,2021,10,대구광역시,0.09
430,2021_11,2021,11,대구광역시,0.0
431,2021_12,2021,12,대구광역시,-0.1
432,2010_01,2010,01,인천광역시,0.05
433,2010_02,2010,02,인천광역시,0.02
434,2010_03,2010,03,인천광역시,0.03
435,2010_04,2010,04,인천광역시,-0.16
436,2010_05,2010,05,인천광역시,-0.24
437,2010_06,2010,06,인천광역시,-0.21
438,2010_07,2010,07,인천광역시,-0.42
439,2010_08,2010,08,인천광역시,-0.28
440,2010_09,2010,09,인천광역시,-0.3
441,2010_10,2010,10,인천광역시,-0.1
442,2010_11,2010,11,인천광역시,-0.12
443,2010_12,2010,12,인천광역시,-0.05
444,2011_01,2011,01,인천광역시,-0.03
445,2011_02,2011,02,인천광역시,0.13
446,2011_03,2011,03,인천광역시,0.15
447,2011_04,2011,04,인천광역시,0.06
448,2011_05,2011,05,인천광역시,-0.08
449,2011_06,2011,06,인천광역시,-0.15
450,2011_07,2011,07,인천광역시,-0.2
451,2011_08,2011,08,인천광역시,-0.29
452,2011_09,2011,09,인천광역시,-0.28
453,2011_10,2011,10,인천광역시,-0.36
454,2011_11,2011,11,인천광역시,-0.35
455,2011_12,2011,12,인천광역시,-0.2
456,2012_01,2012,01,인천광역시,-0.14
457,2012_02,2012,02,인천광역시,-0.15
458,2012_03,2012,03,인천광역시,-0.21
459,2012_04,2012,04,인천광역시,-0.12
460,2012_05,2012,05,인천광역시,-0.36
461,2012_06,2012,06,인천광역시,-0.42
462,2012_07,2012,07,인천광역시,-0.49
463,2012_08,2012,08,인천광역시,-0.5
464,2012_09,2012,09,인천광역시,-0.5
465,2012_10,2012,10,인천광역시,-0.49
466,2012_11,2012,11,인천광역시,-0.41
467,2012_12,2012,12,인천광역시,-0.65
468,2013_01,2013,01,인천광역시,-0.64
469,2013_02,2013,02,인천광역시,-0.48
470,2013_03,2013,03,인천광역시,-0.43
471,2013_04,2013,04,인천광역시,0.16
472,2013_05,2013,05,인천광역시,0.02
473,2013_06,2013,06,인천광역시,-0.02
474,2013_07,2013,07,인천광역시,-0.1
475,2013_08,2013,08,인천광역시,-0.14
476,2013_09,2013,09,인천광역시,0.0
477,2013_10,2013,10,인천광역시,0.35
478,2013_11,2013,11,인천광역시,0.32
479,2013_12,2013,12,인천광역시,0.12
480,2014_01,2014,01,인천광역시,0.05
481,2014_02,2014,02,인천광역시,0.15
482,2014_03,2014,03,인천광역시,0.33
483,2014_04,2014,04,인천광역시,0.13
484,2014_05,2014,05,인천광역시,0.04
485,2014_06,2014,06,인천광역시,-0.02
486,2014_07,2014,07,인천광역시,0.02
487,2014_08,2014,08,인천광역시,0.07
488,2014_09,2014,09,인천광역시,0.22
489,2014_10,2014,10,인천광역시,0.22
490,2014_11,2014,11,인천광역시,0.15
491,2014_12,2014,12,인천광역시,0.08
492,2015_01,2015,01,인천광역시,0.08
493,2015_02,2015,02,인천광역시,0.16
494,2015_03,2015,03,인천광역시,0.37
495,2015_04,2015,04,인천광역시,0.5
496,2015_05,2015,05,인천광역시,0.38
497,2015_06,2015,06,인천광역시,0.44
498,2015_07,2015,07,인천광역시,0.29
499,2015_08,2015,08,인천광역시,0.23
500,2015_09,2015,09,인천광역시,0.25
501,2015_10,2015,10,인천광역시,0.24
502,2015_11,2015,11,인천광역시,0.23
503,2015_12,2015,12,인천광역시,0.15
504,2016_01,2016,01,인천광역시,0.01
505,2016_02,2016,02,인천광역시,-0.03
506,2016_03,2016,03,인천광역시,0.0
507,2016_04,2016,04,인천광역시,0.0
508,2016_05,2016,05,인천광역시,0.05
509,2016_06,2016,06,인천광역시,0.1
510,2016_07,2016,07,인천광역시,0.09
511,2016_08,2016,08,인천광역시,0.15
512,2016_09,2016,09,인천광역시,0.08
513,2016_10,2016,10,인천광역시,0.12
514,2016_11,2016,11,인천광역시,0.13
515,2016_12,2016,12,인천광역시,0.08
516,2017_01,2017,01,인천광역시,-0.03
517,2017_02,2017,02,인천광역시,-0.06
518,2017_03,2017,03,인천광역시,0.04
519,2017_04,2017,04,인천광역시,0.07
520,2017_05,2017,05,인천광역시,0.08
521,2017_06,2017,06,인천광역시,0.11
522,2017_07,2017,07,인천광역시,0.14
523,2017_08,2017,08,인천광역시,0.35
524,2017_09,2017,09,인천광역시,0.29
525,2017_10,2017,10,인천광역시,0.2
526,2017_11,2017,11,인천광역시,0.18
527,2017_12,2017,12,인천광역시,0.02
528,2018_01,2018,01,인천광역시,0.01
529,2018_02,2018,02,인천광역시,0.08
530,2018_03,2018,03,인천광역시,0.07
531,2018_04,2018,04,인천광역시,0.02
532,2018_05,2018,05,인천광역시,-0.03
533,2018_06,2018,06,인천광역시,0.01
534,2018_07,2018,07,인천광역시,-0.08
535,2018_08,2018,08,인천광역시,-0.17
536,2018_09,2018,09,인천광역시,0.01
537,2018_10,2018,10,인천광역시,0.15
538,2018_11,2018,11,인천광역시,0.3
539,2018_12,2018,12,인천광역시,0.32
540,2019_01,2019,01,인천광역시,-0.04
541,2019_02,2019,02,인천광역시,-0.05
542,2019_03,2019,03,인천광역시,-0.05
543,2019_04,2019,04,인천광역시,-0.05
544,2019_05,2019,05,인천광역시,-0.03
545,2019_06,2019,06,인천광역시,0.0
546,2019_07,2019,07,인천광역시,-0.04
547,2019_08,2019,08,인천광역시,-0.11
548,2019_09,2019,09,인천광역시,0.16
549,2019_10,2019,10,인천광역시,0.15
550,2019_11,2019,11,인천광역시,0.22
551,2019_12,2019,12,인천광역시,0.41
552,2020_01,2020,01,인천광역시,0.2
553,2020_02,2020,02,인천광역시,0.43
554,2020_03,2020,03,인천광역시,1.61
555,2020_04,2020,04,인천광역시,1.05
556,2020_05,2020,05,인천광역시,0.59
557,2020_06,2020,06,인천광역시,0.77
558,2020_07,2020,07,인천광역시,0.47
559,2020_08,2020,08,인천광역시,0.19
560,2020_09,2020,09,인천광역시,0.21
561,2020_10,2020,10,인천광역시,0.21
562,2020_11,2020,11,인천광역시,0.42
563,2020_12,2020,12,인천광역시,0.48
564,2021_01,2021,01,인천광역시,0.72
565,2021_02,2021,02,인천광역시,1.16
566,2021_03,2021,03,인천광역시,1.31
567,2021_04,2021,04,인천광역시,1.47
568,2021_05,2021,05,인천광역시,1.42
569,2021_06,2021,06,인천광역시,2.12
570,2021_07,2021,07,인천광역시,1.33
571,2021_08,2021,08,인천광역시,1.38
572,2021_09,2021,09,인천광역시,1.46
573,2021_10,2021,10,인천광역시,1.5
574,2021_11,2021,11,인천광역시,0.94
575,2021_12,2021,12,인천광역시,0.49
576,2010_01,2010,01,광주광역시,0.07
577,2010_02,2010,02,광주광역시,0.09
578,2010_03,2010,03,광주광역시,-0.01
579,2010_04,2010,04,광주광역시,0.08
580,2010_05,2010,05,광주광역시,0.21
581,2010_06,2010,06,광주광역시,-0.02
582,2010_07,2010,07,광주광역시,-0.07
583,2010_08,2010,08,광주광역시,0.06
584,2010_09,2010,09,광주광역시,0.13
585,2010_10,2010,10,광주광역시,0.3
586,2010_11,2010,11,광주광역시,0.38
587,2010_12,2010,12,광주광역시,0.63
588,2011_01,2011,01,광주광역시,0.57
589,2011_02,2011,02,광주광역시,1.39
590,2011_03,2011,03,광주광역시,1.66
591,2011_04,2011,04,광주광역시,2.53
592,2011_05,2011,05,광주광역시,0.59
593,2011_06,2011,06,광주광역시,1.59
594,2011_07,2011,07,광주광역시,1.37
595,2011_08,2011,08,광주광역시,1.36
596,2011_09,2011,09,광주광역시,1.71
597,2011_10,2011,10,광주광역시,0.98
598,2011_11,2011,11,광주광역시,0.62
599,2011_12,2011,12,광주광역시,0.37
600,2012_01,2012,01,광주광역시,0.8
601,2012_02,2012,02,광주광역시,-0.03
602,2012_03,2012,03,광주광역시,0.51
603,2012_04,2012,04,광주광역시,0.25
604,2012_05,2012,05,광주광역시,0.47
605,2012_06,2012,06,광주광역시,0.52
606,2012_07,2012,07,광주광역시,0.15
607,2012_08,2012,08,광주광역시,-0.04
608,2012_09,2012,09,광주광역시,0
609,2012_10,2012,10,광주광역시,0.01
610,2012_11,2012,11,광주광역시,0.1
611,2012_12,2012,12,광주광역시,0.14
612,2013_01,2013,01,광주광역시,0.01
613,2013_02,2013,02,광주광역시,0.08
614,2013_03,2013,03,광주광역시,0.14
615,2013_04,2013,04,광주광역시,0.24
616,2013_05,2013,05,광주광역시,0.17
617,2013_06,2013,06,광주광역시,0.09
618,2013_07,2013,07,광주광역시,-0.03
619,2013_08,2013,08,광주광역시,-0.06
620,2013_09,2013,09,광주광역시,-0.02
621,2013_10,2013,10,광주광역시,0.08
622,2013_11,2013,11,광주광역시,0.14
623,2013_12,2013,12,광주광역시,0.02
624,2014_01,2014,01,광주광역시,0.02
625,2014_02,2014,02,광주광역시,0.21
626,2014_03,2014,03,광주광역시,0.06
627,2014_04,2014,04,광주광역시,0.12
628,2014_05,2014,05,광주광역시,0.05
629,2014_06,2014,06,광주광역시,0.03
630,2014_07,2014,07,광주광역시,0.12
631,2014_08,2014,08,광주광역시,0.1
632,2014_09,2014,09,광주광역시,0.14
633,2014_10,2014,10,광주광역시,0.17
634,2014_11,2014,11,광주광역시,0.15
635,2014_12,2014,12,광주광역시,0.25
636,2015_01,2015,01,광주광역시,0.27
637,2015_02,2015,02,광주광역시,0.29
638,2015_03,2015,03,광주광역시,0.57
639,2015_04,2015,04,광주광역시,1.06
640,2015_05,2015,05,광주광역시,0.59
641,2015_06,2015,06,광주광역시,0.71
642,2015_07,2015,07,광주광역시,0.44
643,2015_08,2015,08,광주광역시,0.34
644,2015_09,2015,09,광주광역시,0.26
645,2015_10,2015,10,광주광역시,0.41
646,2015_11,2015,11,광주광역시,0.54
647,2015_12,2015,12,광주광역시,0.21
648,2016_01,2016,01,광주광역시,0.07
649,2016_02,2016,02,광주광역시,0.03
650,2016_03,2016,03,광주광역시,0.06
651,2016_04,2016,04,광주광역시,0.13
652,2016_05,2016,05,광주광역시,0.01
653,2016_06,2016,06,광주광역시,-0.04
654,2016_07,2016,07,광주광역시,-0.07
655,2016_08,2016,08,광주광역시,-0.06
656,2016_09,2016,09,광주광역시,-0.02
657,2016_10,2016,10,광주광역시,0.06
658,2016_11,2016,11,광주광역시,0.08
659,2016_12,2016,12,광주광역시,0.1
660,2017_01,2017,01,광주광역시,0.08
661,2017_02,2017,02,광주광역시,0.03
662,2017_03,2017,03,광주광역시,0.01
663,2017_04,2017,04,광주광역시,0.05
664,2017_05,2017,05,광주광역시,0.12
665,2017_06,2017,06,광주광역시,0.07
666,2017_07,2017,07,광주광역시,0.18
667,2017_08,2017,08,광주광역시,0.21
668,2017_09,2017,09,광주광역시,0.2
669,2017_10,2017,10,광주광역시,0.24
670,2017_11,2017,11,광주광역시,0.08
671,2017_12,2017,12,광주광역시,0.05
672,2018_01,2018,01,광주광역시,0.15
673,2018_02,2018,02,광주광역시,0.16
674,2018_03,2018,03,광주광역시,0.23
675,2018_04,2018,04,광주광역시,0.21
676,2018_05,2018,05,광주광역시,0.2
677,2018_06,2018,06,광주광역시,0.14
678,2018_07,2018,07,광주광역시,0.27
679,2018_08,2018,08,광주광역시,0.29
680,2018_09,2018,09,광주광역시,0.67
681,2018_10,2018,10,광주광역시,0.61
682,2018_11,2018,11,광주광역시,0.46
683,2018_12,2018,12,광주광역시,0.42
684,2019_01,2019,01,광주광역시,0.18
685,2019_02,2019,02,광주광역시,0.14
686,2019_03,2019,03,광주광역시,0.07
687,2019_04,2019,04,광주광역시,0.04
688,2019_05,2019,05,광주광역시,-0.02
689,2019_06,2019,06,광주광역시,-0.04
690,2019_07,2019,07,광주광역시,-0.05
691,2019_08,2019,08,광주광역시,-0.01
692,2019_09,2019,09,광주광역시,0.01
693,2019_10,2019,10,광주광역시,0.02
694,2019_11,2019,11,광주광역시,0.1
695,2019_12,2019,12,광주광역시,0.12
696,2020_01,2020,01,광주광역시,0.11
697,2020_02,2020,02,광주광역시,0.12
698,2020_03,2020,03,광주광역시,0.08
699,2020_04,2020,04,광주광역시,0.03
700,2020_05,2020,05,광주광역시,-0.01
701,2020_06,2020,06,광주광역시,-0.01
702,2020_07,2020,07,광주광역시,0.04
703,2020_08,2020,08,광주광역시,0.07
704,2020_09,2020,09,광주광역시,0.1
705,2020_10,2020,10,광주광역시,0.09
706,2020_11,2020,11,광주광역시,0.23
707,2020_12,2020,12,광주광역시,1.08
708,2021_01,2021,01,광주광역시,0.57
709,2021_02,2021,02,광주광역시,0.4
710,2021_03,2021,03,광주광역시,0.34
711,2021_04,2021,04,광주광역시,0.45
712,2021_05,2021,05,광주광역시,0.47
713,2021_06,2021,06,광주광역시,0.97
714,2021_07,2021,07,광주광역시,0.73
715,2021_08,2021,08,광주광역시,0.85
716,2021_09,2021,09,광주광역시,0.81
717,2021_10,2021,10,광주광역시,0.95
718,2021_11,2021,11,광주광역시,0.77
719,2021_12,2021,12,광주광역시,0.52
720,2010_01,2010,01,대전광역시,0.63
721,2010_02,2010,02,대전광역시,0.93
722,2010_03,2010,03,대전광역시,0.5
723,2010_04,2010,04,대전광역시,0.62
724,2010_05,2010,05,대전광역시,0.68
725,2010_06,2010,06,대전광역시,0.28
726,2010_07,2010,07,대전광역시,0.18
727,2010_08,2010,08,대전광역시,0.47
728,2010_09,2010,09,대전광역시,0.44
729,2010_10,2010,10,대전광역시,0.74
730,2010_11,2010,11,대전광역시,0.85
731,2010_12,2010,12,대전광역시,1.1
732,2011_01,2011,01,대전광역시,0.99
733,2011_02,2011,02,대전광역시,1.71
734,2011_03,2011,03,대전광역시,1.54
735,2011_04,2011,04,대전광역시,1.56
736,2011_05,2011,05,대전광역시,-0.82
737,2011_06,2011,06,대전광역시,1.89
738,2011_07,2011,07,대전광역시,1.51
739,2011_08,2011,08,대전광역시,1.26
740,2011_09,2011,09,대전광역시,1.22
741,2011_10,2011,10,대전광역시,0.75
742,2011_11,2011,11,대전광역시,0.19
743,2011_12,2011,12,대전광역시,-0.06
744,2012_01,2012,01,대전광역시,-0.24
745,2012_02,2012,02,대전광역시,-0.33
746,2012_03,2012,03,대전광역시,-0.15
747,2012_04,2012,04,대전광역시,-0.24
748,2012_05,2012,05,대전광역시,-0.22
749,2012_06,2012,06,대전광역시,-0.62
750,2012_07,2012,07,대전광역시,-0.49
751,2012_08,2012,08,대전광역시,-0.64
752,2012_09,2012,09,대전광역시,-0.13
753,2012_10,2012,10,대전광역시,0.08
754,2012_11,2012,11,대전광역시,0.17
755,2012_12,2012,12,대전광역시,0.01
756,2013_01,2013,01,대전광역시,0.04
757,2013_02,2013,02,대전광역시,-0.07
758,2013_03,2013,03,대전광역시,0.05
759,2013_04,2013,04,대전광역시,0.2
760,2013_05,2013,05,대전광역시,0.07
761,2013_06,2013,06,대전광역시,0.0
762,2013_07,2013,07,대전광역시,-0.2
763,2013_08,2013,08,대전광역시,-0.26
764,2013_09,2013,09,대전광역시,-0.07
765,2013_10,2013,10,대전광역시,0.2
766,2013_11,2013,11,대전광역시,0.15
767,2013_12,2013,12,대전광역시,0.16
768,2014_01,2014,01,대전광역시,0.32
769,2014_02,2014,02,대전광역시,-0.02
770,2014_03,2014,03,대전광역시,0.03
771,2014_04,2014,04,대전광역시,-0.04
772,2014_05,2014,05,대전광역시,-0.12
773,2014_06,2014,06,대전광역시,-0.07
774,2014_07,2014,07,대전광역시,-0.01
775,2014_08,2014,08,대전광역시,0.08
776,2014_09,2014,09,대전광역시,0.18
777,2014_10,2014,10,대전광역시,0.2
778,2014_11,2014,11,대전광역시,0.07
779,2014_12,2014,12,대전광역시,0.03
780,2015_01,2015,01,대전광역시,0.04
781,2015_02,2015,02,대전광역시,0.03
782,2015_03,2015,03,대전광역시,0.12
783,2015_04,2015,04,대전광역시,0.04
784,2015_05,2015,05,대전광역시,0.03
785,2015_06,2015,06,대전광역시,0.01
786,2015_07,2015,07,대전광역시,-0.04
787,2015_08,2015,08,대전광역시,0.01
788,2015_09,2015,09,대전광역시,-0.03
789,2015_10,2015,10,대전광역시,0.07
790,2015_11,2015,11,대전광역시,0.1
791,2015_12,2015,12,대전광역시,-0.03
792,2016_01,2016,01,대전광역시,-0.06
793,2016_02,2016,02,대전광역시,-0.03
794,2016_03,2016,03,대전광역시,0.05
795,2016_04,2016,04,대전광역시,0.0
796,2016_05,2016,05,대전광역시,0.01
797,2016_06,2016,06,대전광역시,-0.02
798,2016_07,2016,07,대전광역시,0.02
799,2016_08,2016,08,대전광역시,0.03
800,2016_09,2016,09,대전광역시,0.03
801,2016_10,2016,10,대전광역시,0.05
802,2016_11,2016,11,대전광역시,0.09
803,2016_12,2016,12,대전광역시,0.09
804,2017_01,2017,01,대전광역시,0.12
805,2017_02,2017,02,대전광역시,0.06
806,2017_03,2017,03,대전광역시,0.08
807,2017_04,2017,04,대전광역시,0.09
808,2017_05,2017,05,대전광역시,0.03
809,2017_06,2017,06,대전광역시,0.04
810,2017_07,2017,07,대전광역시,0.08
811,2017_08,2017,08,대전광역시,0.23
812,2017_09,2017,09,대전광역시,0.19
813,2017_10,2017,10,대전광역시,0.19
814,2017_11,2017,11,대전광역시,0.27
815,2017_12,2017,12,대전광역시,0.1
816,2018_01,2018,01,대전광역시,0.14
817,2018_02,2018,02,대전광역시,0.15
818,2018_03,2018,03,대전광역시,0.11
819,2018_04,2018,04,대전광역시,0.06
820,2018_05,2018,05,대전광역시,-0.01
821,2018_06,2018,06,대전광역시,-0.01
822,2018_07,2018,07,대전광역시,0.02
823,2018_08,2018,08,대전광역시,0.16
824,2018_09,2018,09,대전광역시,0.18
825,2018_10,2018,10,대전광역시,0.57
826,2018_11,2018,11,대전광역시,0.63
827,2018_12,2018,12,대전광역시,0.5
828,2019_01,2019,01,대전광역시,0.25
829,2019_02,2019,02,대전광역시,0.12
830,2019_03,2019,03,대전광역시,0.06
831,2019_04,2019,04,대전광역시,0.02
832,2019_05,2019,05,대전광역시,0.21
833,2019_06,2019,06,대전광역시,0.36
834,2019_07,2019,07,대전광역시,0.35
835,2019_08,2019,08,대전광역시,0.77
836,2019_09,2019,09,대전광역시,0.94
837,2019_10,2019,10,대전광역시,1.22
838,2019_11,2019,11,대전광역시,1.17
839,2019_12,2019,12,대전광역시,1.15
840,2020_01,2020,01,대전광역시,1.26
841,2020_02,2020,02,대전광역시,1.1
842,2020_03,2020,03,대전광역시,1.3
843,2020_04,2020,04,대전광역시,0.89
844,2020_05,2020,05,대전광역시,0.43
845,2020_06,2020,06,대전광역시,2.19
846,2020_07,2020,07,대전광역시,0.82
847,2020_08,2020,08,대전광역시,0.75
848,2020_09,2020,09,대전광역시,1.19
849,2020_10,2020,10,대전광역시,0.81
850,2020_11,2020,11,대전광역시,1.02
851,2020_12,2020,12,대전광역시,1.41
852,2021_01,2021,01,대전광역시,1.15
853,2021_02,2021,02,대전광역시,1.26
854,2021_03,2021,03,대전광역시,1.18
855,2021_04,2021,04,대전광역시,1.03
856,2021_05,2021,05,대전광역시,0.94
857,2021_06,2021,06,대전광역시,1.13
858,2021_07,2021,07,대전광역시,0.82
859,2021_08,2021,08,대전광역시,1.05
860,2021_09,2021,09,대전광역시,0.84
861,2021_10,2021,10,대전광역시,0.87
862,2021_11,2021,11,대전광역시,0.57
863,2021_12,2021,12,대전광역시,0.15
864,2010_01,2010,01,울산광역시,0.24
865,2010_02,2010,02,울산광역시,0.41
866,2010_03,2010,03,울산광역시,0.26
867,2010_04,2010,04,울산광역시,0.36
868,2010_05,2010,05,울산광역시,0.42
869,2010_06,2010,06,울산광역시,0.13
870,2010_07,2010,07,울산광역시,0.13
871,2010_08,2010,08,울산광역시,0.03
872,2010_09,2010,09,울산광역시,0.19
873,2010_10,2010,10,울산광역시,0.16
874,2010_11,2010,11,울산광역시,0.46
875,2010_12,2010,12,울산광역시,0.18
876,2011_01,2011,01,울산광역시,0.59
877,2011_02,2011,02,울산광역시,0.97
878,2011_03,2011,03,울산광역시,1.48
879,2011_04,2011,04,울산광역시,1.52
880,2011_05,2011,05,울산광역시,0.38
881,2011_06,2011,06,울산광역시,0.99
882,2011_07,2011,07,울산광역시,0.72
883,2011_08,2011,08,울산광역시,0.69
884,2011_09,2011,09,울산광역시,0.95
885,2011_10,2011,10,울산광역시,0.9
886,2011_11,2011,11,울산광역시,1.8
887,2011_12,2011,12,울산광역시,0.78
888,2012_01,2012,01,울산광역시,0.9
889,2012_02,2012,02,울산광역시,0.75
890,2012_03,2012,03,울산광역시,0.62
891,2012_04,2012,04,울산광역시,0.65
892,2012_05,2012,05,울산광역시,0.58
893,2012_06,2012,06,울산광역시,0.43
894,2012_07,2012,07,울산광역시,-0.34
895,2012_08,2012,08,울산광역시,-0.15
896,2012_09,2012,09,울산광역시,-0.12
897,2012_10,2012,10,울산광역시,0.03
898,2012_11,2012,11,울산광역시,0.26
899,2012_12,2012,12,울산광역시,-0.2
900,2013_01,2013,01,울산광역시,-0.1
901,2013_02,2013,02,울산광역시,-0.16
902,2013_03,2013,03,울산광역시,-0.12
903,2013_04,2013,04,울산광역시,0.12
904,2013_05,2013,05,울산광역시,0.05
905,2013_06,2013,06,울산광역시,0.12
906,2013_07,2013,07,울산광역시,0.05
907,2013_08,2013,08,울산광역시,-0.16
908,2013_09,2013,09,울산광역시,-0.02
909,2013_10,2013,10,울산광역시,0.2
910,2013_11,2013,11,울산광역시,0.24
911,2013_12,2013,12,울산광역시,0.03
912,2014_01,2014,01,울산광역시,0.05
913,2014_02,2014,02,울산광역시,0.18
914,2014_03,2014,03,울산광역시,0.21
915,2014_04,2014,04,울산광역시,0.24
916,2014_05,2014,05,울산광역시,0.26
917,2014_06,2014,06,울산광역시,0.39
918,2014_07,2014,07,울산광역시,0.39
919,2014_08,2014,08,울산광역시,0.31
920,2014_09,2014,09,울산광역시,0.31
921,2014_10,2014,10,울산광역시,0.25
922,2014_11,2014,11,울산광역시,0.22
923,2014_12,2014,12,울산광역시,0.26
924,2015_01,2015,01,울산광역시,0.1
925,2015_02,2015,02,울산광역시,0.2
926,2015_03,2015,03,울산광역시,0.18
927,2015_04,2015,04,울산광역시,0.34
928,2015_05,2015,05,울산광역시,0.28
929,2015_06,2015,06,울산광역시,0.39
930,2015_07,2015,07,울산광역시,0.28
931,2015_08,2015,08,울산광역시,0.21
932,2015_09,2015,09,울산광역시,0.34
933,2015_10,2015,10,울산광역시,0.33
934,2015_11,2015,11,울산광역시,0.28
935,2015_12,2015,12,울산광역시,0.24
936,2016_01,2016,01,울산광역시,0.19
937,2016_02,2016,02,울산광역시,0.16
938,2016_03,2016,03,울산광역시,0.08
939,2016_04,2016,04,울산광역시,0.1
940,2016_05,2016,05,울산광역시,0.11
941,2016_06,2016,06,울산광역시,-0.03
942,2016_07,2016,07,울산광역시,-0.14
943,2016_08,2016,08,울산광역시,-0.11
944,2016_09,2016,09,울산광역시,0.01
945,2016_10,2016,10,울산광역시,0.08
946,2016_11,2016,11,울산광역시,0.02
947,2016_12,2016,12,울산광역시,-0.04
948,2017_01,2017,01,울산광역시,-0.12
949,2017_02,2017,02,울산광역시,-0.06
950,2017_03,2017,03,울산광역시,0.01
951,2017_04,2017,04,울산광역시,-0.05
952,2017_05,2017,05,울산광역시,-0.06
953,2017_06,2017,06,울산광역시,-0.11
954,2017_07,2017,07,울산광역시,-0.05
955,2017_08,2017,08,울산광역시,-0.13
956,2017_09,2017,09,울산광역시,-0.02
957,2017_10,2017,10,울산광역시,-0.08
958,2017_11,2017,11,울산광역시,-0.21
959,2017_12,2017,12,울산광역시,-0.2
960,2018_01,2018,01,울산광역시,-0.3
961,2018_02,2018,02,울산광역시,-0.26
962,2018_03,2018,03,울산광역시,-0.24
963,2018_04,2018,04,울산광역시,-0.41
964,2018_05,2018,05,울산광역시,-0.69
965,2018_06,2018,06,울산광역시,-0.56
966,2018_07,2018,07,울산광역시,-0.7
967,2018_08,2018,08,울산광역시,-0.85
968,2018_09,2018,09,울산광역시,-0.59
969,2018_10,2018,10,울산광역시,-0.76
970,2018_11,2018,11,울산광역시,-0.83
971,2018_12,2018,12,울산광역시,-0.89
972,2019_01,2019,01,울산광역시,-0.67
973,2019_02,2019,02,울산광역시,-0.43
974,2019_03,2019,03,울산광역시,-0.43
975,2019_04,2019,04,울산광역시,-0.55
976,2019_05,2019,05,울산광역시,-0.39
977,2019_06,2019,06,울산광역시,-0.37
978,2019_07,2019,07,울산광역시,-0.31
979,2019_08,2019,08,울산광역시,-0.26
980,2019_09,2019,09,울산광역시,-0.19
981,2019_10,2019,10,울산광역시,0.04
982,2019_11,2019,11,울산광역시,0.19
983,2019_12,2019,12,울산광역시,0.4
984,2020_01,2020,01,울산광역시,0.33
985,2020_02,2020,02,울산광역시,0.43
986,2020_03,2020,03,울산광역시,0.37
987,2020_04,2020,04,울산광역시,0.15
988,2020_05,2020,05,울산광역시,0.1
989,2020_06,2020,06,울산광역시,0.28
990,2020_07,2020,07,울산광역시,0.45
991,2020_08,2020,08,울산광역시,0.43
992,2020_09,2020,09,울산광역시,0.61
993,2020_10,2020,10,울산광역시,0.62
994,2020_11,2020,11,울산광역시,1.08
995,2020_12,2020,12,울산광역시,2.54
996,2021_01,2021,01,울산광역시,1.52
997,2021_02,2021,02,울산광역시,0.85
998,2021_03,2021,03,울산광역시,0.47
999,2021_04,2021,04,울산광역시,0.37
1000,2021_05,2021,05,울산광역시,0.34
1001,2021_06,2021,06,울산광역시,0.66
1002,2021_07,2021,07,울산광역시,0.72
1003,2021_08,2021,08,울산광역시,0.77
1004,2021_09,2021,09,울산광역시,0.7
1005,2021_10,2021,10,울산광역시,0.69
1006,2021_11,2021,11,울산광역시,0.5
1007,2021_12,2021,12,울산광역시,0.27
1008,2010_01,2010,01,세종특별자치시,0
1009,2010_02,2010,02,세종특별자치시,0
1010,2010_03,2010,03,세종특별자치시,0
1011,2010_04,2010,04,세종특별자치시,0
1012,2010_05,2010,05,세종특별자치시,0
1013,2010_06,2010,06,세종특별자치시,0
1014,2010_07,2010,07,세종특별자치시,0
1015,2010_08,2010,08,세종특별자치시,0
1016,2010_09,2010,09,세종특별자치시,0
1017,2010_10,2010,10,세종특별자치시,0
1018,2010_11,2010,11,세종특별자치시,0
1019,2010_12,2010,12,세종특별자치시,0
1020,2011_01,2011,01,세종특별자치시,0
1021,2011_02,2011,02,세종특별자치시,0
1022,2011_03,2011,03,세종특별자치시,0
1023,2011_04,2011,04,세종특별자치시,0
1024,2011_05,2011,05,세종특별자치시,0
1025,2011_06,2011,06,세종특별자치시,0
1026,2011_07,2011,07,세종특별자치시,0
1027,2011_08,2011,08,세종특별자치시,0
1028,2011_09,2011,09,세종특별자치시,0
1029,2011_10,2011,10,세종특별자치시,0
1030,2011_11,2011,11,세종특별자치시,0
1031,2011_12,2011,12,세종특별자치시,0
1032,2012_01,2012,01,세종특별자치시,0
1033,2012_02,2012,02,세종특별자치시,0
1034,2012_03,2012,03,세종특별자치시,0
1035,2012_04,2012,04,세종특별자치시,0
1036,2012_05,2012,05,세종특별자치시,0
1037,2012_06,2012,06,세종특별자치시,0
1038,2012_07,2012,07,세종특별자치시,0
1039,2012_08,2012,08,세종특별자치시,0
1040,2012_09,2012,09,세종특별자치시,0
1041,2012_10,2012,10,세종특별자치시,0
1042,2012_11,2012,11,세종특별자치시,0
1043,2012_12,2012,12,세종특별자치시,0.71
1044,2013_01,2013,01,세종특별자치시,0.81
1045,2013_02,2013,02,세종특별자치시,0.73
1046,2013_03,2013,03,세종특별자치시,0.79
1047,2013_04,2013,04,세종특별자치시,0.63
1048,2013_05,2013,05,세종특별자치시,0.53
1049,2013_06,2013,06,세종특별자치시,0.37
1050,2013_07,2013,07,세종특별자치시,0.09
1051,2013_08,2013,08,세종특별자치시,-0.24
1052,2013_09,2013,09,세종특별자치시,0.04
1053,2013_10,2013,10,세종특별자치시,0.3
1054,2013_11,2013,11,세종특별자치시,0.23
1055,2013_12,2013,12,세종특별자치시,0.15
1056,2014_01,2014,01,세종특별자치시,0.18
1057,2014_02,2014,02,세종특별자치시,0.13
1058,2014_03,2014,03,세종특별자치시,-0.01
1059,2014_04,2014,04,세종특별자치시,-0.01
1060,2014_05,2014,05,세종특별자치시,-0.17
1061,2014_06,2014,06,세종특별자치시,-0.07
1062,2014_07,2014,07,세종특별자치시,-0.18
1063,2014_08,2014,08,세종특별자치시,-0.17
1064,2014_09,2014,09,세종특별자치시,-0.07
1065,2014_10,2014,10,세종특별자치시,0.18
1066,2014_11,2014,11,세종특별자치시,-0.02
1067,2014_12,2014,12,세종특별자치시,0.02
1068,2015_01,2015,01,세종특별자치시,-0.04
1069,2015_02,2015,02,세종특별자치시,0.0
1070,2015_03,2015,03,세종특별자치시,-0.02
1071,2015_04,2015,04,세종특별자치시,0.0
1072,2015_05,2015,05,세종특별자치시,-0.01
1073,2015_06,2015,06,세종특별자치시,-0.02
1074,2015_07,2015,07,세종특별자치시,-0.03
1075,2015_08,2015,08,세종특별자치시,-0.01
1076,2015_09,2015,09,세종특별자치시,-0.01
1077,2015_10,2015,10,세종특별자치시,0.02
1078,2015_11,2015,11,세종특별자치시,0.01
1079,2015_12,2015,12,세종특별자치시,0.02
1080,2016_01,2016,01,세종특별자치시,0.02
1081,2016_02,2016,02,세종특별자치시,0.04
1082,2016_03,2016,03,세종특별자치시,0.1
1083,2016_04,2016,04,세종특별자치시,0.05
1084,2016_05,2016,05,세종특별자치시,0.03
1085,2016_06,2016,06,세종특별자치시,0.01
1086,2016_07,2016,07,세종특별자치시,0.1
1087,2016_08,2016,08,세종특별자치시,0.08
1088,2016_09,2016,09,세종특별자치시,0.03
1089,2016_10,2016,10,세종특별자치시,0.07
1090,2016_11,2016,11,세종특별자치시,0.13
1091,2016_12,2016,12,세종특별자치시,0.13
1092,2017_01,2017,01,세종특별자치시,0.08
1093,2017_02,2017,02,세종특별자치시,0.0
1094,2017_03,2017,03,세종특별자치시,0.0
1095,2017_04,2017,04,세종특별자치시,0.2
1096,2017_05,2017,05,세종특별자치시,0.66
1097,2017_06,2017,06,세종특별자치시,1.67
1098,2017_07,2017,07,세종특별자치시,0.69
1099,2017_08,2017,08,세종특별자치시,0.54
1100,2017_09,2017,09,세종특별자치시,0.17
1101,2017_10,2017,10,세종특별자치시,0.1
1102,2017_11,2017,11,세종특별자치시,0.07
1103,2017_12,2017,12,세종특별자치시,0.06
1104,2018_01,2018,01,세종특별자치시,0.21
1105,2018_02,2018,02,세종특별자치시,0.16
1106,2018_03,2018,03,세종특별자치시,0.21
1107,2018_04,2018,04,세종특별자치시,0.32
1108,2018_05,2018,05,세종특별자치시,0.17
1109,2018_06,2018,06,세종특별자치시,0.2
1110,2018_07,2018,07,세종특별자치시,0.29
1111,2018_08,2018,08,세종특별자치시,0.07
1112,2018_09,2018,09,세종특별자치시,0.01
1113,2018_10,2018,10,세종특별자치시,0.17
1114,2018_11,2018,11,세종특별자치시,0.27
1115,2018_12,2018,12,세종특별자치시,0.05
1116,2019_01,2019,01,세종특별자치시,0.07
1117,2019_02,2019,02,세종특별자치시,-0.08
1118,2019_03,2019,03,세종특별자치시,-0.2
1119,2019_04,2019,04,세종특별자치시,-0.61
1120,2019_05,2019,05,세종특별자치시,-0.3
1121,2019_06,2019,06,세종특별자치시,-0.42
1122,2019_07,2019,07,세종특별자치시,-0.28
1123,2019_08,2019,08,세종특별자치시,-0.08
1124,2019_09,2019,09,세종특별자치시,0.0
1125,2019_10,2019,10,세종특별자치시,0.1
1126,2019_11,2019,11,세종특별자치시,0.03
1127,2019_12,2019,12,세종특별자치시,0.83
1128,2020_01,2020,01,세종특별자치시,1.84
1129,2020_02,2020,02,세종특별자치시,1.99
1130,2020_03,2020,03,세종특별자치시,4.24
1131,2020_04,2020,04,세종특별자치시,1.5
1132,2020_05,2020,05,세종특별자치시,0.32
1133,2020_06,2020,06,세종특별자치시,2.13
1134,2020_07,2020,07,세종특별자치시,5.38
1135,2020_08,2020,08,세종특별자치시,7.69
1136,2020_09,2020,09,세종특별자치시,3.83
1137,2020_10,2020,10,세종특별자치시,1.43
1138,2020_11,2020,11,세종특별자치시,0.94
1139,2020_12,2020,12,세종특별자치시,0.89
1140,2021_01,2021,01,세종특별자치시,0.88
1141,2021_02,2021,02,세종특별자치시,0.87
1142,2021_03,2021,03,세종특별자치시,0.68
1143,2021_04,2021,04,세종특별자치시,0.45
1144,2021_05,2021,05,세종특별자치시,0.22
1145,2021_06,2021,06,세종특별자치시,-0.07
1146,2021_07,2021,07,세종특별자치시,-0.13
1147,2021_08,2021,08,세종특별자치시,-0.19
1148,2021_09,2021,09,세종특별자치시,-0.08
1149,2021_10,2021,10,세종특별자치시,-0.11
1150,2021_11,2021,11,세종특별자치시,-0.67
1151,2021_12,2021,12,세종특별자치시,-1.74
1152,2010_01,2010,01,경기도,-0.06
1153,2010_02,2010,02,경기도,0.04
1154,2010_03,2010,03,경기도,0.01
1155,2010_04,2010,04,경기도,-0.11
1156,2010_05,2010,05,경기도,-0.48
1157,2010_06,2010,06,경기도,-0.46
1158,2010_07,2010,07,경기도,-0.71
1159,2010_08,2010,08,경기도,-0.49
1160,2010_09,2010,09,경기도,-0.17
1161,2010_10,2010,10,경기도,-0.13
1162,2010_11,2010,11,경기도,-0.03
1163,2010_12,2010,12,경기도,0.05
1164,2011_01,2011,01,경기도,0.14
1165,2011_02,2011,02,경기도,0.38
1166,2011_03,2011,03,경기도,0.45
1167,2011_04,2011,04,경기도,0.39
1168,2011_05,2011,05,경기도,0
1169,2011_06,2011,06,경기도,0.02
1170,2011_07,2011,07,경기도,0.02
1171,2011_08,2011,08,경기도,0.1
1172,2011_09,2011,09,경기도,0.12
1173,2011_10,2011,10,경기도,0.07
1174,2011_11,2011,11,경기도,-0.01
1175,2011_12,2011,12,경기도,-0.1
1176,2012_01,2012,01,경기도,-0.16
1177,2012_02,2012,02,경기도,-0.05
1178,2012_03,2012,03,경기도,-0.17
1179,2012_04,2012,04,경기도,-0.2
1180,2012_05,2012,05,경기도,-0.25
1181,2012_06,2012,06,경기도,-0.39
1182,2012_07,2012,07,경기도,-0.48
1183,2012_08,2012,08,경기도,-0.5
1184,2012_09,2012,09,경기도,-0.52
1185,2012_10,2012,10,경기도,-0.46
1186,2012_11,2012,11,경기도,-0.41
1187,2012_12,2012,12,경기도,-0.46
1188,2013_01,2013,01,경기도,-0.53
1189,2013_02,2013,02,경기도,-0.36
1190,2013_03,2013,03,경기도,-0.28
1191,2013_04,2013,04,경기도,-0.08
1192,2013_05,2013,05,경기도,0.14
1193,2013_06,2013,06,경기도,0.02
1194,2013_07,2013,07,경기도,-0.24
1195,2013_08,2013,08,경기도,-0.23
1196,2013_09,2013,09,경기도,0.0
1197,2013_10,2013,10,경기도,0.32
1198,2013_11,2013,11,경기도,0.15
1199,2013_12,2013,12,경기도,0.12
1200,2014_01,2014,01,경기도,0.21
1201,2014_02,2014,02,경기도,0.29
1202,2014_03,2014,03,경기도,0.34
1203,2014_04,2014,04,경기도,-0.07
1204,2014_05,2014,05,경기도,-0.1
1205,2014_06,2014,06,경기도,-0.04
1206,2014_07,2014,07,경기도,-0.03
1207,2014_08,2014,08,경기도,0.11
1208,2014_09,2014,09,경기도,0.38
1209,2014_10,2014,10,경기도,0.3
1210,2014_11,2014,11,경기도,0.2
1211,2014_12,2014,12,경기도,0.13
1212,2015_01,2015,01,경기도,0.17
1213,2015_02,2015,02,경기도,0.3
1214,2015_03,2015,03,경기도,0.4
1215,2015_04,2015,04,경기도,0.6
1216,2015_05,2015,05,경기도,0.48
1217,2015_06,2015,06,경기도,0.48
1218,2015_07,2015,07,경기도,0.35
1219,2015_08,2015,08,경기도,0.32
1220,2015_09,2015,09,경기도,0.37
1221,2015_10,2015,10,경기도,0.44
1222,2015_11,2015,11,경기도,0.34
1223,2015_12,2015,12,경기도,0.14
1224,2016_01,2016,01,경기도,0.04
1225,2016_02,2016,02,경기도,0.0
1226,2016_03,2016,03,경기도,-0.01
1227,2016_04,2016,04,경기도,0.01
1228,2016_05,2016,05,경기도,0.06
1229,2016_06,2016,06,경기도,0.1
1230,2016_07,2016,07,경기도,0.08
1231,2016_08,2016,08,경기도,0.09
1232,2016_09,2016,09,경기도,0.08
1233,2016_10,2016,10,경기도,0.17
1234,2016_11,2016,11,경기도,0.17
1235,2016_12,2016,12,경기도,0.06
1236,2017_01,2017,01,경기도,0.01
1237,2017_02,2017,02,경기도,0.01
1238,2017_03,2017,03,경기도,0.04
1239,2017_04,2017,04,경기도,0.1
1240,2017_05,2017,05,경기도,0.13
1241,2017_06,2017,06,경기도,0.18
1242,2017_07,2017,07,경기도,0.24
1243,2017_08,2017,08,경기도,0.34
1244,2017_09,2017,09,경기도,0.18
1245,2017_10,2017,10,경기도,0.17
1246,2017_11,2017,11,경기도,0.18
1247,2017_12,2017,12,경기도,0.06
1248,2018_01,2018,01,경기도,0.08
1249,2018_02,2018,02,경기도,0.19
1250,2018_03,2018,03,경기도,0.17
1251,2018_04,2018,04,경기도,0.13
1252,2018_05,2018,05,경기도,0.04
1253,2018_06,2018,06,경기도,0.01
1254,2018_07,2018,07,경기도,0.0
1255,2018_08,2018,08,경기도,0.05
1256,2018_09,2018,09,경기도,0.47
1257,2018_10,2018,10,경기도,0.42
1258,2018_11,2018,11,경기도,0.26
1259,2018_12,2018,12,경기도,0.03
1260,2019_01,2019,01,경기도,-0.13
1261,2019_02,2019,02,경기도,-0.11
1262,2019_03,2019,03,경기도,-0.18
1263,2019_04,2019,04,경기도,-0.32
1264,2019_05,2019,05,경기도,-0.25
1265,2019_06,2019,06,경기도,-0.17
1266,2019_07,2019,07,경기도,-0.07
1267,2019_08,2019,08,경기도,0.01
1268,2019_09,2019,09,경기도,0.11
1269,2019_10,2019,10,경기도,0.18
1270,2019_11,2019,11,경기도,0.28
1271,2019_12,2019,12,경기도,0.5
1272,2020_01,2020,01,경기도,0.48
1273,2020_02,2020,02,경기도,0.78
1274,2020_03,2020,03,경기도,1.31
1275,2020_04,2020,04,경기도,0.75
1276,2020_05,2020,05,경기도,0.4
1277,2020_06,2020,06,경기도,0.68
1278,2020_07,2020,07,경기도,0.96
1279,2020_08,2020,08,경기도,0.68
1280,2020_09,2020,09,경기도,0.6
1281,2020_10,2020,10,경기도,0.41
1282,2020_11,2020,11,경기도,0.74
1283,2020_12,2020,12,경기도,0.99
1284,2021_01,2021,01,경기도,1.11
1285,2021_02,2021,02,경기도,1.63
1286,2021_03,2021,03,경기도,1.28
1287,2021_04,2021,04,경기도,1.17
1288,2021_05,2021,05,경기도,1.04
1289,2021_06,2021,06,경기도,1.92
1290,2021_07,2021,07,경기도,1.52
1291,2021_08,2021,08,경기도,1.68
1292,2021_09,2021,09,경기도,1.55
1293,2021_10,2021,10,경기도,1.33
1294,2021_11,2021,11,경기도,0.86
1295,2021_12,2021,12,경기도,0.34
1296,2010_01,2010,01,강원도,0.13
1297,2010_02,2010,02,강원도,0.22
1298,2010_03,2010,03,강원도,0.31
1299,2010_04,2010,04,강원도,0.19
1300,2010_05,2010,05,강원도,0.06
1301,2010_06,2010,06,강원도,0.1
1302,2010_07,2010,07,강원도,0.29
1303,2010_08,2010,08,강원도,0.19
1304,2010_09,2010,09,강원도,-0.04
1305,2010_10,2010,10,강원도,0.06
1306,2010_11,2010,11,강원도,0.14
1307,2010_12,2010,12,강원도,0.19
1308,2011_01,2011,01,강원도,0.28
1309,2011_02,2011,02,강원도,0.54
1310,2011_03,2011,03,강원도,0.69
1311,2011_04,2011,04,강원도,1.16
1312,2011_05,2011,05,강원도,-0.26
1313,2011_06,2011,06,강원도,1.52
1314,2011_07,2011,07,강원도,1.34
1315,2011_08,2011,08,강원도,3.04
1316,2011_09,2011,09,강원도,1.3
1317,2011_10,2011,10,강원도,0.93
1318,2011_11,2011,11,강원도,1.08
1319,2011_12,2011,12,강원도,0.52
1320,2012_01,2012,01,강원도,1.53
1321,2012_02,2012,02,강원도,0.37
1322,2012_03,2012,03,강원도,0.3
1323,2012_04,2012,04,강원도,0.26
1324,2012_05,2012,05,강원도,0.07
1325,2012_06,2012,06,강원도,0.03
1326,2012_07,2012,07,강원도,0.07
1327,2012_08,2012,08,강원도,-0.07
1328,2012_09,2012,09,강원도,-0.02
1329,2012_10,2012,10,강원도,-0.03
1330,2012_11,2012,11,강원도,-0.03
1331,2012_12,2012,12,강원도,-0.01
1332,2013_01,2013,01,강원도,-0.05
1333,2013_02,2013,02,강원도,-0.08
1334,2013_03,2013,03,강원도,-0.2
1335,2013_04,2013,04,강원도,-0.03
1336,2013_05,2013,05,강원도,0.11
1337,2013_06,2013,06,강원도,-0.12
1338,2013_07,2013,07,강원도,-0.04
1339,2013_08,2013,08,강원도,-0.07
1340,2013_09,2013,09,강원도,0.1
1341,2013_10,2013,10,강원도,0.18
1342,2013_11,2013,11,강원도,0.18
1343,2013_12,2013,12,강원도,0.18
1344,2014_01,2014,01,강원도,0.09
1345,2014_02,2014,02,강원도,-0.03
1346,2014_03,2014,03,강원도,0.03
1347,2014_04,2014,04,강원도,-0.03
1348,2014_05,2014,05,강원도,0.0
1349,2014_06,2014,06,강원도,-0.05
1350,2014_07,2014,07,강원도,-0.01
1351,2014_08,2014,08,강원도,0.02
1352,2014_09,2014,09,강원도,0.03
1353,2014_10,2014,10,강원도,0.09
1354,2014_11,2014,11,강원도,0.06
1355,2014_12,2014,12,강원도,0.15
1356,2015_01,2015,01,강원도,0.09
1357,2015_02,2015,02,강원도,0.1
1358,2015_03,2015,03,강원도,0.12
1359,2015_04,2015,04,강원도,0.27
1360,2015_05,2015,05,강원도,0.21
1361,2015_06,2015,06,강원도,0.19
1362,2015_07,2015,07,강원도,0.1
1363,2015_08,2015,08,강원도,0.15
1364,2015_09,2015,09,강원도,0.23
1365,2015_10,2015,10,강원도,0.23
1366,2015_11,2015,11,강원도,0.32
1367,2015_12,2015,12,강원도,0.18
1368,2016_01,2016,01,강원도,0.09
1369,2016_02,2016,02,강원도,0.08
1370,2016_03,2016,03,강원도,0.07
1371,2016_04,2016,04,강원도,0.11
1372,2016_05,2016,05,강원도,0.11
1373,2016_06,2016,06,강원도,0.08
1374,2016_07,2016,07,강원도,0.09
1375,2016_08,2016,08,강원도,0.11
1376,2016_09,2016,09,강원도,0.1
1377,2016_10,2016,10,강원도,0.17
1378,2016_11,2016,11,강원도,0.18
1379,2016_12,2016,12,강원도,0.14
1380,2017_01,2017,01,강원도,0.1
1381,2017_02,2017,02,강원도,0.08
1382,2017_03,2017,03,강원도,0.17
1383,2017_04,2017,04,강원도,0.26
1384,2017_05,2017,05,강원도,0.25
1385,2017_06,2017,06,강원도,0.19
1386,2017_07,2017,07,강원도,0.2
1387,2017_08,2017,08,강원도,0.27
1388,2017_09,2017,09,강원도,0.33
1389,2017_10,2017,10,강원도,0.3
1390,2017_11,2017,11,강원도,0.23
1391,2017_12,2017,12,강원도,0.0
1392,2018_01,2018,01,강원도,-0.05
1393,2018_02,2018,02,강원도,0.07
1394,2018_03,2018,03,강원도,0.09
1395,2018_04,2018,04,강원도,-0.05
1396,2018_05,2018,05,강원도,-0.15
1397,2018_06,2018,06,강원도,-0.28
1398,2018_07,2018,07,강원도,-0.24
1399,2018_08,2018,08,강원도,-0.22
1400,2018_09,2018,09,강원도,-0.1
1401,2018_10,2018,10,강원도,-0.19
1402,2018_11,2018,11,강원도,-0.15
1403,2018_12,2018,12,강원도,-0.3
1404,2019_01,2019,01,강원도,-0.22
1405,2019_02,2019,02,강원도,-0.13
1406,2019_03,2019,03,강원도,-0.25
1407,2019_04,2019,04,강원도,-0.19
1408,2019_05,2019,05,강원도,-0.39
1409,2019_06,2019,06,강원도,-0.26
1410,2019_07,2019,07,강원도,-0.32
1411,2019_08,2019,08,강원도,-0.43
1412,2019_09,2019,09,강원도,-0.38
1413,2019_10,2019,10,강원도,-0.14
1414,2019_11,2019,11,강원도,-0.11
1415,2019_12,2019,12,강원도,-0.16
1416,2020_01,2020,01,강원도,-0.12
1417,2020_02,2020,02,강원도,0.0
1418,2020_03,2020,03,강원도,0.09
1419,2020_04,2020,04,강원도,0.0
1420,2020_05,2020,05,강원도,0.06
1421,2020_06,2020,06,강원도,0.15
1422,2020_07,2020,07,강원도,0.38
1423,2020_08,2020,08,강원도,0.22
1424,2020_09,2020,09,강원도,0.2
1425,2020_10,2020,10,강원도,0.29
1426,2020_11,2020,11,강원도,0.33
1427,2020_12,2020,12,강원도,0.37
1428,2021_01,2021,01,강원도,0.54
1429,2021_02,2021,02,강원도,0.52
1430,2021_03,2021,03,강원도,0.5
1431,2021_04,2021,04,강원도,0.49
1432,2021_05,2021,05,강원도,0.4
1433,2021_06,2021,06,강원도,0.58
1434,2021_07,2021,07,강원도,0.49
1435,2021_08,2021,08,강원도,0.59
1436,2021_09,2021,09,강원도,0.59
1437,2021_10,2021,10,강원도,0.58
1438,2021_11,2021,11,강원도,0.56
1439,2021_12,2021,12,강원도,0.37
1440,2010_01,2010,01,충청북도,0.14
1441,2010_02,2010,02,충청북도,0.38
1442,2010_03,2010,03,충청북도,0.38
1443,2010_04,2010,04,충청북도,0.4
1444,2010_05,2010,05,충청북도,0.42
1445,2010_06,2010,06,충청북도,0.59
1446,2010_07,2010,07,충청북도,0.3
1447,2010_08,2010,08,충청북도,0.27
1448,2010_09,2010,09,충청북도,0.48
1449,2010_10,2010,10,충청북도,0.47
1450,2010_11,2010,11,충청북도,0.66
1451,2010_12,2010,12,충청북도,0.59
1452,2011_01,2011,01,충청북도,0.74
1453,2011_02,2011,02,충청북도,1.16
1454,2011_03,2011,03,충청북도,1.87
1455,2011_04,2011,04,충청북도,1.09
1456,2011_05,2011,05,충청북도,0.16
1457,2011_06,2011,06,충청북도,0.95
1458,2011_07,2011,07,충청북도,1.68
1459,2011_08,2011,08,충청북도,1.32
1460,2011_09,2011,09,충청북도,1.45
1461,2011_10,2011,10,충청북도,1.08
1462,2011_11,2011,11,충청북도,0.76
1463,2011_12,2011,12,충청북도,0.56
1464,2012_01,2012,01,충청북도,0.48
1465,2012_02,2012,02,충청북도,0.22
1466,2012_03,2012,03,충청북도,0.37
1467,2012_04,2012,04,충청북도,0.48
1468,2012_05,2012,05,충청북도,0.5
1469,2012_06,2012,06,충청북도,0.18
1470,2012_07,2012,07,충청북도,0.22
1471,2012_08,2012,08,충청북도,0.1
1472,2012_09,2012,09,충청북도,-0.05
1473,2012_10,2012,10,충청북도,0.07
1474,2012_11,2012,11,충청북도,0.16
1475,2012_12,2012,12,충청북도,0.19
1476,2013_01,2013,01,충청북도,-0.05
1477,2013_02,2013,02,충청북도,0.05
1478,2013_03,2013,03,충청북도,0.07
1479,2013_04,2013,04,충청북도,0.31
1480,2013_05,2013,05,충청북도,0.1
1481,2013_06,2013,06,충청북도,0.13
1482,2013_07,2013,07,충청북도,0.08
1483,2013_08,2013,08,충청북도,0.05
1484,2013_09,2013,09,충청북도,0.12
1485,2013_10,2013,10,충청북도,0.09
1486,2013_11,2013,11,충청북도,0.17
1487,2013_12,2013,12,충청북도,0.3
1488,2014_01,2014,01,충청북도,0.21
1489,2014_02,2014,02,충청북도,0.04
1490,2014_03,2014,03,충청북도,0.21
1491,2014_04,2014,04,충청북도,0.12
1492,2014_05,2014,05,충청북도,0.13
1493,2014_06,2014,06,충청북도,0.16
1494,2014_07,2014,07,충청북도,0.19
1495,2014_08,2014,08,충청북도,0.09
1496,2014_09,2014,09,충청북도,0.26
1497,2014_10,2014,10,충청북도,0.32
1498,2014_11,2014,11,충청북도,0.33
1499,2014_12,2014,12,충청북도,0.28
1500,2015_01,2015,01,충청북도,0.2
1501,2015_02,2015,02,충청북도,0.24
1502,2015_03,2015,03,충청북도,0.23
1503,2015_04,2015,04,충청북도,0.19
1504,2015_05,2015,05,충청북도,0.1
1505,2015_06,2015,06,충청북도,0.05
1506,2015_07,2015,07,충청북도,0.05
1507,2015_08,2015,08,충청북도,0.09
1508,2015_09,2015,09,충청북도,0.1
1509,2015_10,2015,10,충청북도,0.0
1510,2015_11,2015,11,충청북도,-0.08
1511,2015_12,2015,12,충청북도,-0.06
1512,2016_01,2016,01,충청북도,-0.03
1513,2016_02,2016,02,충청북도,-0.01
1514,2016_03,2016,03,충청북도,-0.06
1515,2016_04,2016,04,충청북도,-0.05
1516,2016_05,2016,05,충청북도,-0.05
1517,2016_06,2016,06,충청북도,-0.12
1518,2016_07,2016,07,충청북도,-0.14
1519,2016_08,2016,08,충청북도,-0.13
1520,2016_09,2016,09,충청북도,-0.06
1521,2016_10,2016,10,충청북도,-0.06
1522,2016_11,2016,11,충청북도,0.0
1523,2016_12,2016,12,충청북도,0.0
1524,2017_01,2017,01,충청북도,-0.06
1525,2017_02,2017,02,충청북도,-0.04
1526,2017_03,2017,03,충청북도,-0.03
1527,2017_04,2017,04,충청북도,-0.04
1528,2017_05,2017,05,충청북도,-0.01
1529,2017_06,2017,06,충청북도,-0.02
1530,2017_07,2017,07,충청북도,-0.05
1531,2017_08,2017,08,충청북도,-0.08
1532,2017_09,2017,09,충청북도,-0.06
1533,2017_10,2017,10,충청북도,0.01
1534,2017_11,2017,11,충청북도,0.1
1535,2017_12,2017,12,충청북도,-0.08
1536,2018_01,2018,01,충청북도,-0.17
1537,2018_02,2018,02,충청북도,-0.2
1538,2018_03,2018,03,충청북도,-0.09
1539,2018_04,2018,04,충청북도,-0.18
1540,2018_05,2018,05,충청북도,-0.22
1541,2018_06,2018,06,충청북도,-0.19
1542,2018_07,2018,07,충청북도,-0.2
1543,2018_08,2018,08,충청북도,-0.28
1544,2018_09,2018,09,충청북도,-0.2
1545,2018_10,2018,10,충청북도,-0.27
1546,2018_11,2018,11,충청북도,-0.19
1547,2018_12,2018,12,충청북도,-0.31
1548,2019_01,2019,01,충청북도,-0.33
1549,2019_02,2019,02,충청북도,-0.22
1550,2019_03,2019,03,충청북도,-0.27
1551,2019_04,2019,04,충청북도,-0.39
1552,2019_05,2019,05,충청북도,-0.34
1553,2019_06,2019,06,충청북도,-0.4
1554,2019_07,2019,07,충청북도,-0.33
1555,2019_08,2019,08,충청북도,-0.35
1556,2019_09,2019,09,충청북도,-0.24
1557,2019_10,2019,10,충청북도,-0.25
1558,2019_11,2019,11,충청북도,-0.09
1559,2019_12,2019,12,충청북도,0.01
1560,2020_01,2020,01,충청북도,0.03
1561,2020_02,2020,02,충청북도,0.02
1562,2020_03,2020,03,충청북도,0.12
1563,2020_04,2020,04,충청북도,0.02
1564,2020_05,2020,05,충청북도,0.16
1565,2020_06,2020,06,충청북도,1.58
1566,2020_07,2020,07,충청북도,0.47
1567,2020_08,2020,08,충청북도,0.12
1568,2020_09,2020,09,충청북도,0.06
1569,2020_10,2020,10,충청북도,0.11
1570,2020_11,2020,11,충청북도,0.25
1571,2020_12,2020,12,충청북도,0.58
1572,2021_01,2021,01,충청북도,0.43
1573,2021_02,2021,02,충청북도,0.49
1574,2021_03,2021,03,충청북도,0.56
1575,2021_04,2021,04,충청북도,0.61
1576,2021_05,2021,05,충청북도,0.61
1577,2021_06,2021,06,충청북도,0.94
1578,2021_07,2021,07,충청북도,0.74
1579,2021_08,2021,08,충청북도,0.9
1580,2021_09,2021,09,충청북도,0.91
1581,2021_10,2021,10,충청북도,1.01
1582,2021_11,2021,11,충청북도,0.74
1583,2021_12,2021,12,충청북도,0.39
1584,2010_01,2010,01,충청남도,0.03
1585,2010_02,2010,02,충청남도,0.12
1586,2010_03,2010,03,충청남도,0.12
1587,2010_04,2010,04,충청남도,-0.14
1588,2010_05,2010,05,충청남도,0.13
1589,2010_06,2010,06,충청남도,0.07
1590,2010_07,2010,07,충청남도,-0.04
1591,2010_08,2010,08,충청남도,-0.1
1592,2010_09,2010,09,충청남도,0.08
1593,2010_10,2010,10,충청남도,0.02
1594,2010_11,2010,11,충청남도,0.18
1595,2010_12,2010,12,충청남도,0.11
1596,2011_01,2011,01,충청남도,0.13
1597,2011_02,2011,02,충청남도,0.26
1598,2011_03,2011,03,충청남도,0.83
1599,2011_04,2011,04,충청남도,1.03
1600,2011_05,2011,05,충청남도,0.46
1601,2011_06,2011,06,충청남도,0.4
1602,2011_07,2011,07,충청남도,0.82
1603,2011_08,2011,08,충청남도,0.74
1604,2011_09,2011,09,충청남도,0.82
1605,2011_10,2011,10,충청남도,0.71
1606,2011_11,2011,11,충청남도,0.83
1607,2011_12,2011,12,충청남도,0.33
1608,2012_01,2012,01,충청남도,0.67
1609,2012_02,2012,02,충청남도,0.1
1610,2012_03,2012,03,충청남도,0.37
1611,2012_04,2012,04,충청남도,0.31
1612,2012_05,2012,05,충청남도,0.32
1613,2012_06,2012,06,충청남도,0.2
1614,2012_07,2012,07,충청남도,0.16
1615,2012_08,2012,08,충청남도,0.29
1616,2012_09,2012,09,충청남도,0.32
1617,2012_10,2012,10,충청남도,0.29
1618,2012_11,2012,11,충청남도,0.26
1619,2012_12,2012,12,충청남도,0.65
1620,2013_01,2013,01,충청남도,0.27
1621,2013_02,2013,02,충청남도,0.11
1622,2013_03,2013,03,충청남도,0.15
1623,2013_04,2013,04,충청남도,0.17
1624,2013_05,2013,05,충청남도,0.25
1625,2013_06,2013,06,충청남도,0.21
1626,2013_07,2013,07,충청남도,0.11
1627,2013_08,2013,08,충청남도,0.06
1628,2013_09,2013,09,충청남도,0.1
1629,2013_10,2013,10,충청남도,0.36
1630,2013_11,2013,11,충청남도,0.47
1631,2013_12,2013,12,충청남도,0.35
1632,2014_01,2014,01,충청남도,0.31
1633,2014_02,2014,02,충청남도,0.14
1634,2014_03,2014,03,충청남도,0.26
1635,2014_04,2014,04,충청남도,0.25
1636,2014_05,2014,05,충청남도,0.15
1637,2014_06,2014,06,충청남도,0.22
1638,2014_07,2014,07,충청남도,0.14
1639,2014_08,2014,08,충청남도,0.04
1640,2014_09,2014,09,충청남도,0.14
1641,2014_10,2014,10,충청남도,0.25
1642,2014_11,2014,11,충청남도,0.19
1643,2014_12,2014,12,충청남도,0.14
1644,2015_01,2015,01,충청남도,0.1
1645,2015_02,2015,02,충청남도,0.1
1646,2015_03,2015,03,충청남도,0.11
1647,2015_04,2015,04,충청남도,0.17
1648,2015_05,2015,05,충청남도,0.1
1649,2015_06,2015,06,충청남도,0.1
1650,2015_07,2015,07,충청남도,0.02
1651,2015_08,2015,08,충청남도,0.04
1652,2015_09,2015,09,충청남도,0.02
1653,2015_10,2015,10,충청남도,0.03
1654,2015_11,2015,11,충청남도,0.07
1655,2015_12,2015,12,충청남도,-0.09
1656,2016_01,2016,01,충청남도,-0.11
1657,2016_02,2016,02,충청남도,-0.17
1658,2016_03,2016,03,충청남도,-0.13
1659,2016_04,2016,04,충청남도,-0.14
1660,2016_05,2016,05,충청남도,-0.17
1661,2016_06,2016,06,충청남도,-0.15
1662,2016_07,2016,07,충청남도,-0.16
1663,2016_08,2016,08,충청남도,-0.15
1664,2016_09,2016,09,충청남도,-0.05
1665,2016_10,2016,10,충청남도,-0.1
1666,2016_11,2016,11,충청남도,-0.13
1667,2016_12,2016,12,충청남도,-0.06
1668,2017_01,2017,01,충청남도,-0.1
1669,2017_02,2017,02,충청남도,-0.04
1670,2017_03,2017,03,충청남도,-0.06
1671,2017_04,2017,04,충청남도,-0.1
1672,2017_05,2017,05,충청남도,-0.06
1673,2017_06,2017,06,충청남도,-0.05
1674,2017_07,2017,07,충청남도,0.0
1675,2017_08,2017,08,충청남도,-0.05
1676,2017_09,2017,09,충청남도,0.02
1677,2017_10,2017,10,충청남도,0.06
1678,2017_11,2017,11,충청남도,-0.1
1679,2017_12,2017,12,충청남도,-0.05
1680,2018_01,2018,01,충청남도,-0.13
1681,2018_02,2018,02,충청남도,-0.18
1682,2018_03,2018,03,충청남도,-0.19
1683,2018_04,2018,04,충청남도,-0.19
1684,2018_05,2018,05,충청남도,-0.2
1685,2018_06,2018,06,충청남도,-0.17
1686,2018_07,2018,07,충청남도,-0.17
1687,2018_08,2018,08,충청남도,-0.18
1688,2018_09,2018,09,충청남도,-0.03
1689,2018_10,2018,10,충청남도,-0.17
1690,2018_11,2018,11,충청남도,-0.08
1691,2018_12,2018,12,충청남도,-0.15
1692,2019_01,2019,01,충청남도,-0.24
1693,2019_02,2019,02,충청남도,-0.17
1694,2019_03,2019,03,충청남도,-0.24
1695,2019_04,2019,04,충청남도,-0.21
1696,2019_05,2019,05,충청남도,-0.16
1697,2019_06,2019,06,충청남도,-0.15
1698,2019_07,2019,07,충청남도,-0.11
1699,2019_08,2019,08,충청남도,-0.18
1700,2019_09,2019,09,충청남도,-0.11
1701,2019_10,2019,10,충청남도,-0.08
1702,2019_11,2019,11,충청남도,-0.07
1703,2019_12,2019,12,충청남도,0.1
1704,2020_01,2020,01,충청남도,0.02
1705,2020_02,2020,02,충청남도,0.04
1706,2020_03,2020,03,충청남도,0.03
1707,2020_04,2020,04,충청남도,-0.04
1708,2020_05,2020,05,충청남도,0.01
1709,2020_06,2020,06,충청남도,0.11
1710,2020_07,2020,07,충청남도,0.58
1711,2020_08,2020,08,충청남도,0.57
1712,2020_09,2020,09,충청남도,0.47
1713,2020_10,2020,10,충청남도,0.33
1714,2020_11,2020,11,충청남도,0.42
1715,2020_12,2020,12,충청남도,0.68
1716,2021_01,2021,01,충청남도,0.62
1717,2021_02,2021,02,충청남도,0.56
1718,2021_03,2021,03,충청남도,0.54
1719,2021_04,2021,04,충청남도,0.63
1720,2021_05,2021,05,충청남도,0.57
1721,2021_06,2021,06,충청남도,0.7
1722,2021_07,2021,07,충청남도,0.63
1723,2021_08,2021,08,충청남도,0.75
1724,2021_09,2021,09,충청남도,0.75
1725,2021_10,2021,10,충청남도,0.89
1726,2021_11,2021,11,충청남도,0.68
1727,2021_12,2021,12,충청남도,0.43
1728,2010_01,2010,01,전라북도,0.28
1729,2010_02,2010,02,전라북도,0.54
1730,2010_03,2010,03,전라북도,0.52
1731,2010_04,2010,04,전라북도,0.47
1732,2010_05,2010,05,전라북도,0.48
1733,2010_06,2010,06,전라북도,0.84
1734,2010_07,2010,07,전라북도,0.92
1735,2010_08,2010,08,전라북도,0.38
1736,2010_09,2010,09,전라북도,0.59
1737,2010_10,2010,10,전라북도,0.39
1738,2010_11,2010,11,전라북도,0.51
1739,2010_12,2010,12,전라북도,0.59
1740,2011_01,2011,01,전라북도,0.59
1741,2011_02,2011,02,전라북도,1.31
1742,2011_03,2011,03,전라북도,0.8
1743,2011_04,2011,04,전라북도,1.45
1744,2011_05,2011,05,전라북도,0.24
1745,2011_06,2011,06,전라북도,0.9
1746,2011_07,2011,07,전라북도,0.91
1747,2011_08,2011,08,전라북도,1.05
1748,2011_09,2011,09,전라북도,1.36
1749,2011_10,2011,10,전라북도,0.91
1750,2011_11,2011,11,전라북도,0.86
1751,2011_12,2011,12,전라북도,0.81
1752,2012_01,2012,01,전라북도,0.91
1753,2012_02,2012,02,전라북도,0.12
1754,2012_03,2012,03,전라북도,0.45
1755,2012_04,2012,04,전라북도,0.13
1756,2012_05,2012,05,전라북도,-0.11
1757,2012_06,2012,06,전라북도,-0.17
1758,2012_07,2012,07,전라북도,-0.2
1759,2012_08,2012,08,전라북도,-0.07
1760,2012_09,2012,09,전라북도,-0.42
1761,2012_10,2012,10,전라북도,-0.24
1762,2012_11,2012,11,전라북도,-0.4
1763,2012_12,2012,12,전라북도,-0.72
1764,2013_01,2013,01,전라북도,-0.45
1765,2013_02,2013,02,전라북도,-0.06
1766,2013_03,2013,03,전라북도,-0.08
1767,2013_04,2013,04,전라북도,0.03
1768,2013_05,2013,05,전라북도,0.0
1769,2013_06,2013,06,전라북도,-0.2
1770,2013_07,2013,07,전라북도,-0.13
1771,2013_08,2013,08,전라북도,-0.09
1772,2013_09,2013,09,전라북도,-0.1
1773,2013_10,2013,10,전라북도,-0.02
1774,2013_11,2013,11,전라북도,0.02
1775,2013_12,2013,12,전라북도,0.02
1776,2014_01,2014,01,전라북도,0.0
1777,2014_02,2014,02,전라북도,-0.07
1778,2014_03,2014,03,전라북도,0.03
1779,2014_04,2014,04,전라북도,-0.11
1780,2014_05,2014,05,전라북도,-0.08
1781,2014_06,2014,06,전라북도,-0.08
1782,2014_07,2014,07,전라북도,-0.12
1783,2014_08,2014,08,전라북도,-0.06
1784,2014_09,2014,09,전라북도,0.03
1785,2014_10,2014,10,전라북도,0.0
1786,2014_11,2014,11,전라북도,-0.02
1787,2014_12,2014,12,전라북도,-0.02
1788,2015_01,2015,01,전라북도,-0.01
1789,2015_02,2015,02,전라북도,-0.01
1790,2015_03,2015,03,전라북도,0.06
1791,2015_04,2015,04,전라북도,0.01
1792,2015_05,2015,05,전라북도,-0.04
1793,2015_06,2015,06,전라북도,-0.05
1794,2015_07,2015,07,전라북도,0.04
1795,2015_08,2015,08,전라북도,0.07
1796,2015_09,2015,09,전라북도,0.11
1797,2015_10,2015,10,전라북도,0.06
1798,2015_11,2015,11,전라북도,0.08
1799,2015_12,2015,12,전라북도,0.01
1800,2016_01,2016,01,전라북도,0.0
1801,2016_02,2016,02,전라북도,-0.02
1802,2016_03,2016,03,전라북도,0.0
1803,2016_04,2016,04,전라북도,0.0
1804,2016_05,2016,05,전라북도,0.0
1805,2016_06,2016,06,전라북도,-0.05
1806,2016_07,2016,07,전라북도,0.0
1807,2016_08,2016,08,전라북도,0.01
1808,2016_09,2016,09,전라북도,-0.02
1809,2016_10,2016,10,전라북도,0.05
1810,2016_11,2016,11,전라북도,0.05
1811,2016_12,2016,12,전라북도,0.09
1812,2017_01,2017,01,전라북도,0.03
1813,2017_02,2017,02,전라북도,0.06
1814,2017_03,2017,03,전라북도,0.08
1815,2017_04,2017,04,전라북도,0.12
1816,2017_05,2017,05,전라북도,0.24
1817,2017_06,2017,06,전라북도,0.16
1818,2017_07,2017,07,전라북도,0.17
1819,2017_08,2017,08,전라북도,0.25
1820,2017_09,2017,09,전라북도,0.25
1821,2017_10,2017,10,전라북도,0.27
1822,2017_11,2017,11,전라북도,0.22
1823,2017_12,2017,12,전라북도,0.12
1824,2018_01,2018,01,전라북도,0.02
1825,2018_02,2018,02,전라북도,0.0
1826,2018_03,2018,03,전라북도,-0.05
1827,2018_04,2018,04,전라북도,0.01
1828,2018_05,2018,05,전라북도,-0.1
1829,2018_06,2018,06,전라북도,-0.07
1830,2018_07,2018,07,전라북도,-0.08
1831,2018_08,2018,08,전라북도,-0.01
1832,2018_09,2018,09,전라북도,0.07
1833,2018_10,2018,10,전라북도,0.07
1834,2018_11,2018,11,전라북도,0.08
1835,2018_12,2018,12,전라북도,0.05
1836,2019_01,2019,01,전라북도,-0.1
1837,2019_02,2019,02,전라북도,-0.04
1838,2019_03,2019,03,전라북도,-0.14
1839,2019_04,2019,04,전라북도,-0.16
1840,2019_05,2019,05,전라북도,-0.09
1841,2019_06,2019,06,전라북도,-0.14
1842,2019_07,2019,07,전라북도,-0.14
1843,2019_08,2019,08,전라북도,-0.15
1844,2019_09,2019,09,전라북도,-0.19
1845,2019_10,2019,10,전라북도,-0.1
1846,2019_11,2019,11,전라북도,-0.14
1847,2019_12,2019,12,전라북도,-0.04
1848,2020_01,2020,01,전라북도,0.04
1849,2020_02,2020,02,전라북도,0.08
1850,2020_03,2020,03,전라북도,0.11
1851,2020_04,2020,04,전라북도,0.09
1852,2020_05,2020,05,전라북도,0.06
1853,2020_06,2020,06,전라북도,0.13
1854,2020_07,2020,07,전라북도,0.21
1855,2020_08,2020,08,전라북도,0.18
1856,2020_09,2020,09,전라북도,0.22
1857,2020_10,2020,10,전라북도,0.21
1858,2020_11,2020,11,전라북도,0.24
1859,2020_12,2020,12,전라북도,0.74
1860,2021_01,2021,01,전라북도,0.24
1861,2021_02,2021,02,전라북도,0.14
1862,2021_03,2021,03,전라북도,0.17
1863,2021_04,2021,04,전라북도,0.28
1864,2021_05,2021,05,전라북도,0.32
1865,2021_06,2021,06,전라북도,0.63
1866,2021_07,2021,07,전라북도,0.62
1867,2021_08,2021,08,전라북도,0.65
1868,2021_09,2021,09,전라북도,0.69
1869,2021_10,2021,10,전라북도,0.6
1870,2021_11,2021,11,전라북도,0.52
1871,2021_12,2021,12,전라북도,0.31
1872,2010_01,2010,01,전라남도,0.31
1873,2010_02,2010,02,전라남도,0.42
1874,2010_03,2010,03,전라남도,0.7
1875,2010_04,2010,04,전라남도,0.4
1876,2010_05,2010,05,전라남도,0.33
1877,2010_06,2010,06,전라남도,0.11
1878,2010_07,2010,07,전라남도,0.14
1879,2010_08,2010,08,전라남도,0.09
1880,2010_09,2010,09,전라남도,0.22
1881,2010_10,2010,10,전라남도,0.22
1882,2010_11,2010,11,전라남도,0.56
1883,2010_12,2010,12,전라남도,0.24
1884,2011_01,2011,01,전라남도,0.3
1885,2011_02,2011,02,전라남도,0.45
1886,2011_03,2011,03,전라남도,0.67
1887,2011_04,2011,04,전라남도,1.01
1888,2011_05,2011,05,전라남도,0.64
1889,2011_06,2011,06,전라남도,0.93
1890,2011_07,2011,07,전라남도,0.15
1891,2011_08,2011,08,전라남도,0.54
1892,2011_09,2011,09,전라남도,0.7
1893,2011_10,2011,10,전라남도,0.61
1894,2011_11,2011,11,전라남도,1.19
1895,2011_12,2011,12,전라남도,1.18
1896,2012_01,2012,01,전라남도,0.63
1897,2012_02,2012,02,전라남도,-0.09
1898,2012_03,2012,03,전라남도,0.09
1899,2012_04,2012,04,전라남도,0.35
1900,2012_05,2012,05,전라남도,0.12
1901,2012_06,2012,06,전라남도,0.19
1902,2012_07,2012,07,전라남도,-0.05
1903,2012_08,2012,08,전라남도,0.1
1904,2012_09,2012,09,전라남도,0.1
1905,2012_10,2012,10,전라남도,0.03
1906,2012_11,2012,11,전라남도,-0.27
1907,2012_12,2012,12,전라남도,-0.06
1908,2013_01,2013,01,전라남도,-0.08
1909,2013_02,2013,02,전라남도,-0.13
1910,2013_03,2013,03,전라남도,-0.12
1911,2013_04,2013,04,전라남도,-0.1
1912,2013_05,2013,05,전라남도,-0.04
1913,2013_06,2013,06,전라남도,-0.05
1914,2013_07,2013,07,전라남도,-0.23
1915,2013_08,2013,08,전라남도,-0.22
1916,2013_09,2013,09,전라남도,-0.07
1917,2013_10,2013,10,전라남도,-0.07
1918,2013_11,2013,11,전라남도,-0.02
1919,2013_12,2013,12,전라남도,-0.06
1920,2014_01,2014,01,전라남도,-0.14
1921,2014_02,2014,02,전라남도,-0.1
1922,2014_03,2014,03,전라남도,-0.07
1923,2014_04,2014,04,전라남도,-0.02
1924,2014_05,2014,05,전라남도,0.01
1925,2014_06,2014,06,전라남도,-0.11
1926,2014_07,2014,07,전라남도,-0.14
1927,2014_08,2014,08,전라남도,-0.13
1928,2014_09,2014,09,전라남도,0.04
1929,2014_10,2014,10,전라남도,0.0
1930,2014_11,2014,11,전라남도,0.0
1931,2014_12,2014,12,전라남도,-0.12
1932,2015_01,2015,01,전라남도,-0.02
1933,2015_02,2015,02,전라남도,-0.13
1934,2015_03,2015,03,전라남도,-0.01
1935,2015_04,2015,04,전라남도,0.0
1936,2015_05,2015,05,전라남도,0.07
1937,2015_06,2015,06,전라남도,0.11
1938,2015_07,2015,07,전라남도,0.17
1939,2015_08,2015,08,전라남도,0.07
1940,2015_09,2015,09,전라남도,0.1
1941,2015_10,2015,10,전라남도,0.18
1942,2015_11,2015,11,전라남도,0.24
1943,2015_12,2015,12,전라남도,0.13
1944,2016_01,2016,01,전라남도,0.15
1945,2016_02,2016,02,전라남도,0.02
1946,2016_03,2016,03,전라남도,0.05
1947,2016_04,2016,04,전라남도,0.09
1948,2016_05,2016,05,전라남도,0.12
1949,2016_06,2016,06,전라남도,0.01
1950,2016_07,2016,07,전라남도,0.03
1951,2016_08,2016,08,전라남도,0.09
1952,2016_09,2016,09,전라남도,0.05
1953,2016_10,2016,10,전라남도,0.13
1954,2016_11,2016,11,전라남도,0.11
1955,2016_12,2016,12,전라남도,0.2
1956,2017_01,2017,01,전라남도,0.09
1957,2017_02,2017,02,전라남도,0.06
1958,2017_03,2017,03,전라남도,0.1
1959,2017_04,2017,04,전라남도,0.2
1960,2017_05,2017,05,전라남도,0.34
1961,2017_06,2017,06,전라남도,0.21
1962,2017_07,2017,07,전라남도,0.21
1963,2017_08,2017,08,전라남도,0.3
1964,2017_09,2017,09,전라남도,0.19
1965,2017_10,2017,10,전라남도,0.24
1966,2017_11,2017,11,전라남도,0.21
1967,2017_12,2017,12,전라남도,0.08
1968,2018_01,2018,01,전라남도,0.17
1969,2018_02,2018,02,전라남도,0.2
1970,2018_03,2018,03,전라남도,0.14
1971,2018_04,2018,04,전라남도,0.14
1972,2018_05,2018,05,전라남도,0.09
1973,2018_06,2018,06,전라남도,0.16
1974,2018_07,2018,07,전라남도,0.16
1975,2018_08,2018,08,전라남도,0.22
1976,2018_09,2018,09,전라남도,0.28
1977,2018_10,2018,10,전라남도,0.35
1978,2018_11,2018,11,전라남도,0.55
1979,2018_12,2018,12,전라남도,0.39
1980,2019_01,2019,01,전라남도,0.17
1981,2019_02,2019,02,전라남도,0.14
1982,2019_03,2019,03,전라남도,0.14
1983,2019_04,2019,04,전라남도,0.2
1984,2019_05,2019,05,전라남도,0.13
1985,2019_06,2019,06,전라남도,0.16
1986,2019_07,2019,07,전라남도,0.14
1987,2019_08,2019,08,전라남도,0.15
1988,2019_09,2019,09,전라남도,0.13
1989,2019_10,2019,10,전라남도,0.16
1990,2019_11,2019,11,전라남도,0.18
1991,2019_12,2019,12,전라남도,0.15
1992,2020_01,2020,01,전라남도,0.17
1993,2020_02,2020,02,전라남도,0.15
1994,2020_03,2020,03,전라남도,0.13
1995,2020_04,2020,04,전라남도,0.09
1996,2020_05,2020,05,전라남도,0.09
1997,2020_06,2020,06,전라남도,0.16
1998,2020_07,2020,07,전라남도,0.19
1999,2020_08,2020,08,전라남도,0.27
2000,2020_09,2020,09,전라남도,0.2
2001,2020_10,2020,10,전라남도,0.28
2002,2020_11,2020,11,전라남도,0.32
2003,2020_12,2020,12,전라남도,0.35
2004,2021_01,2021,01,전라남도,0.24
2005,2021_02,2021,02,전라남도,0.2
2006,2021_03,2021,03,전라남도,0.18
2007,2021_04,2021,04,전라남도,0.23
2008,2021_05,2021,05,전라남도,0.25
2009,2021_06,2021,06,전라남도,0.42
2010,2021_07,2021,07,전라남도,0.33
2011,2021_08,2021,08,전라남도,0.37
2012,2021_09,2021,09,전라남도,0.39
2013,2021_10,2021,10,전라남도,0.28
2014,2021_11,2021,11,전라남도,0.24
2015,2021_12,2021,12,전라남도,0.18
2016,2010_01,2010,01,경상북도,-0.01
2017,2010_02,2010,02,경상북도,0.02
2018,2010_03,2010,03,경상북도,0.01
2019,2010_04,2010,04,경상북도,-0.05
2020,2010_05,2010,05,경상북도,-0.09
2021,2010_06,2010,06,경상북도,-0.22
2022,2010_07,2010,07,경상북도,-0.31
2023,2010_08,2010,08,경상북도,-0.14
2024,2010_09,2010,09,경상북도,-0.01
2025,2010_10,2010,10,경상북도,0.1
2026,2010_11,2010,11,경상북도,0.38
2027,2010_12,2010,12,경상북도,0.19
2028,2011_01,2011,01,경상북도,0.4
2029,2011_02,2011,02,경상북도,0.24
2030,2011_03,2011,03,경상북도,0.81
2031,2011_04,2011,04,경상북도,0.66
2032,2011_05,2011,05,경상북도,0.15
2033,2011_06,2011,06,경상북도,0.46
2034,2011_07,2011,07,경상북도,0.32
2035,2011_08,2011,08,경상북도,0.46
2036,2011_09,2011,09,경상북도,0.66
2037,2011_10,2011,10,경상북도,0.64
2038,2011_11,2011,11,경상북도,0.85
2039,2011_12,2011,12,경상북도,0.56
2040,2012_01,2012,01,경상북도,0.7
2041,2012_02,2012,02,경상북도,0.15
2042,2012_03,2012,03,경상북도,0.43
2043,2012_04,2012,04,경상북도,0.26
2044,2012_05,2012,05,경상북도,0.26
2045,2012_06,2012,06,경상북도,0.22
2046,2012_07,2012,07,경상북도,0.25
2047,2012_08,2012,08,경상북도,0.38
2048,2012_09,2012,09,경상북도,0.43
2049,2012_10,2012,10,경상북도,0.28
2050,2012_11,2012,11,경상북도,0.31
2051,2012_12,2012,12,경상북도,0.34
2052,2013_01,2013,01,경상북도,0.34
2053,2013_02,2013,02,경상북도,0.24
2054,2013_03,2013,03,경상북도,0.37
2055,2013_04,2013,04,경상북도,0.4
2056,2013_05,2013,05,경상북도,0.47
2057,2013_06,2013,06,경상북도,0.44
2058,2013_07,2013,07,경상북도,0.68
2059,2013_08,2013,08,경상북도,0.27
2060,2013_09,2013,09,경상북도,0.35
2061,2013_10,2013,10,경상북도,0.56
2062,2013_11,2013,11,경상북도,0.45
2063,2013_12,2013,12,경상북도,0.49
2064,2014_01,2014,01,경상북도,0.79
2065,2014_02,2014,02,경상북도,0.47
2066,2014_03,2014,03,경상북도,0.36
2067,2014_04,2014,04,경상북도,0.31
2068,2014_05,2014,05,경상북도,0.23
2069,2014_06,2014,06,경상북도,0.17
2070,2014_07,2014,07,경상북도,0.13
2071,2014_08,2014,08,경상북도,0.13
2072,2014_09,2014,09,경상북도,0.19
2073,2014_10,2014,10,경상북도,0.25
2074,2014_11,2014,11,경상북도,0.24
2075,2014_12,2014,12,경상북도,0.24
2076,2015_01,2015,01,경상북도,0.23
2077,2015_02,2015,02,경상북도,0.22
2078,2015_03,2015,03,경상북도,0.3
2079,2015_04,2015,04,경상북도,0.27
2080,2015_05,2015,05,경상북도,0.18
2081,2015_06,2015,06,경상북도,0.3
2082,2015_07,2015,07,경상북도,0.19
2083,2015_08,2015,08,경상북도,0.3
2084,2015_09,2015,09,경상북도,0.36
2085,2015_10,2015,10,경상북도,0.18
2086,2015_11,2015,11,경상북도,0.08
2087,2015_12,2015,12,경상북도,0.0
2088,2016_01,2016,01,경상북도,-0.07
2089,2016_02,2016,02,경상북도,-0.09
2090,2016_03,2016,03,경상북도,-0.11
2091,2016_04,2016,04,경상북도,-0.12
2092,2016_05,2016,05,경상북도,-0.18
2093,2016_06,2016,06,경상북도,-0.21
2094,2016_07,2016,07,경상북도,-0.24
2095,2016_08,2016,08,경상북도,-0.2
2096,2016_09,2016,09,경상북도,-0.15
2097,2016_10,2016,10,경상북도,-0.09
2098,2016_11,2016,11,경상북도,-0.12
2099,2016_12,2016,12,경상북도,-0.1
2100,2017_01,2017,01,경상북도,-0.06
2101,2017_02,2017,02,경상북도,-0.1
2102,2017_03,2017,03,경상북도,-0.08
2103,2017_04,2017,04,경상북도,-0.07
2104,2017_05,2017,05,경상북도,-0.06
2105,2017_06,2017,06,경상북도,-0.04
2106,2017_07,2017,07,경상북도,-0.04
2107,2017_08,2017,08,경상북도,-0.04
2108,2017_09,2017,09,경상북도,-0.01
2109,2017_10,2017,10,경상북도,-0.11
2110,2017_11,2017,11,경상북도,-0.13
2111,2017_12,2017,12,경상북도,-0.15
2112,2018_01,2018,01,경상북도,-0.18
2113,2018_02,2018,02,경상북도,-0.08
2114,2018_03,2018,03,경상북도,-0.09
2115,2018_04,2018,04,경상북도,-0.14
2116,2018_05,2018,05,경상북도,-0.15
2117,2018_06,2018,06,경상북도,-0.1
2118,2018_07,2018,07,경상북도,-0.14
2119,2018_08,2018,08,경상북도,-0.24
2120,2018_09,2018,09,경상북도,-0.2
2121,2018_10,2018,10,경상북도,-0.19
2122,2018_11,2018,11,경상북도,-0.15
2123,2018_12,2018,12,경상북도,-0.25
2124,2019_01,2019,01,경상북도,-0.25
2125,2019_02,2019,02,경상북도,-0.2
2126,2019_03,2019,03,경상북도,-0.18
2127,2019_04,2019,04,경상북도,-0.29
2128,2019_05,2019,05,경상북도,-0.22
2129,2019_06,2019,06,경상북도,-0.24
2130,2019_07,2019,07,경상북도,-0.17
2131,2019_08,2019,08,경상북도,-0.19
2132,2019_09,2019,09,경상북도,-0.16
2133,2019_10,2019,10,경상북도,-0.14
2134,2019_11,2019,11,경상북도,-0.14
2135,2019_12,2019,12,경상북도,-0.19
2136,2020_01,2020,01,경상북도,-0.13
2137,2020_02,2020,02,경상북도,0.01
2138,2020_03,2020,03,경상북도,-0.03
2139,2020_04,2020,04,경상북도,-0.09
2140,2020_05,2020,05,경상북도,-0.05
2141,2020_06,2020,06,경상북도,-0.01
2142,2020_07,2020,07,경상북도,0.22
2143,2020_08,2020,08,경상북도,0.32
2144,2020_09,2020,09,경상북도,0.24
2145,2020_10,2020,10,경상북도,0.15
2146,2020_11,2020,11,경상북도,0.22
2147,2020_12,2020,12,경상북도,0.52
2148,2021_01,2021,01,경상북도,0.71
2149,2021_02,2021,02,경상북도,0.6
2150,2021_03,2021,03,경상북도,0.44
2151,2021_04,2021,04,경상북도,0.43
2152,2021_05,2021,05,경상북도,0.5
2153,2021_06,2021,06,경상북도,0.57
2154,2021_07,2021,07,경상북도,0.42
2155,2021_08,2021,08,경상북도,0.5
2156,2021_09,2021,09,경상북도,0.4
2157,2021_10,2021,10,경상북도,0.46
2158,2021_11,2021,11,경상북도,0.37
2159,2021_12,2021,12,경상북도,0.28
2160,2010_01,2010,01,경상남도,0.19
2161,2010_02,2010,02,경상남도,0.55
2162,2010_03,2010,03,경상남도,0.7
2163,2010_04,2010,04,경상남도,0.66
2164,2010_05,2010,05,경상남도,0.91
2165,2010_06,2010,06,경상남도,0.99
2166,2010_07,2010,07,경상남도,0.52
2167,2010_08,2010,08,경상남도,0.72
2168,2010_09,2010,09,경상남도,0.71
2169,2010_10,2010,10,경상남도,0.89
2170,2010_11,2010,11,경상남도,1.78
2171,2010_12,2010,12,경상남도,1.54
2172,2011_01,2011,01,경상남도,1.45
2173,2011_02,2011,02,경상남도,1.97
2174,2011_03,2011,03,경상남도,3.32
2175,2011_04,2011,04,경상남도,5.53
2176,2011_05,2011,05,경상남도,0.59
2177,2011_06,2011,06,경상남도,1.13
2178,2011_07,2011,07,경상남도,0.84
2179,2011_08,2011,08,경상남도,0.98
2180,2011_09,2011,09,경상남도,1.3
2181,2011_10,2011,10,경상남도,0.87
2182,2011_11,2011,11,경상남도,0.65
2183,2011_12,2011,12,경상남도,0.16
2184,2012_01,2012,01,경상남도,0.29
2185,2012_02,2012,02,경상남도,-0.06
2186,2012_03,2012,03,경상남도,0.18
2187,2012_04,2012,04,경상남도,-0.12
2188,2012_05,2012,05,경상남도,-0.16
2189,2012_06,2012,06,경상남도,-0.28
2190,2012_07,2012,07,경상남도,-0.37
2191,2012_08,2012,08,경상남도,-0.28
2192,2012_09,2012,09,경상남도,-0.07
2193,2012_10,2012,10,경상남도,-0.05
2194,2012_11,2012,11,경상남도,-0.03
2195,2012_12,2012,12,경상남도,-0.21
2196,2013_01,2013,01,경상남도,-0.26
2197,2013_02,2013,02,경상남도,-0.12
2198,2013_03,2013,03,경상남도,0.05
2199,2013_04,2013,04,경상남도,0.27
2200,2013_05,2013,05,경상남도,0.31
2201,2013_06,2013,06,경상남도,0.07
2202,2013_07,2013,07,경상남도,0.01
2203,2013_08,2013,08,경상남도,-0.07
2204,2013_09,2013,09,경상남도,0.06
2205,2013_10,2013,10,경상남도,0.24
2206,2013_11,2013,11,경상남도,0.11
2207,2013_12,2013,12,경상남도,0.07
2208,2014_01,2014,01,경상남도,0.11
2209,2014_02,2014,02,경상남도,0.09
2210,2014_03,2014,03,경상남도,0.18
2211,2014_04,2014,04,경상남도,0.2
2212,2014_05,2014,05,경상남도,0.14
2213,2014_06,2014,06,경상남도,0.13
2214,2014_07,2014,07,경상남도,0.15
2215,2014_08,2014,08,경상남도,0.22
2216,2014_09,2014,09,경상남도,0.22
2217,2014_10,2014,10,경상남도,0.28
2218,2014_11,2014,11,경상남도,0.2
2219,2014_12,2014,12,경상남도,0.2
2220,2015_01,2015,01,경상남도,0.15
2221,2015_02,2015,02,경상남도,0.12
2222,2015_03,2015,03,경상남도,0.19
2223,2015_04,2015,04,경상남도,0.17
2224,2015_05,2015,05,경상남도,0.14
2225,2015_06,2015,06,경상남도,0.14
2226,2015_07,2015,07,경상남도,0.08
2227,2015_08,2015,08,경상남도,0.08
2228,2015_09,2015,09,경상남도,0.17
2229,2015_10,2015,10,경상남도,0.13
2230,2015_11,2015,11,경상남도,0.15
2231,2015_12,2015,12,경상남도,0.11
2232,2016_01,2016,01,경상남도,0.01
2233,2016_02,2016,02,경상남도,0.0
2234,2016_03,2016,03,경상남도,0.02
2235,2016_04,2016,04,경상남도,0.02
2236,2016_05,2016,05,경상남도,-0.04
2237,2016_06,2016,06,경상남도,-0.08
2238,2016_07,2016,07,경상남도,-0.07
2239,2016_08,2016,08,경상남도,-0.05
2240,2016_09,2016,09,경상남도,-0.07
2241,2016_10,2016,10,경상남도,-0.07
2242,2016_11,2016,11,경상남도,-0.09
2243,2016_12,2016,12,경상남도,-0.16
2244,2017_01,2017,01,경상남도,-0.06
2245,2017_02,2017,02,경상남도,-0.05
2246,2017_03,2017,03,경상남도,0.04
2247,2017_04,2017,04,경상남도,-0.07
2248,2017_05,2017,05,경상남도,-0.1
2249,2017_06,2017,06,경상남도,-0.08
2250,2017_07,2017,07,경상남도,-0.16
2251,2017_08,2017,08,경상남도,-0.17
2252,2017_09,2017,09,경상남도,-0.19
2253,2017_10,2017,10,경상남도,-0.25
2254,2017_11,2017,11,경상남도,-0.36
2255,2017_12,2017,12,경상남도,-0.19
2256,2018_01,2018,01,경상남도,-0.31
2257,2018_02,2018,02,경상남도,-0.24
2258,2018_03,2018,03,경상남도,-0.25
2259,2018_04,2018,04,경상남도,-0.29
2260,2018_05,2018,05,경상남도,-0.49
2261,2018_06,2018,06,경상남도,-0.46
2262,2018_07,2018,07,경상남도,-0.51
2263,2018_08,2018,08,경상남도,-0.65
2264,2018_09,2018,09,경상남도,-0.51
2265,2018_10,2018,10,경상남도,-0.43
2266,2018_11,2018,11,경상남도,-0.31
2267,2018_12,2018,12,경상남도,-0.46
2268,2019_01,2019,01,경상남도,-0.41
2269,2019_02,2019,02,경상남도,-0.26
2270,2019_03,2019,03,경상남도,-0.29
2271,2019_04,2019,04,경상남도,-0.33
2272,2019_05,2019,05,경상남도,-0.28
2273,2019_06,2019,06,경상남도,-0.32
2274,2019_07,2019,07,경상남도,-0.44
2275,2019_08,2019,08,경상남도,-0.4
2276,2019_09,2019,09,경상남도,-0.39
2277,2019_10,2019,10,경상남도,-0.31
2278,2019_11,2019,11,경상남도,-0.12
2279,2019_12,2019,12,경상남도,0.01
2280,2020_01,2020,01,경상남도,0.01
2281,2020_02,2020,02,경상남도,0.11
2282,2020_03,2020,03,경상남도,0.11
2283,2020_04,2020,04,경상남도,0.01
2284,2020_05,2020,05,경상남도,-0.07
2285,2020_06,2020,06,경상남도,0.15
2286,2020_07,2020,07,경상남도,0.36
2287,2020_08,2020,08,경상남도,0.2
2288,2020_09,2020,09,경상남도,0.13
2289,2020_10,2020,10,경상남도,0.08
2290,2020_11,2020,11,경상남도,0.35
2291,2020_12,2020,12,경상남도,1.26
2292,2021_01,2021,01,경상남도,0.69
2293,2021_02,2021,02,경상남도,0.37
2294,2021_03,2021,03,경상남도,0.33
2295,2021_04,2021,04,경상남도,0.41
2296,2021_05,2021,05,경상남도,0.41
2297,2021_06,2021,06,경상남도,0.55
2298,2021_07,2021,07,경상남도,0.42
2299,2021_08,2021,08,경상남도,0.59
2300,2021_09,2021,09,경상남도,0.62
2301,2021_10,2021,10,경상남도,0.81
2302,2021_11,2021,11,경상남도,0.74
2303,2021_12,2021,12,경상남도,0.35
2304,2010_01,2010,01,제주특별자치도,0.64
2305,2010_02,2010,02,제주특별자치도,0.26
2306,2010_03,2010,03,제주특별자치도,0.15
2307,2010_04,2010,04,제주특별자치도,0.24
2308,2010_05,2010,05,제주특별자치도,0.28
2309,2010_06,2010,06,제주특별자치도,1.18
2310,2010_07,2010,07,제주특별자치도,0.45
2311,2010_08,2010,08,제주특별자치도,0.09
2312,2010_09,2010,09,제주특별자치도,0.04
2313,2010_10,2010,10,제주특별자치도,0.44
2314,2010_11,2010,11,제주특별자치도,0.26
2315,2010_12,2010,12,제주특별자치도,0.53
2316,2011_01,2011,01,제주특별자치도,0.64
2317,2011_02,2011,02,제주특별자치도,1.18
2318,2011_03,2011,03,제주특별자치도,0.1
2319,2011_04,2011,04,제주특별자치도,0.11
2320,2011_05,2011,05,제주특별자치도,0
2321,2011_06,2011,06,제주특별자치도,0.14
2322,2011_07,2011,07,제주특별자치도,0.41
2323,2011_08,2011,08,제주특별자치도,0.64
2324,2011_09,2011,09,제주특별자치도,0.31
2325,2011_10,2011,10,제주특별자치도,0.66
2326,2011_11,2011,11,제주특별자치도,0.41
2327,2011_12,2011,12,제주특별자치도,0.52
2328,2012_01,2012,01,제주특별자치도,1
2329,2012_02,2012,02,제주특별자치도,1.21
2330,2012_03,2012,03,제주특별자치도,0.17
2331,2012_04,2012,04,제주특별자치도,0.37
2332,2012_05,2012,05,제주특별자치도,0.9
2333,2012_06,2012,06,제주특별자치도,0
2334,2012_07,2012,07,제주특별자치도,0.04
2335,2012_08,2012,08,제주특별자치도,0.03
2336,2012_09,2012,09,제주특별자치도,-0.01
2337,2012_10,2012,10,제주특별자치도,0
2338,2012_11,2012,11,제주특별자치도,-0.02
2339,2012_12,2012,12,제주특별자치도,-0.05
2340,2013_01,2013,01,제주특별자치도,-0.06
2341,2013_02,2013,02,제주특별자치도,-0.01
2342,2013_03,2013,03,제주특별자치도,-0.01
2343,2013_04,2013,04,제주특별자치도,-0.04
2344,2013_05,2013,05,제주특별자치도,-0.03
2345,2013_06,2013,06,제주특별자치도,0.01
2346,2013_07,2013,07,제주특별자치도,-0.02
2347,2013_08,2013,08,제주특별자치도,-0.09
2348,2013_09,2013,09,제주특별자치도,-0.06
2349,2013_10,2013,10,제주특별자치도,0.06
2350,2013_11,2013,11,제주특별자치도,0.13
2351,2013_12,2013,12,제주특별자치도,0.36
2352,2014_01,2014,01,제주특별자치도,0.28
2353,2014_02,2014,02,제주특별자치도,0.1
2354,2014_03,2014,03,제주특별자치도,-0.01
2355,2014_04,2014,04,제주특별자치도,0.02
2356,2014_05,2014,05,제주특별자치도,0.0
2357,2014_06,2014,06,제주특별자치도,-0.14
2358,2014_07,2014,07,제주특별자치도,0.05
2359,2014_08,2014,08,제주특별자치도,0.11
2360,2014_09,2014,09,제주특별자치도,0.11
2361,2014_10,2014,10,제주특별자치도,0.17
2362,2014_11,2014,11,제주특별자치도,0.12
2363,2014_12,2014,12,제주특별자치도,0.61
2364,2015_01,2015,01,제주특별자치도,0.57
2365,2015_02,2015,02,제주특별자치도,0.4
2366,2015_03,2015,03,제주특별자치도,0.48
2367,2015_04,2015,04,제주특별자치도,0.35
2368,2015_05,2015,05,제주특별자치도,0.26
2369,2015_06,2015,06,제주특별자치도,0.45
2370,2015_07,2015,07,제주특별자치도,0.82
2371,2015_08,2015,08,제주특별자치도,0.56
2372,2015_09,2015,09,제주특별자치도,0.63
2373,2015_10,2015,10,제주특별자치도,0.49
2374,2015_11,2015,11,제주특별자치도,1.02
2375,2015_12,2015,12,제주특별자치도,1.78
2376,2016_01,2016,01,제주특별자치도,2.05
2377,2016_02,2016,02,제주특별자치도,0.99
2378,2016_03,2016,03,제주특별자치도,0.44
2379,2016_04,2016,04,제주특별자치도,0.21
2380,2016_05,2016,05,제주특별자치도,0.0
2381,2016_06,2016,06,제주특별자치도,0.03
2382,2016_07,2016,07,제주특별자치도,0.03
2383,2016_08,2016,08,제주특별자치도,0.07
2384,2016_09,2016,09,제주특별자치도,0.13
2385,2016_10,2016,10,제주특별자치도,0.16
2386,2016_11,2016,11,제주특별자치도,0.24
2387,2016_12,2016,12,제주특별자치도,0.22
2388,2017_01,2017,01,제주특별자치도,0.14
2389,2017_02,2017,02,제주특별자치도,0.06
2390,2017_03,2017,03,제주특별자치도,0.03
2391,2017_04,2017,04,제주특별자치도,0.04
2392,2017_05,2017,05,제주특별자치도,-0.01
2393,2017_06,2017,06,제주특별자치도,-0.02
2394,2017_07,2017,07,제주특별자치도,0.19
2395,2017_08,2017,08,제주특별자치도,0.32
2396,2017_09,2017,09,제주특별자치도,0.31
2397,2017_10,2017,10,제주특별자치도,0.21
2398,2017_11,2017,11,제주특별자치도,0.21
2399,2017_12,2017,12,제주특별자치도,0.17
2400,2018_01,2018,01,제주특별자치도,0.09
2401,2018_02,2018,02,제주특별자치도,0.17
2402,2018_03,2018,03,제주특별자치도,0.08
2403,2018_04,2018,04,제주특별자치도,-0.02
2404,2018_05,2018,05,제주특별자치도,-0.04
2405,2018_06,2018,06,제주특별자치도,0.08
2406,2018_07,2018,07,제주특별자치도,0.04
2407,2018_08,2018,08,제주특별자치도,-0.04
2408,2018_09,2018,09,제주특별자치도,0.2
2409,2018_10,2018,10,제주특별자치도,0.05
2410,2018_11,2018,11,제주특별자치도,0.21
2411,2018_12,2018,12,제주특별자치도,0.14
2412,2019_01,2019,01,제주특별자치도,-0.05
2413,2019_02,2019,02,제주특별자치도,-0.01
2414,2019_03,2019,03,제주특별자치도,-0.03
2415,2019_04,2019,04,제주특별자치도,-0.04
2416,2019_05,2019,05,제주특별자치도,-0.03
2417,2019_06,2019,06,제주특별자치도,-0.15
2418,2019_07,2019,07,제주특별자치도,-0.3
2419,2019_08,2019,08,제주특별자치도,-0.34
2420,2019_09,2019,09,제주특별자치도,-0.37
2421,2019_10,2019,10,제주특별자치도,-0.47
2422,2019_11,2019,11,제주특별자치도,-0.53
2423,2019_12,2019,12,제주특별자치도,-0.53
2424,2020_01,2020,01,제주특별자치도,-0.31
2425,2020_02,2020,02,제주특별자치도,-0.25
2426,2020_03,2020,03,제주특별자치도,-0.25
2427,2020_04,2020,04,제주특별자치도,-0.29
2428,2020_05,2020,05,제주특별자치도,-0.28
2429,2020_06,2020,06,제주특별자치도,-0.24
2430,2020_07,2020,07,제주특별자치도,-0.14
2431,2020_08,2020,08,제주특별자치도,-0.1
2432,2020_09,2020,09,제주특별자치도,-0.09
2433,2020_10,2020,10,제주특별자치도,-0.11
2434,2020_11,2020,11,제주특별자치도,-0.06
2435,2020_12,2020,12,제주특별자치도,0.0
2436,2021_01,2021,01,제주특별자치도,0.12
2437,2021_02,2021,02,제주특별자치도,0.15
2438,2021_03,2021,03,제주특별자치도,0.1
2439,2021_04,2021,04,제주특별자치도,0.18
2440,2021_05,2021,05,제주특별자치도,0.59
2441,2021_06,2021,06,제주특별자치도,1.34
2442,2021_07,2021,07,제주특별자치도,0.73
2443,2021_08,2021,08,제주특별자치도,0.96
2444,2021_09,2021,09,제주특별자치도,0.85
2445,2021_10,2021,10,제주특별자치도,0.75
2446,2021_11,2021,11,제주특별자치도,0.41
2447,2021_12,2021,12,제주특별자치도,0.21
