,년월,연도,월,시도,사용량,주택가격변동률
0,2010_1,2010,1,강원도,1480180,0.13
1,2010_1,2010,1,경기도,8725482,-0.06
2,2010_1,2010,1,경상남도,2922775,0.19
3,2010_1,2010,1,경상북도,3743904,-0.01
4,2010_1,2010,1,광주광역시,712924,0.07
5,2010_1,2010,1,대구광역시,1331473,0.09
6,2010_1,2010,1,대전광역시,826373,0.63
7,2010_1,2010,1,부산광역시,1848492,0.36
8,2010_1,2010,1,서울특별시,4398183,0.13
9,2010_1,2010,1,세종특별자치시,0,0
10,2010_1,2010,1,울산광역시,2259608,0.24
11,2010_1,2010,1,인천광역시,2016429,0.05
12,2010_1,2010,1,전라남도,2233687,0.31
13,2010_1,2010,1,전라북도,1707366,0.28
14,2010_1,2010,1,제주특별자치도,325800,0.64
15,2010_1,2010,1,충청남도,3408166,0.03
16,2010_1,2010,1,충청북도,1755905,0.14
17,2011_1,2011,1,강원도,1582163,0.22
18,2011_1,2011,1,경기도,9555286,0.04
19,2011_1,2011,1,경상남도,3190181,0.55
20,2011_1,2011,1,경상북도,4066080,0.02
21,2011_1,2011,1,광주광역시,757197,0.09
22,2011_1,2011,1,대구광역시,1418812,0.11
23,2011_1,2011,1,대전광역시,877248,0.93
24,2011_1,2011,1,부산광역시,1976059,0.76
25,2011_1,2011,1,서울특별시,4562632,0.23
26,2011_1,2011,1,세종특별자치시,0,0
27,2011_1,2011,1,울산광역시,2424031,0.41
28,2011_1,2011,1,인천광역시,2160417,0.02
29,2011_1,2011,1,전라남도,2439025,0.42
30,2011_1,2011,1,전라북도,1936356,0.54
31,2011_1,2011,1,제주특별자치도,349747,0.26
32,2011_1,2011,1,충청남도,3898086,0.12
33,2011_1,2011,1,충청북도,1905758,0.38
34,2012_1,2012,1,강원도,1595626,0.31
35,2012_1,2012,1,경기도,9415681,0.01
36,2012_1,2012,1,경상남도,3044516,0.7
37,2012_1,2012,1,경상북도,3952918,0.01
38,2012_1,2012,1,광주광역시,735756,-0.01
39,2012_1,2012,1,대구광역시,1386340,0.03
40,2012_1,2012,1,대전광역시,849569,0.5
41,2012_1,2012,1,부산광역시,1880756,0.95
42,2012_1,2012,1,서울특별시,4349335,0.07
43,2012_1,2012,1,세종특별자치시,0,0
44,2012_1,2012,1,울산광역시,2492260,0.26
45,2012_1,2012,1,인천광역시,2070192,0.03
46,2012_1,2012,1,전라남도,2487117,0.7
47,2012_1,2012,1,전라북도,1995371,0.52
48,2012_1,2012,1,제주특별자치도,355968,0.15
49,2012_1,2012,1,충청남도,3954327,0.12
50,2012_1,2012,1,충청북도,1903933,0.38
51,2013_1,2013,1,강원도,1612242,0.19
52,2013_1,2013,1,경기도,10001523,-0.11
53,2013_1,2013,1,경상남도,3232239,0.66
54,2013_1,2013,1,경상북도,4048362,-0.05
55,2013_1,2013,1,광주광역시,748024,0.08
56,2013_1,2013,1,대구광역시,1437877,0.2
57,2013_1,2013,1,대전광역시,889173,0.62
58,2013_1,2013,1,부산광역시,1919106,1.13
59,2013_1,2013,1,서울특별시,4486310,-0.02
60,2013_1,2013,1,세종특별자치시,215974,0
61,2013_1,2013,1,울산광역시,2600360,0.36
62,2013_1,2013,1,인천광역시,2193461,-0.16
63,2013_1,2013,1,전라남도,2616869,0.4
64,2013_1,2013,1,전라북도,1955358,0.47
65,2013_1,2013,1,제주특별자치도,373763,0.24
66,2013_1,2013,1,충청남도,4111575,-0.14
67,2013_1,2013,1,충청북도,2030193,0.4
68,2014_1,2014,1,강원도,1559679,0.06
69,2014_1,2014,1,경기도,9668916,-0.48
70,2014_1,2014,1,경상남도,3176345,0.91
71,2014_1,2014,1,경상북도,4164536,-0.09
72,2014_1,2014,1,광주광역시,753936,0.21
73,2014_1,2014,1,대구광역시,1377672,0.09
74,2014_1,2014,1,대전광역시,841296,0.68
75,2014_1,2014,1,부산광역시,1817342,0.91
76,2014_1,2014,1,서울특별시,4155574,-0.25
77,2014_1,2014,1,세종특별자치시,219354,0
78,2014_1,2014,1,울산광역시,2585455,0.42
79,2014_1,2014,1,인천광역시,2073838,-0.24
80,2014_1,2014,1,전라남도,2668850,0.33
81,2014_1,2014,1,전라북도,2059548,0.48
82,2014_1,2014,1,제주특별자치도,395005,0.28
83,2014_1,2014,1,충청남도,4240903,0.13
84,2014_1,2014,1,충청북도,2000165,0.42
85,2015_1,2015,1,강원도,1617029,0.1
86,2015_1,2015,1,경기도,10014789,-0.46
87,2015_1,2015,1,경상남도,3299663,0.99
88,2015_1,2015,1,경상북도,4222897,-0.22
89,2015_1,2015,1,광주광역시,776667,-0.02
90,2015_1,2015,1,대구광역시,1417385,-0.02
91,2015_1,2015,1,대전광역시,875517,0.28
92,2015_1,2015,1,부산광역시,1862691,0.72
93,2015_1,2015,1,서울특별시,4281117,-0.24
94,2015_1,2015,1,세종특별자치시,238758,0
95,2015_1,2015,1,울산광역시,2625576,0.13
96,2015_1,2015,1,인천광역시,2170984,-0.21
97,2015_1,2015,1,전라남도,3036414,0.11
98,2015_1,2015,1,전라북도,2120976,0.84
99,2015_1,2015,1,제주특별자치도,418867,1.18
100,2015_1,2015,1,충청남도,4327257,0.07
101,2015_1,2015,1,충청북도,2116715,0.59
102,2016_1,2016,1,강원도,1571855,0.29
103,2016_1,2016,1,경기도,9959962,-0.71
104,2016_1,2016,1,경상남도,3246347,0.52
105,2016_1,2016,1,경상북도,3973144,-0.31
106,2016_1,2016,1,광주광역시,753434,-0.07
107,2016_1,2016,1,대구광역시,1371791,-0.02
108,2016_1,2016,1,대전광역시,846242,0.18
109,2016_1,2016,1,부산광역시,1810693,0.53
110,2016_1,2016,1,서울특별시,4151770,-0.34
111,2016_1,2016,1,세종특별자치시,248816,0
112,2016_1,2016,1,울산광역시,2710223,0.13
113,2016_1,2016,1,인천광역시,2160095,-0.42
114,2016_1,2016,1,전라남도,2895725,0.14
115,2016_1,2016,1,전라북도,2097896,0.92
116,2016_1,2016,1,제주특별자치도,428947,0.45
117,2016_1,2016,1,충청남도,4278712,-0.04
118,2016_1,2016,1,충청북도,2124764,0.3
119,2017_1,2017,1,강원도,1579863,0.19
120,2017_1,2017,1,경기도,10297551,-0.49
121,2017_1,2017,1,경상남도,3192935,0.72
122,2017_1,2017,1,경상북도,4016218,-0.14
123,2017_1,2017,1,광주광역시,765086,0.06
124,2017_1,2017,1,대구광역시,1391376,0.07
125,2017_1,2017,1,대전광역시,848529,0.47
126,2017_1,2017,1,부산광역시,1823489,0.49
127,2017_1,2017,1,서울특별시,4139967,-0.38
128,2017_1,2017,1,세종특별자치시,256178,0
129,2017_1,2017,1,울산광역시,2693958,0.03
130,2017_1,2017,1,인천광역시,2171785,-0.28
131,2017_1,2017,1,전라남도,2966421,0.09
132,2017_1,2017,1,전라북도,2038012,0.38
133,2017_1,2017,1,제주특별자치도,442925,0.09
134,2017_1,2017,1,충청남도,4362665,-0.1
135,2017_1,2017,1,충청북도,2209997,0.27
136,2018_1,2018,1,강원도,1668339,-0.04
137,2018_1,2018,1,경기도,11415963,-0.17
138,2018_1,2018,1,경상남도,3393372,0.71
139,2018_1,2018,1,경상북도,4179139,-0.01
140,2018_1,2018,1,광주광역시,807536,0.13
141,2018_1,2018,1,대구광역시,1465797,0.13
142,2018_1,2018,1,대전광역시,905302,0.44
143,2018_1,2018,1,부산광역시,1966689,0.7
144,2018_1,2018,1,서울특별시,4477102,-0.19
145,2018_1,2018,1,세종특별자치시,281364,0
146,2018_1,2018,1,울산광역시,2798813,0.19
147,2018_1,2018,1,인천광역시,2348574,-0.3
148,2018_1,2018,1,전라남도,3016089,0.22
149,2018_1,2018,1,전라북도,2152748,0.59
150,2018_1,2018,1,제주특별자치도,490242,0.04
151,2018_1,2018,1,충청남도,4628992,0.08
152,2018_1,2018,1,충청북도,2365631,0.48
153,2019_1,2019,1,강원도,1660463,0.06
154,2019_1,2019,1,경기도,11610400,-0.13
155,2019_1,2019,1,경상남도,3364894,0.89
156,2019_1,2019,1,경상북도,4165072,0.1
157,2019_1,2019,1,광주광역시,801473,0.3
158,2019_1,2019,1,대구광역시,1437112,0.24
159,2019_1,2019,1,대전광역시,884590,0.74
160,2019_1,2019,1,부산광역시,1906812,1.07
161,2019_1,2019,1,서울특별시,4416889,-0.12
162,2019_1,2019,1,세종특별자치시,292025,0
163,2019_1,2019,1,울산광역시,3013786,0.16
164,2019_1,2019,1,인천광역시,2309124,-0.1
165,2019_1,2019,1,전라남도,2960741,0.22
166,2019_1,2019,1,전라북도,2059375,0.39
167,2019_1,2019,1,제주특별자치도,504995,0.44
168,2019_1,2019,1,충청남도,4792097,0.02
169,2019_1,2019,1,충청북도,2464536,0.47
170,2020_1,2020,1,강원도,1547410,0.14
171,2020_1,2020,1,경기도,11278340,-0.03
172,2020_1,2020,1,경상남도,3168932,1.78
173,2020_1,2020,1,경상북도,3760339,0.38
174,2020_1,2020,1,광주광역시,756532,0.38
175,2020_1,2020,1,대구광역시,1361827,0.35
176,2020_1,2020,1,대전광역시,853129,0.85
177,2020_1,2020,1,부산광역시,1832430,1.33
178,2020_1,2020,1,서울특별시,4197026,-0.06
179,2020_1,2020,1,세종특별자치시,288845,0
180,2020_1,2020,1,울산광역시,2913837,0.46
181,2020_1,2020,1,인천광역시,2108033,-0.12
182,2020_1,2020,1,전라남도,2773472,0.56
183,2020_1,2020,1,전라북도,2022692,0.51
184,2020_1,2020,1,제주특별자치도,491120,0.26
185,2020_1,2020,1,충청남도,4571805,0.18
186,2020_1,2020,1,충청북도,2401135,0.66
187,2021_1,2021,1,강원도,1629812,0.19
188,2021_1,2021,1,경기도,12319589,0.05
189,2021_1,2021,1,경상남도,3449241,1.54
190,2021_1,2021,1,경상북도,3998481,0.19
191,2021_1,2021,1,광주광역시,811864,0.63
192,2021_1,2021,1,대구광역시,1443838,0.26
193,2021_1,2021,1,대전광역시,912804,1.1
194,2021_1,2021,1,부산광역시,1862280,1.18
195,2021_1,2021,1,서울특별시,4400410,0.03
196,2021_1,2021,1,세종특별자치시,334176,0
197,2021_1,2021,1,울산광역시,2943785,0.18
198,2021_1,2021,1,인천광역시,2258624,-0.05
199,2021_1,2021,1,전라남도,2844658,0.24
200,2021_1,2021,1,전라북도,1997136,0.59
201,2021_1,2021,1,제주특별자치도,518258,0.53
202,2021_1,2021,1,충청남도,4434196,0.11
203,2021_1,2021,1,충청북도,2596409,0.59
204,2010_2,2010,2,강원도,1382020,0.28
205,2010_2,2010,2,경기도,8341902,0.14
206,2010_2,2010,2,경상남도,2719682,1.45
207,2010_2,2010,2,경상북도,3471888,0.4
208,2010_2,2010,2,광주광역시,682498,0.57
209,2010_2,2010,2,대구광역시,1269135,0.32
210,2010_2,2010,2,대전광역시,778458,0.99
211,2010_2,2010,2,부산광역시,1731722,1.17
212,2010_2,2010,2,서울특별시,4168168,0.17
213,2010_2,2010,2,세종특별자치시,0,0
214,2010_2,2010,2,울산광역시,2042581,0.59
215,2010_2,2010,2,인천광역시,1841774,-0.03
216,2010_2,2010,2,전라남도,2005193,0.3
217,2010_2,2010,2,전라북도,1592103,0.59
218,2010_2,2010,2,제주특별자치도,317412,0.64
219,2010_2,2010,2,충청남도,3188393,0.13
220,2010_2,2010,2,충청북도,1675101,0.74
221,2011_2,2011,2,강원도,1520498,0.54
222,2011_2,2011,2,경기도,8918913,0.38
223,2011_2,2011,2,경상남도,2931864,1.97
224,2011_2,2011,2,경상북도,3684612,0.24
225,2011_2,2011,2,광주광역시,717292,1.39
226,2011_2,2011,2,대구광역시,1336667,0.8
227,2011_2,2011,2,대전광역시,825822,1.71
228,2011_2,2011,2,부산광역시,1837733,1.63
229,2011_2,2011,2,서울특별시,4264449,0.23
230,2011_2,2011,2,세종특별자치시,0,0
231,2011_2,2011,2,울산광역시,2121380,0.97
232,2011_2,2011,2,인천광역시,1883873,0.13
233,2011_2,2011,2,전라남도,2252039,0.45
234,2011_2,2011,2,전라북도,1841244,1.31
235,2011_2,2011,2,제주특별자치도,341807,1.18
236,2011_2,2011,2,충청남도,3586953,0.26
237,2011_2,2011,2,충청북도,1767686,1.16
238,2012_2,2012,2,강원도,1546100,0.69
239,2012_2,2012,2,경기도,9311873,0.45
240,2012_2,2012,2,경상남도,3129982,3.32
241,2012_2,2012,2,경상북도,3832480,0.81
242,2012_2,2012,2,광주광역시,737378,1.66
243,2012_2,2012,2,대구광역시,1375774,0.93
244,2012_2,2012,2,대전광역시,846326,1.54
245,2012_2,2012,2,부산광역시,1890655,1.96
246,2012_2,2012,2,서울특별시,4298788,0.22
247,2012_2,2012,2,세종특별자치시,0,0
248,2012_2,2012,2,울산광역시,2398278,1.48
249,2012_2,2012,2,인천광역시,2070475,0.15
250,2012_2,2012,2,전라남도,2382964,0.67
251,2012_2,2012,2,전라북도,1959294,0.8
252,2012_2,2012,2,제주특별자치도,358007,0.1
253,2012_2,2012,2,충청남도,3877003,0.83
254,2012_2,2012,2,충청북도,1900372,1.87
255,2013_2,2013,2,강원도,1494196,1.16
256,2013_2,2013,2,경기도,9265981,0.39
257,2013_2,2013,2,경상남도,3003028,5.53
258,2013_2,2013,2,경상북도,3717744,0.66
259,2013_2,2013,2,광주광역시,709493,2.53
260,2013_2,2013,2,대구광역시,1336301,1.1
261,2013_2,2013,2,대전광역시,824259,1.56
262,2013_2,2013,2,부산광역시,1793538,3.5
263,2013_2,2013,2,서울특별시,4189413,0.14
264,2013_2,2013,2,세종특별자치시,198312,0
265,2013_2,2013,2,울산광역시,2307962,1.52
266,2013_2,2013,2,인천광역시,1981709,0.06
267,2013_2,2013,2,전라남도,2462649,1.01
268,2013_2,2013,2,전라북도,1840946,1.45
269,2013_2,2013,2,제주특별자치도,370123,0.11
270,2013_2,2013,2,충청남도,3622246,1.03
271,2013_2,2013,2,충청북도,1878491,1.09
272,2014_2,2014,2,강원도,1447941,-0.26
273,2014_2,2014,2,경기도,9131444,0
274,2014_2,2014,2,경상남도,3029916,0.59
275,2014_2,2014,2,경상북도,3841506,0.15
276,2014_2,2014,2,광주광역시,723756,0.59
277,2014_2,2014,2,대구광역시,1314569,0.19
278,2014_2,2014,2,대전광역시,806306,-0.82
279,2014_2,2014,2,부산광역시,1741473,0.5
280,2014_2,2014,2,서울특별시,3974971,0.13
281,2014_2,2014,2,세종특별자치시,201659,0
282,2014_2,2014,2,울산광역시,2369736,0.38
283,2014_2,2014,2,인천광역시,1927635,-0.08
284,2014_2,2014,2,전라남도,2541771,0.64
285,2014_2,2014,2,전라북도,1936290,0.24
286,2014_2,2014,2,제주특별자치도,392464,0
287,2014_2,2014,2,충청남도,3924659,0.46
288,2014_2,2014,2,충청북도,1900973,0.16
289,2015_2,2015,2,강원도,1498837,1.52
290,2015_2,2015,2,경기도,9380604,0.02
291,2015_2,2015,2,경상남도,3071402,1.13
292,2015_2,2015,2,경상북도,3806760,0.46
293,2015_2,2015,2,광주광역시,741223,1.59
294,2015_2,2015,2,대구광역시,1344788,0.77
295,2015_2,2015,2,대전광역시,815725,1.89
296,2015_2,2015,2,부산광역시,1736816,1.13
297,2015_2,2015,2,서울특별시,4023566,-0.02
298,2015_2,2015,2,세종특별자치시,222786,0
299,2015_2,2015,2,울산광역시,2374187,0.99
300,2015_2,2015,2,인천광역시,1944363,-0.15
301,2015_2,2015,2,전라남도,2613495,0.93
302,2015_2,2015,2,전라북도,1932315,0.9
303,2015_2,2015,2,제주특별자치도,421680,0.14
304,2015_2,2015,2,충청남도,3927672,0.4
305,2015_2,2015,2,충청북도,1952327,0.95
306,2016_2,2016,2,강원도,1550976,1.34
307,2016_2,2016,2,경기도,9892365,0.02
308,2016_2,2016,2,경상남도,3162965,0.84
309,2016_2,2016,2,경상북도,3756360,0.32
310,2016_2,2016,2,광주광역시,756943,1.37
311,2016_2,2016,2,대구광역시,1364933,0.62
312,2016_2,2016,2,대전광역시,844537,1.51
313,2016_2,2016,2,부산광역시,1802496,1.02
314,2016_2,2016,2,서울특별시,4174917,-0.07
315,2016_2,2016,2,세종특별자치시,239143,0
316,2016_2,2016,2,울산광역시,2579198,0.72
317,2016_2,2016,2,인천광역시,2022911,-0.2
318,2016_2,2016,2,전라남도,2775291,0.15
319,2016_2,2016,2,전라북도,1993238,0.91
320,2016_2,2016,2,제주특별자치도,447375,0.41
321,2016_2,2016,2,충청남도,4101465,0.82
322,2016_2,2016,2,충청북도,2105112,1.68
323,2017_2,2017,2,강원도,1570620,3.04
324,2017_2,2017,2,경기도,10228593,0.1
325,2017_2,2017,2,경상남도,3216892,0.98
326,2017_2,2017,2,경상북도,3858427,0.46
327,2017_2,2017,2,광주광역시,773394,1.36
328,2017_2,2017,2,대구광역시,1375375,0.76
329,2017_2,2017,2,대전광역시,848651,1.26
330,2017_2,2017,2,부산광역시,1824630,0.92
331,2017_2,2017,2,서울특별시,4166700,0.12
332,2017_2,2017,2,세종특별자치시,254773,0
333,2017_2,2017,2,울산광역시,2492173,0.69
334,2017_2,2017,2,인천광역시,2146147,-0.29
335,2017_2,2017,2,전라남도,2784465,0.54
336,2017_2,2017,2,전라북도,2027150,1.05
337,2017_2,2017,2,제주특별자치도,462912,0.64
338,2017_2,2017,2,충청남도,4225252,0.74
339,2017_2,2017,2,충청북도,2166244,1.32
340,2018_2,2018,2,강원도,1674745,1.3
341,2018_2,2018,2,경기도,11183300,0.12
342,2018_2,2018,2,경상남도,3258151,1.3
343,2018_2,2018,2,경상북도,3978655,0.66
344,2018_2,2018,2,광주광역시,798506,1.71
345,2018_2,2018,2,대구광역시,1433194,0.94
346,2018_2,2018,2,대전광역시,885432,1.22
347,2018_2,2018,2,부산광역시,1898871,0.95
348,2018_2,2018,2,서울특별시,4469940,-0.02
349,2018_2,2018,2,세종특별자치시,269702,0
350,2018_2,2018,2,울산광역시,2600426,0.95
351,2018_2,2018,2,인천광역시,2195442,-0.28
352,2018_2,2018,2,전라남도,2885332,0.7
353,2018_2,2018,2,전라북도,2037531,1.36
354,2018_2,2018,2,제주특별자치도,511137,0.31
355,2018_2,2018,2,충청남도,4387240,0.82
356,2018_2,2018,2,충청북도,2282183,1.45
357,2019_2,2019,2,강원도,1512411,0.93
358,2019_2,2019,2,경기도,10712180,0.07
359,2019_2,2019,2,경상남도,3043750,0.87
360,2019_2,2019,2,경상북도,3733473,0.64
361,2019_2,2019,2,광주광역시,741799,0.98
362,2019_2,2019,2,대구광역시,1327236,0.68
363,2019_2,2019,2,대전광역시,814190,0.75
364,2019_2,2019,2,부산광역시,1753708,0.85
365,2019_2,2019,2,서울특별시,4127699,-0.01
366,2019_2,2019,2,세종특별자치시,266668,0
367,2019_2,2019,2,울산광역시,2621410,0.9
368,2019_2,2019,2,인천광역시,2028323,-0.36
369,2019_2,2019,2,전라남도,2731063,0.61
370,2019_2,2019,2,전라북도,1898888,0.91
371,2019_2,2019,2,제주특별자치도,505067,0.66
372,2019_2,2019,2,충청남도,4297030,0.71
373,2019_2,2019,2,충청북도,2238691,1.08
374,2020_2,2020,2,강원도,1501655,1.08
375,2020_2,2020,2,경기도,10853826,-0.01
376,2020_2,2020,2,경상남도,3125833,0.65
377,2020_2,2020,2,경상북도,3562814,0.85
378,2020_2,2020,2,광주광역시,740068,0.62
379,2020_2,2020,2,대구광역시,1314568,1.05
380,2020_2,2020,2,대전광역시,830839,0.19
381,2020_2,2020,2,부산광역시,1782217,0.96
382,2020_2,2020,2,서울특별시,4037392,-0.08
383,2020_2,2020,2,세종특별자치시,283275,0
384,2020_2,2020,2,울산광역시,2707435,1.8
385,2020_2,2020,2,인천광역시,2062334,-0.35
386,2020_2,2020,2,전라남도,2619058,1.19
387,2020_2,2020,2,전라북도,1903234,0.86
388,2020_2,2020,2,제주특별자치도,492245,0.41
389,2020_2,2020,2,충청남도,4377240,0.83
390,2020_2,2020,2,충청북도,2304328,0.76
391,2021_2,2021,2,강원도,1539605,0.52
392,2021_2,2021,2,경기도,11464174,-0.1
393,2021_2,2021,2,경상남도,3131331,0.16
394,2021_2,2021,2,경상북도,3673374,0.56
395,2021_2,2021,2,광주광역시,767227,0.37
396,2021_2,2021,2,대구광역시,1342988,0.49
397,2021_2,2021,2,대전광역시,847141,-0.06
398,2021_2,2021,2,부산광역시,1762335,0.32
399,2021_2,2021,2,서울특별시,4134045,-0.12
400,2021_2,2021,2,세종특별자치시,304010,0
401,2021_2,2021,2,울산광역시,2646795,0.78
402,2021_2,2021,2,인천광역시,2089431,-0.2
403,2021_2,2021,2,전라남도,2738900,1.18
404,2021_2,2021,2,전라북도,1830234,0.81
405,2021_2,2021,2,제주특별자치도,503324,0.52
406,2021_2,2021,2,충청남도,4039445,0.33
407,2021_2,2021,2,충청북도,2373601,0.56
408,2010_3,2010,3,강원도,1308429,1.53
409,2010_3,2010,3,경기도,7574084,-0.16
410,2010_3,2010,3,경상남도,2648326,0.29
411,2010_3,2010,3,경상북도,3484251,0.7
412,2010_3,2010,3,광주광역시,632293,0.8
413,2010_3,2010,3,대구광역시,1172936,1.56
414,2010_3,2010,3,대전광역시,716986,-0.24
415,2010_3,2010,3,부산광역시,1635276,0
416,2010_3,2010,3,서울특별시,3624186,-0.16
417,2010_3,2010,3,세종특별자치시,0,0
418,2010_3,2010,3,울산광역시,2179708,0.9
419,2010_3,2010,3,인천광역시,1797828,-0.14
420,2010_3,2010,3,전라남도,2027921,0.63
421,2010_3,2010,3,전라북도,1572336,0.91
422,2010_3,2010,3,제주특별자치도,284038,1
423,2010_3,2010,3,충청남도,3236855,0.67
424,2010_3,2010,3,충청북도,1658672,0.48
425,2011_3,2011,3,강원도,1420666,0.37
426,2011_3,2011,3,경기도,8206234,-0.05
427,2011_3,2011,3,경상남도,2874490,-0.06
428,2011_3,2011,3,경상북도,3779253,0.15
429,2011_3,2011,3,광주광역시,672951,-0.03
430,2011_3,2011,3,대구광역시,1234507,0.38
431,2011_3,2011,3,대전광역시,757165,-0.33
432,2011_3,2011,3,부산광역시,1704632,-0.19
433,2011_3,2011,3,서울특별시,3736362,-0.14
434,2011_3,2011,3,세종특별자치시,0,0
435,2011_3,2011,3,울산광역시,2302130,0.75
436,2011_3,2011,3,인천광역시,1925528,-0.15
437,2011_3,2011,3,전라남도,2249390,-0.09
438,2011_3,2011,3,전라북도,1823953,0.12
439,2011_3,2011,3,제주특별자치도,301595,1.21
440,2011_3,2011,3,충청남도,3649257,0.1
441,2011_3,2011,3,충청북도,1795514,0.22
442,2012_3,2012,3,강원도,1471927,0.3
443,2012_3,2012,3,경기도,8665829,-0.17
444,2012_3,2012,3,경상남도,2976283,0.18
445,2012_3,2012,3,경상북도,3959571,0.43
446,2012_3,2012,3,광주광역시,696422,0.51
447,2012_3,2012,3,대구광역시,1281521,0.48
448,2012_3,2012,3,대전광역시,785989,-0.15
449,2012_3,2012,3,부산광역시,1794675,-0.13
450,2012_3,2012,3,서울특별시,3837539,-0.33
451,2012_3,2012,3,세종특별자치시,0,0
452,2012_3,2012,3,울산광역시,2488226,0.62
453,2012_3,2012,3,인천광역시,1938203,-0.21
454,2012_3,2012,3,전라남도,2322324,0.09
455,2012_3,2012,3,전라북도,1932255,0.45
456,2012_3,2012,3,제주특별자치도,332926,0.17
457,2012_3,2012,3,충청남도,3944672,0.37
458,2012_3,2012,3,충청북도,1879751,0.37
459,2013_3,2013,3,강원도,1401610,0.26
460,2013_3,2013,3,경기도,8564516,-0.2
461,2013_3,2013,3,경상남도,2852239,-0.12
462,2013_3,2013,3,경상북도,3862004,0.26
463,2013_3,2013,3,광주광역시,658528,0.25
464,2013_3,2013,3,대구광역시,1214829,0.42
465,2013_3,2013,3,대전광역시,752100,-0.24
466,2013_3,2013,3,부산광역시,1660595,-0.21
467,2013_3,2013,3,서울특별시,3652776,-0.48
468,2013_3,2013,3,세종특별자치시,193991,0
469,2013_3,2013,3,울산광역시,2359822,0.65
470,2013_3,2013,3,인천광역시,1914157,-0.12
471,2013_3,2013,3,전라남도,2561902,0.35
472,2013_3,2013,3,전라북도,1884301,0.13
473,2013_3,2013,3,제주특별자치도,331589,0.37
474,2013_3,2013,3,충청남도,3808302,0.31
475,2013_3,2013,3,충청북도,1831061,0.48
476,2014_3,2014,3,강원도,1394556,0.07
477,2014_3,2014,3,경기도,8604750,-0.25
478,2014_3,2014,3,경상남도,2944134,-0.16
479,2014_3,2014,3,경상북도,4015412,0.26
480,2014_3,2014,3,광주광역시,683278,0.47
481,2014_3,2014,3,대구광역시,1246283,0.23
482,2014_3,2014,3,대전광역시,757265,-0.22
483,2014_3,2014,3,부산광역시,1675854,-0.24
484,2014_3,2014,3,서울특별시,3547923,-0.39
485,2014_3,2014,3,세종특별자치시,208030,0
486,2014_3,2014,3,울산광역시,2565806,0.58
487,2014_3,2014,3,인천광역시,1876836,-0.36
488,2014_3,2014,3,전라남도,2804619,0.12
489,2014_3,2014,3,전라북도,1930533,-0.11
490,2014_3,2014,3,제주특별자치도,359620,0.9
491,2014_3,2014,3,충청남도,4085945,0.32
492,2014_3,2014,3,충청북도,1921157,0.5
493,2015_3,2015,3,강원도,1438930,0.03
494,2015_3,2015,3,경기도,8783408,-0.39
495,2015_3,2015,3,경상남도,2964230,-0.28
496,2015_3,2015,3,경상북도,3833618,0.22
497,2015_3,2015,3,광주광역시,686980,0.52
498,2015_3,2015,3,대구광역시,1233059,0.08
499,2015_3,2015,3,대전광역시,761115,-0.62
500,2015_3,2015,3,부산광역시,1655945,-0.4
501,2015_3,2015,3,서울특별시,3592926,-0.5
502,2015_3,2015,3,세종특별자치시,222292,0
503,2015_3,2015,3,울산광역시,2464928,0.43
504,2015_3,2015,3,인천광역시,1959769,-0.42
505,2015_3,2015,3,전라남도,2949659,0.19
506,2015_3,2015,3,전라북도,1943996,-0.17
507,2015_3,2015,3,제주특별자치도,378029,0
508,2015_3,2015,3,충청남도,4025780,0.2
509,2015_3,2015,3,충청북도,1965128,0.18
510,2016_3,2016,3,강원도,1467505,0.07
511,2016_3,2016,3,경기도,9305513,-0.48
512,2016_3,2016,3,경상남도,3061924,-0.37
513,2016_3,2016,3,경상북도,3898041,0.25
514,2016_3,2016,3,광주광역시,714023,0.15
515,2016_3,2016,3,대구광역시,1281266,0.11
516,2016_3,2016,3,대전광역시,790757,-0.49
517,2016_3,2016,3,부산광역시,1717796,-0.33
518,2016_3,2016,3,서울특별시,3729909,-0.46
519,2016_3,2016,3,세종특별자치시,241009,0
520,2016_3,2016,3,울산광역시,2760005,-0.34
521,2016_3,2016,3,인천광역시,2033501,-0.49
522,2016_3,2016,3,전라남도,2766219,-0.05
523,2016_3,2016,3,전라북도,2003641,-0.2
524,2016_3,2016,3,제주특별자치도,404279,0.04
525,2016_3,2016,3,충청남도,4090460,0.16
526,2016_3,2016,3,충청북도,1979334,0.22
527,2017_3,2017,3,강원도,1460105,-0.07
528,2017_3,2017,3,경기도,9551033,-0.5
529,2017_3,2017,3,경상남도,2992019,-0.28
530,2017_3,2017,3,경상북도,3827880,0.38
531,2017_3,2017,3,광주광역시,717911,-0.04
532,2017_3,2017,3,대구광역시,1263786,0.29
533,2017_3,2017,3,대전광역시,779387,-0.64
534,2017_3,2017,3,부산광역시,1693920,-0.38
535,2017_3,2017,3,서울특별시,3649111,-0.61
536,2017_3,2017,3,세종특별자치시,247248,0
537,2017_3,2017,3,울산광역시,2659206,-0.15
538,2017_3,2017,3,인천광역시,2042082,-0.5
539,2017_3,2017,3,전라남도,2846966,0.1
540,2017_3,2017,3,전라북도,1996166,-0.07
541,2017_3,2017,3,제주특별자치도,415698,0.03
542,2017_3,2017,3,충청남도,4277074,0.29
543,2017_3,2017,3,충청북도,2138945,0.1
544,2018_3,2018,3,강원도,1485135,-0.02
545,2018_3,2018,3,경기도,9993520,-0.52
546,2018_3,2018,3,경상남도,2967940,-0.07
547,2018_3,2018,3,경상북도,3850248,0.43
548,2018_3,2018,3,광주광역시,698660,0
549,2018_3,2018,3,대구광역시,1253100,0.16
550,2018_3,2018,3,대전광역시,784247,-0.13
551,2018_3,2018,3,부산광역시,1714122,-0.17
552,2018_3,2018,3,서울특별시,3657824,-0.49
553,2018_3,2018,3,세종특별자치시,251895,0
554,2018_3,2018,3,울산광역시,2696446,-0.12
555,2018_3,2018,3,인천광역시,2050296,-0.5
556,2018_3,2018,3,전라남도,2621639,0.1
557,2018_3,2018,3,전라북도,1926654,-0.42
558,2018_3,2018,3,제주특별자치도,431990,-0.01
559,2018_3,2018,3,충청남도,4370209,0.32
560,2018_3,2018,3,충청북도,2182346,-0.05
561,2019_3,2019,3,강원도,1401415,-0.03
562,2019_3,2019,3,경기도,10069948,-0.46
563,2019_3,2019,3,경상남도,2903814,-0.05
564,2019_3,2019,3,경상북도,3868963,0.28
565,2019_3,2019,3,광주광역시,682608,0.01
566,2019_3,2019,3,대구광역시,1213326,0.2
567,2019_3,2019,3,대전광역시,759955,0.08
568,2019_3,2019,3,부산광역시,1652037,-0.08
569,2019_3,2019,3,서울특별시,3582654,-0.42
570,2019_3,2019,3,세종특별자치시,259636,0
571,2019_3,2019,3,울산광역시,2809607,0.03
572,2019_3,2019,3,인천광역시,2006746,-0.49
573,2019_3,2019,3,전라남도,2831531,0.03
574,2019_3,2019,3,전라북도,1934090,-0.24
575,2019_3,2019,3,제주특별자치도,451731,0
576,2019_3,2019,3,충청남도,4414219,0.29
577,2019_3,2019,3,충청북도,2246393,0.07
578,2020_3,2020,3,강원도,1400869,-0.03
579,2020_3,2020,3,경기도,10401852,-0.41
580,2020_3,2020,3,경상남도,2954776,-0.03
581,2020_3,2020,3,경상북도,3480140,0.31
582,2020_3,2020,3,광주광역시,696886,0.1
583,2020_3,2020,3,대구광역시,1200565,0.26
584,2020_3,2020,3,대전광역시,771329,0.17
585,2020_3,2020,3,부산광역시,1670111,-0.08
586,2020_3,2020,3,서울특별시,3657444,-0.37
587,2020_3,2020,3,세종특별자치시,280549,0
588,2020_3,2020,3,울산광역시,2856122,0.26
589,2020_3,2020,3,인천광역시,1997984,-0.41
590,2020_3,2020,3,전라남도,2603919,-0.27
591,2020_3,2020,3,전라북도,1740083,-0.4
592,2020_3,2020,3,제주특별자치도,451371,-0.02
593,2020_3,2020,3,충청남도,4415486,0.26
594,2020_3,2020,3,충청북도,2291113,0.16
595,2021_3,2021,3,강원도,1395074,-0.01
596,2021_3,2021,3,경기도,10668287,-0.46
597,2021_3,2021,3,경상남도,2991661,-0.21
598,2021_3,2021,3,경상북도,3621472,0.34
599,2021_3,2021,3,광주광역시,697761,0.14
600,2021_3,2021,3,대구광역시,1222748,0.66
601,2021_3,2021,3,대전광역시,771955,0.01
602,2021_3,2021,3,부산광역시,1656492,-0.17
603,2021_3,2021,3,서울특별시,3550751,-0.49
604,2021_3,2021,3,세종특별자치시,296000,0.71
605,2021_3,2021,3,울산광역시,2812601,-0.2
606,2021_3,2021,3,인천광역시,2021302,-0.65
607,2021_3,2021,3,전라남도,2724005,-0.06
608,2021_3,2021,3,전라북도,1771153,-0.72
609,2021_3,2021,3,제주특별자치도,450805,-0.05
610,2021_3,2021,3,충청남도,4077387,0.65
611,2021_3,2021,3,충청북도,2344911,0.19
612,2010_4,2010,4,강원도,1317499,-0.05
613,2010_4,2010,4,경기도,7727001,-0.53
614,2010_4,2010,4,경상남도,2665253,-0.26
615,2010_4,2010,4,경상북도,3454660,0.34
616,2010_4,2010,4,광주광역시,642843,0.01
617,2010_4,2010,4,대구광역시,1199557,0.56
618,2010_4,2010,4,대전광역시,724076,0.04
619,2010_4,2010,4,부산광역시,1682021,-0.19
620,2010_4,2010,4,서울특별시,3719082,-0.51
621,2010_4,2010,4,세종특별자치시,0,0.81
622,2010_4,2010,4,울산광역시,2170165,-0.1
623,2010_4,2010,4,인천광역시,1825715,-0.64
624,2010_4,2010,4,전라남도,2049713,-0.08
625,2010_4,2010,4,전라북도,1609044,-0.45
626,2010_4,2010,4,제주특별자치도,300520,-0.06
627,2010_4,2010,4,충청남도,3198820,0.27
628,2010_4,2010,4,충청북도,1682392,-0.05
629,2011_4,2011,4,강원도,1361937,-0.08
630,2011_4,2011,4,경기도,7992730,-0.36
631,2011_4,2011,4,경상남도,2770642,-0.12
632,2011_4,2011,4,경상북도,3721268,0.24
633,2011_4,2011,4,광주광역시,669154,0.08
634,2011_4,2011,4,대구광역시,1216588,0.21
635,2011_4,2011,4,대전광역시,739750,-0.07
636,2011_4,2011,4,부산광역시,1709300,-0.14
637,2011_4,2011,4,서울특별시,3682652,-0.31
638,2011_4,2011,4,세종특별자치시,0,0.73
639,2011_4,2011,4,울산광역시,2326725,-0.16
640,2011_4,2011,4,인천광역시,1859019,-0.48
641,2011_4,2011,4,전라남도,2310756,-0.13
642,2011_4,2011,4,전라북도,1764514,-0.06
643,2011_4,2011,4,제주특별자치도,314060,-0.01
644,2011_4,2011,4,충청남도,3521544,0.11
645,2011_4,2011,4,충청북도,1755631,0.05
646,2012_4,2012,4,강원도,1382879,-0.2
647,2012_4,2012,4,경기도,8233401,-0.28
648,2012_4,2012,4,경상남도,2785022,0.05
649,2012_4,2012,4,경상북도,3769210,0.37
650,2012_4,2012,4,광주광역시,675943,0.14
651,2012_4,2012,4,대구광역시,1229268,0.25
652,2012_4,2012,4,대전광역시,745833,0.05
653,2012_4,2012,4,부산광역시,1710623,-0.09
654,2012_4,2012,4,서울특별시,3695515,-0.08
655,2012_4,2012,4,세종특별자치시,0,0.79
656,2012_4,2012,4,울산광역시,2344787,-0.12
657,2012_4,2012,4,인천광역시,1847382,-0.43
658,2012_4,2012,4,전라남도,2311276,-0.12
659,2012_4,2012,4,전라북도,1862254,-0.08
660,2012_4,2012,4,제주특별자치도,327775,-0.01
661,2012_4,2012,4,충청남도,3759126,0.15
662,2012_4,2012,4,충청북도,1804075,0.07
663,2013_4,2013,4,강원도,1373728,-0.03
664,2013_4,2013,4,경기도,8420099,-0.08
665,2013_4,2013,4,경상남도,2810317,0.27
666,2013_4,2013,4,경상북도,3721222,0.4
667,2013_4,2013,4,광주광역시,682512,0.24
668,2013_4,2013,4,대구광역시,1220101,0.87
669,2013_4,2013,4,대전광역시,744219,0.2
670,2013_4,2013,4,부산광역시,1666780,0.06
671,2013_4,2013,4,서울특별시,3638393,0.04
672,2013_4,2013,4,세종특별자치시,193422,0.63
673,2013_4,2013,4,울산광역시,2389607,0.12
674,2013_4,2013,4,인천광역시,1858262,0.16
675,2013_4,2013,4,전라남도,2526041,-0.1
676,2013_4,2013,4,전라북도,1859911,0.03
677,2013_4,2013,4,제주특별자치도,342968,-0.04
678,2013_4,2013,4,충청남도,3708208,0.17
679,2013_4,2013,4,충청북도,1848760,0.31
680,2014_4,2014,4,강원도,1313298,0.11
681,2014_4,2014,4,경기도,8295696,0.14
682,2014_4,2014,4,경상남도,2820219,0.31
683,2014_4,2014,4,경상북도,3880598,0.47
684,2014_4,2014,4,광주광역시,671402,0.17
685,2014_4,2014,4,대구광역시,1222595,0.75
686,2014_4,2014,4,대전광역시,732896,0.07
687,2014_4,2014,4,부산광역시,1665838,0.07
688,2014_4,2014,4,서울특별시,3466188,0.15
689,2014_4,2014,4,세종특별자치시,200310,0.53
690,2014_4,2014,4,울산광역시,2493939,0.05
691,2014_4,2014,4,인천광역시,1815977,0.02
692,2014_4,2014,4,전라남도,2709942,-0.04
693,2014_4,2014,4,전라북도,1871011,0.0
694,2014_4,2014,4,제주특별자치도,362046,-0.03
695,2014_4,2014,4,충청남도,3889221,0.25
696,2014_4,2014,4,충청북도,1842677,0.1
697,2015_4,2015,4,강원도,1376925,-0.12
698,2015_4,2015,4,경기도,8597671,0.02
699,2015_4,2015,4,경상남도,2888704,0.07
700,2015_4,2015,4,경상북도,3821201,0.44
701,2015_4,2015,4,광주광역시,682684,0.09
702,2015_4,2015,4,대구광역시,1244033,0.87
703,2015_4,2015,4,대전광역시,746537,0.0
704,2015_4,2015,4,부산광역시,1671290,-0.03
705,2015_4,2015,4,서울특별시,3512071,-0.24
706,2015_4,2015,4,세종특별자치시,222824,0.37
707,2015_4,2015,4,울산광역시,2510891,0.12
708,2015_4,2015,4,인천광역시,1913281,-0.02
709,2015_4,2015,4,전라남도,2789053,-0.05
710,2015_4,2015,4,전라북도,1902282,-0.2
711,2015_4,2015,4,제주특별자치도,381372,0.01
712,2015_4,2015,4,충청남도,3879019,0.21
713,2015_4,2015,4,충청북도,1924405,0.13
714,2016_4,2016,4,강원도,1451457,-0.04
715,2016_4,2016,4,경기도,8712878,-0.24
716,2016_4,2016,4,경상남도,2864110,0.01
717,2016_4,2016,4,경상북도,3683982,0.68
718,2016_4,2016,4,광주광역시,675078,-0.03
719,2016_4,2016,4,대구광역시,1216827,1.16
720,2016_4,2016,4,대전광역시,738081,-0.2
721,2016_4,2016,4,부산광역시,1647106,-0.1
722,2016_4,2016,4,서울특별시,3457927,-0.43
723,2016_4,2016,4,세종특별자치시,225166,0.09
724,2016_4,2016,4,울산광역시,2652322,0.05
725,2016_4,2016,4,인천광역시,1903770,-0.1
726,2016_4,2016,4,전라남도,2666903,-0.23
727,2016_4,2016,4,전라북도,1862918,-0.13
728,2016_4,2016,4,제주특별자치도,393203,-0.02
729,2016_4,2016,4,충청남도,3938652,0.11
730,2016_4,2016,4,충청북도,2033076,0.08
731,2017_4,2017,4,강원도,1390748,-0.07
732,2017_4,2017,4,경기도,9094729,-0.23
733,2017_4,2017,4,경상남도,2879081,-0.07
734,2017_4,2017,4,경상북도,3668403,0.27
735,2017_4,2017,4,광주광역시,698719,-0.06
736,2017_4,2017,4,대구광역시,1234859,0.63
737,2017_4,2017,4,대전광역시,748954,-0.26
738,2017_4,2017,4,부산광역시,1696125,-0.1
739,2017_4,2017,4,서울특별시,3470755,-0.41
740,2017_4,2017,4,세종특별자치시,234700,-0.24
741,2017_4,2017,4,울산광역시,2559430,-0.16
742,2017_4,2017,4,인천광역시,1945739,-0.14
743,2017_4,2017,4,전라남도,2791508,-0.22
744,2017_4,2017,4,전라북도,1882119,-0.09
745,2017_4,2017,4,제주특별자치도,418497,-0.09
746,2017_4,2017,4,충청남도,4069578,0.06
747,2017_4,2017,4,충청북도,2027116,0.05
748,2018_4,2018,4,강원도,1370294,0.1
749,2018_4,2018,4,경기도,9563138,0.0
750,2018_4,2018,4,경상남도,2840554,0.06
751,2018_4,2018,4,경상북도,3740997,0.35
752,2018_4,2018,4,광주광역시,685493,-0.02
753,2018_4,2018,4,대구광역시,1230455,0.49
754,2018_4,2018,4,대전광역시,752264,-0.07
755,2018_4,2018,4,부산광역시,1675122,-0.04
756,2018_4,2018,4,서울특별시,3503967,0.0
757,2018_4,2018,4,세종특별자치시,241693,0.04
758,2018_4,2018,4,울산광역시,2620459,-0.02
759,2018_4,2018,4,인천광역시,1959511,0.0
760,2018_4,2018,4,전라남도,3292919,-0.07
761,2018_4,2018,4,전라북도,1876137,-0.1
762,2018_4,2018,4,제주특별자치도,430151,-0.06
763,2018_4,2018,4,충청남도,4158538,0.1
764,2018_4,2018,4,충청북도,2090819,0.12
765,2019_4,2019,4,강원도,1376039,0.18
766,2019_4,2019,4,경기도,9948716,0.32
767,2019_4,2019,4,경상남도,2853723,0.24
768,2019_4,2019,4,경상북도,3763435,0.56
769,2019_4,2019,4,광주광역시,706907,0.08
770,2019_4,2019,4,대구광역시,1228571,0.73
771,2019_4,2019,4,대전광역시,753138,0.2
772,2019_4,2019,4,부산광역시,1669235,0.16
773,2019_4,2019,4,서울특별시,3591552,0.33
774,2019_4,2019,4,세종특별자치시,259582,0.3
775,2019_4,2019,4,울산광역시,2677516,0.2
776,2019_4,2019,4,인천광역시,1975424,0.35
777,2019_4,2019,4,전라남도,2791913,-0.07
778,2019_4,2019,4,전라북도,1887329,-0.02
779,2019_4,2019,4,제주특별자치도,460017,0.06
780,2019_4,2019,4,충청남도,4272633,0.36
781,2019_4,2019,4,충청북도,2224874,0.09
782,2020_4,2020,4,강원도,1346006,0.18
783,2020_4,2020,4,경기도,9788491,0.15
784,2020_4,2020,4,경상남도,2735448,0.11
785,2020_4,2020,4,경상북도,3313283,0.45
786,2020_4,2020,4,광주광역시,660659,0.14
787,2020_4,2020,4,대구광역시,1137812,0.85
788,2020_4,2020,4,대전광역시,720330,0.15
789,2020_4,2020,4,부산광역시,1607069,0.08
790,2020_4,2020,4,서울특별시,3410967,0.06
791,2020_4,2020,4,세종특별자치시,264607,0.23
792,2020_4,2020,4,울산광역시,2702238,0.24
793,2020_4,2020,4,인천광역시,1884823,0.32
794,2020_4,2020,4,전라남도,2587626,-0.02
795,2020_4,2020,4,전라북도,1642399,0.02
796,2020_4,2020,4,제주특별자치도,445261,0.13
797,2020_4,2020,4,충청남도,4072519,0.47
798,2020_4,2020,4,충청북도,2155659,0.17
799,2021_4,2021,4,강원도,1334516,0.18
800,2021_4,2021,4,경기도,10338339,0.12
801,2021_4,2021,4,경상남도,2881552,0.07
802,2021_4,2021,4,경상북도,3619611,0.49
803,2021_4,2021,4,광주광역시,696052,0.02
804,2021_4,2021,4,대구광역시,1210022,1.15
805,2021_4,2021,4,대전광역시,751324,0.16
806,2021_4,2021,4,부산광역시,1654340,0.08
807,2021_4,2021,4,서울특별시,3449257,-0.03
808,2021_4,2021,4,세종특별자치시,287524,0.15
809,2021_4,2021,4,울산광역시,2716614,0.03
810,2021_4,2021,4,인천광역시,1952161,0.12
811,2021_4,2021,4,전라남도,2670493,-0.06
812,2021_4,2021,4,전라북도,1725471,0.02
813,2021_4,2021,4,제주특별자치도,461823,0.36
814,2021_4,2021,4,충청남도,3876573,0.35
815,2021_4,2021,4,충청북도,2274004,0.3
816,2010_5,2010,5,강원도,1185530,0.09
817,2010_5,2010,5,경기도,7156767,0.21
818,2010_5,2010,5,경상남도,2453568,0.11
819,2010_5,2010,5,경상북도,3321968,0.79
820,2010_5,2010,5,광주광역시,603935,0.02
821,2010_5,2010,5,대구광역시,1100160,1.2
822,2010_5,2010,5,대전광역시,664428,0.32
823,2010_5,2010,5,부산광역시,1571566,0.02
824,2010_5,2010,5,서울특별시,3426951,0.23
825,2010_5,2010,5,세종특별자치시,0,0.18
826,2010_5,2010,5,울산광역시,2200352,0.05
827,2010_5,2010,5,인천광역시,1707125,0.05
828,2010_5,2010,5,전라남도,1991208,-0.14
829,2010_5,2010,5,전라북도,1523156,0.0
830,2010_5,2010,5,제주특별자치도,275117,0.28
831,2010_5,2010,5,충청남도,3068283,0.31
832,2010_5,2010,5,충청북도,1559121,0.21
833,2011_5,2011,5,강원도,1245617,-0.03
834,2011_5,2011,5,경기도,7414139,0.29
835,2011_5,2011,5,경상남도,2557899,0.09
836,2011_5,2011,5,경상북도,3610096,0.47
837,2011_5,2011,5,광주광역시,615840,0.21
838,2011_5,2011,5,대구광역시,1126409,0.67
839,2011_5,2011,5,대전광역시,685169,-0.02
840,2011_5,2011,5,부산광역시,1560035,0.08
841,2011_5,2011,5,서울특별시,3425703,0.23
842,2011_5,2011,5,세종특별자치시,0,0.13
843,2011_5,2011,5,울산광역시,2330604,0.18
844,2011_5,2011,5,인천광역시,1748862,0.15
845,2011_5,2011,5,전라남도,2075964,-0.1
846,2011_5,2011,5,전라북도,1691075,-0.07
847,2011_5,2011,5,제주특별자치도,283081,0.1
848,2011_5,2011,5,충청남도,3457266,0.14
849,2011_5,2011,5,충청북도,1626675,0.04
850,2012_5,2012,5,강원도,1230593,0.03
851,2012_5,2012,5,경기도,7590572,0.34
852,2012_5,2012,5,경상남도,2541447,0.18
853,2012_5,2012,5,경상북도,3695830,0.36
854,2012_5,2012,5,광주광역시,626117,0.06
855,2012_5,2012,5,대구광역시,1135952,0.54
856,2012_5,2012,5,대전광역시,689589,0.03
857,2012_5,2012,5,부산광역시,1588494,0.08
858,2012_5,2012,5,서울특별시,3483656,0.22
859,2012_5,2012,5,세종특별자치시,0,-0.01
860,2012_5,2012,5,울산광역시,2437236,0.21
861,2012_5,2012,5,인천광역시,1757729,0.33
862,2012_5,2012,5,전라남도,2247817,-0.07
863,2012_5,2012,5,전라북도,1733219,0.03
864,2012_5,2012,5,제주특별자치도,293722,-0.01
865,2012_5,2012,5,충청남도,3633802,0.26
866,2012_5,2012,5,충청북도,1689926,0.21
867,2013_5,2013,5,강원도,1281395,-0.03
868,2013_5,2013,5,경기도,7916514,-0.07
869,2013_5,2013,5,경상남도,2624201,0.2
870,2013_5,2013,5,경상북도,3696496,0.31
871,2013_5,2013,5,광주광역시,637641,0.12
872,2013_5,2013,5,대구광역시,1166224,0.51
873,2013_5,2013,5,대전광역시,706844,-0.04
874,2013_5,2013,5,부산광역시,1569179,0.05
875,2013_5,2013,5,서울특별시,3439856,-0.01
876,2013_5,2013,5,세종특별자치시,182642,-0.01
877,2013_5,2013,5,울산광역시,2470095,0.24
878,2013_5,2013,5,인천광역시,1767068,0.13
879,2013_5,2013,5,전라남도,2563413,-0.02
880,2013_5,2013,5,전라북도,1773454,-0.11
881,2013_5,2013,5,제주특별자치도,315090,0.02
882,2013_5,2013,5,충청남도,3659904,0.25
883,2013_5,2013,5,충청북도,1689801,0.12
884,2014_5,2014,5,강원도,1222477,0.0
885,2014_5,2014,5,경기도,7798652,-0.1
886,2014_5,2014,5,경상남도,2590845,0.14
887,2014_5,2014,5,경상북도,3727121,0.23
888,2014_5,2014,5,광주광역시,623437,0.05
889,2014_5,2014,5,대구광역시,1143206,0.38
890,2014_5,2014,5,대전광역시,690037,-0.12
891,2014_5,2014,5,부산광역시,1552138,0.05
892,2014_5,2014,5,서울특별시,3305028,-0.07
893,2014_5,2014,5,세종특별자치시,189968,-0.17
894,2014_5,2014,5,울산광역시,2487662,0.26
895,2014_5,2014,5,인천광역시,1733900,0.04
896,2014_5,2014,5,전라남도,2614251,0.01
897,2014_5,2014,5,전라북도,1794560,-0.08
898,2014_5,2014,5,제주특별자치도,332179,0.0
899,2014_5,2014,5,충청남도,3820255,0.15
900,2014_5,2014,5,충청북도,1751911,0.13
901,2015_5,2015,5,강원도,1265816,-0.05
902,2015_5,2015,5,경기도,7993045,-0.04
903,2015_5,2015,5,경상남도,2632161,0.13
904,2015_5,2015,5,경상북도,3668209,0.17
905,2015_5,2015,5,광주광역시,628402,0.03
906,2015_5,2015,5,대구광역시,1149079,0.19
907,2015_5,2015,5,대전광역시,698243,-0.07
908,2015_5,2015,5,부산광역시,1554462,0.04
909,2015_5,2015,5,서울특별시,3324249,-0.07
910,2015_5,2015,5,세종특별자치시,201272,-0.07
911,2015_5,2015,5,울산광역시,2523196,0.39
912,2015_5,2015,5,인천광역시,1796751,-0.02
913,2015_5,2015,5,전라남도,2777120,-0.11
914,2015_5,2015,5,전라북도,1794605,-0.08
915,2015_5,2015,5,제주특별자치도,344375,-0.14
916,2015_5,2015,5,충청남도,3725601,0.22
917,2015_5,2015,5,충청북도,1799404,0.16
918,2016_5,2016,5,강원도,1263447,-0.01
919,2016_5,2016,5,경기도,8135623,-0.03
920,2016_5,2016,5,경상남도,2638097,0.15
921,2016_5,2016,5,경상북도,3605061,0.13
922,2016_5,2016,5,광주광역시,630983,0.12
923,2016_5,2016,5,대구광역시,1143952,0.2
924,2016_5,2016,5,대전광역시,705223,-0.01
925,2016_5,2016,5,부산광역시,1558585,0.09
926,2016_5,2016,5,서울특별시,3340823,-0.04
927,2016_5,2016,5,세종특별자치시,211516,-0.18
928,2016_5,2016,5,울산광역시,2653567,0.39
929,2016_5,2016,5,인천광역시,1844211,0.02
930,2016_5,2016,5,전라남도,2681434,-0.14
931,2016_5,2016,5,전라북도,1777979,-0.12
932,2016_5,2016,5,제주특별자치도,355822,0.05
933,2016_5,2016,5,충청남도,3822073,0.14
934,2016_5,2016,5,충청북도,1867194,0.19
935,2017_5,2017,5,강원도,1260135,0.02
936,2017_5,2017,5,경기도,8531719,0.11
937,2017_5,2017,5,경상남도,2587207,0.22
938,2017_5,2017,5,경상북도,3553235,0.13
939,2017_5,2017,5,광주광역시,634699,0.1
940,2017_5,2017,5,대구광역시,1147637,0.29
941,2017_5,2017,5,대전광역시,700348,0.08
942,2017_5,2017,5,부산광역시,1584172,0.09
943,2017_5,2017,5,서울특별시,3290791,0.05
944,2017_5,2017,5,세종특별자치시,221324,-0.17
945,2017_5,2017,5,울산광역시,2593991,0.31
946,2017_5,2017,5,인천광역시,1867276,0.07
947,2017_5,2017,5,전라남도,2706545,-0.13
948,2017_5,2017,5,전라북도,1793382,-0.06
949,2017_5,2017,5,제주특별자치도,373246,0.11
950,2017_5,2017,5,충청남도,3974477,0.04
951,2017_5,2017,5,충청북도,1923713,0.09
952,2018_5,2018,5,강원도,1262858,0.03
953,2018_5,2018,5,경기도,9270783,0.38
954,2018_5,2018,5,경상남도,2664333,0.22
955,2018_5,2018,5,경상북도,3735654,0.19
956,2018_5,2018,5,광주광역시,648945,0.14
957,2018_5,2018,5,대구광역시,1176277,0.44
958,2018_5,2018,5,대전광역시,719715,0.18
959,2018_5,2018,5,부산광역시,1594722,0.13
960,2018_5,2018,5,서울특별시,3366946,0.25
961,2018_5,2018,5,세종특별자치시,235345,-0.07
962,2018_5,2018,5,울산광역시,2753446,0.31
963,2018_5,2018,5,인천광역시,1865680,0.22
964,2018_5,2018,5,전라남도,2838286,0.04
965,2018_5,2018,5,전라북도,1831040,0.03
966,2018_5,2018,5,제주특별자치도,395955,0.11
967,2018_5,2018,5,충청남도,4128141,0.14
968,2018_5,2018,5,충청북도,2042345,0.26
969,2019_5,2019,5,강원도,1267172,0.09
970,2019_5,2019,5,경기도,9416781,0.3
971,2019_5,2019,5,경상남도,2664244,0.28
972,2019_5,2019,5,경상북도,3611013,0.25
973,2019_5,2019,5,광주광역시,653102,0.17
974,2019_5,2019,5,대구광역시,1170519,0.43
975,2019_5,2019,5,대전광역시,707813,0.2
976,2019_5,2019,5,부산광역시,1596068,0.2
977,2019_5,2019,5,서울특별시,3419987,0.25
978,2019_5,2019,5,세종특별자치시,250008,0.18
979,2019_5,2019,5,울산광역시,2794295,0.25
980,2019_5,2019,5,인천광역시,1912787,0.22
981,2019_5,2019,5,전라남도,2622310,0.0
982,2019_5,2019,5,전라북도,1788362,0.0
983,2019_5,2019,5,제주특별자치도,413147,0.17
984,2019_5,2019,5,충청남도,4294717,0.25
985,2019_5,2019,5,충청북도,2125680,0.32
986,2020_5,2020,5,강원도,1225449,0.06
987,2020_5,2020,5,경기도,9306590,0.2
988,2020_5,2020,5,경상남도,2446865,0.2
989,2020_5,2020,5,경상북도,3077453,0.24
990,2020_5,2020,5,광주광역시,610865,0.15
991,2020_5,2020,5,대구광역시,1044272,0.6
992,2020_5,2020,5,대전광역시,685457,0.07
993,2020_5,2020,5,부산광역시,1510099,0.15
994,2020_5,2020,5,서울특별시,3295839,0.1
995,2020_5,2020,5,세종특별자치시,252302,-0.02
996,2020_5,2020,5,울산광역시,2684999,0.22
997,2020_5,2020,5,인천광역시,1801113,0.15
998,2020_5,2020,5,전라남도,2435207,0.0
999,2020_5,2020,5,전라북도,1547439,-0.02
1000,2020_5,2020,5,제주특별자치도,408575,0.12
1001,2020_5,2020,5,충청남도,3920034,0.19
1002,2020_5,2020,5,충청북도,2075063,0.33
1003,2021_5,2021,5,강원도,1291702,0.15
1004,2021_5,2021,5,경기도,10024930,0.13
1005,2021_5,2021,5,경상남도,2712794,0.2
1006,2021_5,2021,5,경상북도,3600524,0.24
1007,2021_5,2021,5,광주광역시,659751,0.25
1008,2021_5,2021,5,대구광역시,1153415,0.64
1009,2021_5,2021,5,대전광역시,708974,0.03
1010,2021_5,2021,5,부산광역시,1572221,0.15
1011,2021_5,2021,5,서울특별시,3324763,0.0
1012,2021_5,2021,5,세종특별자치시,275185,0.02
1013,2021_5,2021,5,울산광역시,2682797,0.26
1014,2021_5,2021,5,인천광역시,1904260,0.08
1015,2021_5,2021,5,전라남도,2722103,-0.12
1016,2021_5,2021,5,전라북도,1667691,-0.02
1017,2021_5,2021,5,제주특별자치도,430958,0.61
1018,2021_5,2021,5,충청남도,3877528,0.14
1019,2021_5,2021,5,충청북도,2232679,0.28
1020,2010_6,2010,6,강원도,1114450,0.09
1021,2010_6,2010,6,경기도,7152029,0.17
1022,2010_6,2010,6,경상남도,2429359,0.15
1023,2010_6,2010,6,경상북도,3301601,0.23
1024,2010_6,2010,6,광주광역시,605548,0.27
1025,2010_6,2010,6,대구광역시,1119186,0.46
1026,2010_6,2010,6,대전광역시,684218,0.04
1027,2010_6,2010,6,부산광역시,1560178,0.09
1028,2010_6,2010,6,서울특별시,3729030,0.09
1029,2010_6,2010,6,세종특별자치시,0,-0.04
1030,2010_6,2010,6,울산광역시,2165892,0.1
1031,2010_6,2010,6,인천광역시,1728906,0.08
1032,2010_6,2010,6,전라남도,1920409,-0.02
1033,2010_6,2010,6,전라북도,1488035,-0.01
1034,2010_6,2010,6,제주특별자치도,271052,0.57
1035,2010_6,2010,6,충청남도,3038587,0.1
1036,2010_6,2010,6,충청북도,1516139,0.2
1037,2011_6,2011,6,강원도,1184828,0.1
1038,2011_6,2011,6,경기도,7452141,0.3
1039,2011_6,2011,6,경상남도,2584721,0.12
1040,2011_6,2011,6,경상북도,3545546,0.22
1041,2011_6,2011,6,광주광역시,626417,0.29
1042,2011_6,2011,6,대구광역시,1163368,0.45
1043,2011_6,2011,6,대전광역시,710217,0.03
1044,2011_6,2011,6,부산광역시,1613264,0.19
1045,2011_6,2011,6,서울특별시,3713716,0.2
1046,2011_6,2011,6,세종특별자치시,0,0.0
1047,2011_6,2011,6,울산광역시,2370675,0.2
1048,2011_6,2011,6,인천광역시,1753742,0.16
1049,2011_6,2011,6,전라남도,2040887,-0.13
1050,2011_6,2011,6,전라북도,1659628,-0.01
1051,2011_6,2011,6,제주특별자치도,281724,0.4
1052,2011_6,2011,6,충청남도,3437236,0.1
1053,2011_6,2011,6,충청북도,1609118,0.24
1054,2012_6,2012,6,강원도,1186370,0.12
1055,2012_6,2012,6,경기도,7684878,0.4
1056,2012_6,2012,6,경상남도,2561147,0.19
1057,2012_6,2012,6,경상북도,3634860,0.3
1058,2012_6,2012,6,광주광역시,628135,0.57
1059,2012_6,2012,6,대구광역시,1160770,0.5
1060,2012_6,2012,6,대전광역시,711321,0.12
1061,2012_6,2012,6,부산광역시,1559207,0.28
1062,2012_6,2012,6,서울특별시,3736558,0.36
1063,2012_6,2012,6,세종특별자치시,0,-0.02
1064,2012_6,2012,6,울산광역시,2394246,0.18
1065,2012_6,2012,6,인천광역시,1779877,0.37
1066,2012_6,2012,6,전라남도,2295154,-0.01
1067,2012_6,2012,6,전라북도,1709387,0.06
1068,2012_6,2012,6,제주특별자치도,295263,0.48
1069,2012_6,2012,6,충청남도,3566114,0.11
1070,2012_6,2012,6,충청북도,1693624,0.23
1071,2013_6,2013,6,강원도,1179135,0.27
1072,2013_6,2013,6,경기도,7896863,0.6
1073,2013_6,2013,6,경상남도,2559834,0.17
1074,2013_6,2013,6,경상북도,3651788,0.27
1075,2013_6,2013,6,광주광역시,654744,1.06
1076,2013_6,2013,6,대구광역시,1175504,0.87
1077,2013_6,2013,6,대전광역시,726457,0.04
1078,2013_6,2013,6,부산광역시,1580862,0.38
1079,2013_6,2013,6,서울특별시,3706936,0.51
1080,2013_6,2013,6,세종특별자치시,184294,0.0
1081,2013_6,2013,6,울산광역시,2489278,0.34
1082,2013_6,2013,6,인천광역시,1784636,0.5
1083,2013_6,2013,6,전라남도,2481465,0.0
1084,2013_6,2013,6,전라북도,1719435,0.01
1085,2013_6,2013,6,제주특별자치도,305151,0.35
1086,2013_6,2013,6,충청남도,3581215,0.17
1087,2013_6,2013,6,충청북도,1688244,0.19
1088,2014_6,2014,6,강원도,1164699,0.21
1089,2014_6,2014,6,경기도,7996787,0.48
1090,2014_6,2014,6,경상남도,2590503,0.14
1091,2014_6,2014,6,경상북도,3731382,0.18
1092,2014_6,2014,6,광주광역시,651234,0.59
1093,2014_6,2014,6,대구광역시,1182480,0.79
1094,2014_6,2014,6,대전광역시,725186,0.03
1095,2014_6,2014,6,부산광역시,1572826,0.28
1096,2014_6,2014,6,서울특별시,3649218,0.44
1097,2014_6,2014,6,세종특별자치시,191639,-0.01
1098,2014_6,2014,6,울산광역시,2446502,0.28
1099,2014_6,2014,6,인천광역시,1804931,0.38
1100,2014_6,2014,6,전라남도,2471884,0.07
1101,2014_6,2014,6,전라북도,1783912,-0.04
1102,2014_6,2014,6,제주특별자치도,324320,0.26
1103,2014_6,2014,6,충청남도,3809582,0.1
1104,2014_6,2014,6,충청북도,1745149,0.1
1105,2015_6,2015,6,강원도,1219754,0.19
1106,2015_6,2015,6,경기도,8187214,0.48
1107,2015_6,2015,6,경상남도,2629378,0.14
1108,2015_6,2015,6,경상북도,3678558,0.3
1109,2015_6,2015,6,광주광역시,645195,0.71
1110,2015_6,2015,6,대구광역시,1203042,0.91
1111,2015_6,2015,6,대전광역시,735488,0.01
1112,2015_6,2015,6,부산광역시,1579057,0.39
1113,2015_6,2015,6,서울특별시,3637371,0.5
1114,2015_6,2015,6,세종특별자치시,209733,-0.02
1115,2015_6,2015,6,울산광역시,2490860,0.39
1116,2015_6,2015,6,인천광역시,1856934,0.44
1117,2015_6,2015,6,전라남도,2546452,0.11
1118,2015_6,2015,6,전라북도,1739397,-0.05
1119,2015_6,2015,6,제주특별자치도,333424,0.45
1120,2015_6,2015,6,충청남도,3813925,0.1
1121,2015_6,2015,6,충청북도,1824828,0.05
1122,2016_6,2016,6,강원도,1213047,0.1
1123,2016_6,2016,6,경기도,8507386,0.35
1124,2016_6,2016,6,경상남도,2657835,0.08
1125,2016_6,2016,6,경상북도,4161055,0.19
1126,2016_6,2016,6,광주광역시,675463,0.44
1127,2016_6,2016,6,대구광역시,1210881,0.78
1128,2016_6,2016,6,대전광역시,751192,-0.04
1129,2016_6,2016,6,부산광역시,1604274,0.26
1130,2016_6,2016,6,서울특별시,3715673,0.38
1131,2016_6,2016,6,세종특별자치시,225970,-0.03
1132,2016_6,2016,6,울산광역시,2659735,0.28
1133,2016_6,2016,6,인천광역시,1901027,0.29
1134,2016_6,2016,6,전라남도,2605076,0.17
1135,2016_6,2016,6,전라북도,1732744,0.04
1136,2016_6,2016,6,제주특별자치도,354638,0.82
1137,2016_6,2016,6,충청남도,3789423,0.02
1138,2016_6,2016,6,충청북도,1902687,0.05
1139,2017_6,2017,6,강원도,1228374,0.15
1140,2017_6,2017,6,경기도,8873250,0.32
1141,2017_6,2017,6,경상남도,2683615,0.08
1142,2017_6,2017,6,경상북도,3592872,0.3
1143,2017_6,2017,6,광주광역시,677388,0.34
1144,2017_6,2017,6,대구광역시,1218416,0.8
1145,2017_6,2017,6,대전광역시,741221,0.01
1146,2017_6,2017,6,부산광역시,1646150,0.18
1147,2017_6,2017,6,서울특별시,3621612,0.37
1148,2017_6,2017,6,세종특별자치시,232819,-0.01
1149,2017_6,2017,6,울산광역시,2520793,0.21
1150,2017_6,2017,6,인천광역시,1938030,0.23
1151,2017_6,2017,6,전라남도,2615730,0.07
1152,2017_6,2017,6,전라북도,1770289,0.07
1153,2017_6,2017,6,제주특별자치도,373510,0.56
1154,2017_6,2017,6,충청남도,4000824,0.04
1155,2017_6,2017,6,충청북도,1937770,0.09
1156,2018_6,2018,6,강원도,1250381,0.23
1157,2018_6,2018,6,경기도,9487505,0.37
1158,2018_6,2018,6,경상남도,2694747,0.17
1159,2018_6,2018,6,경상북도,3584216,0.36
1160,2018_6,2018,6,광주광역시,688052,0.26
1161,2018_6,2018,6,대구광역시,1232515,0.98
1162,2018_6,2018,6,대전광역시,758538,-0.03
1163,2018_6,2018,6,부산광역시,1647154,0.29
1164,2018_6,2018,6,서울특별시,3686242,0.45
1165,2018_6,2018,6,세종특별자치시,242180,-0.01
1166,2018_6,2018,6,울산광역시,2778506,0.34
1167,2018_6,2018,6,인천광역시,1981285,0.25
1168,2018_6,2018,6,전라남도,2646151,0.1
1169,2018_6,2018,6,전라북도,1810635,0.11
1170,2018_6,2018,6,제주특별자치도,396634,0.63
1171,2018_6,2018,6,충청남도,4102184,0.02
1172,2018_6,2018,6,충청북도,2058719,0.1
1173,2019_6,2019,6,강원도,1211985,0.23
1174,2019_6,2019,6,경기도,9505754,0.44
1175,2019_6,2019,6,경상남도,2637434,0.13
1176,2019_6,2019,6,경상북도,3491484,0.18
1177,2019_6,2019,6,광주광역시,673983,0.41
1178,2019_6,2019,6,대구광역시,1204862,0.7
1179,2019_6,2019,6,대전광역시,732298,0.07
1180,2019_6,2019,6,부산광역시,1633070,0.39
1181,2019_6,2019,6,서울특별시,3676047,0.46
1182,2019_6,2019,6,세종특별자치시,255501,0.02
1183,2019_6,2019,6,울산광역시,2815389,0.33
1184,2019_6,2019,6,인천광역시,1897766,0.24
1185,2019_6,2019,6,전라남도,2429144,0.18
1186,2019_6,2019,6,전라북도,1700388,0.06
1187,2019_6,2019,6,제주특별자치도,404085,0.49
1188,2019_6,2019,6,충청남도,4253487,0.03
1189,2019_6,2019,6,충청북도,2097133,0.0
1190,2020_6,2020,6,강원도,1209426,0.32
1191,2020_6,2020,6,경기도,9860838,0.34
1192,2020_6,2020,6,경상남도,2569712,0.15
1193,2020_6,2020,6,경상북도,3056814,0.08
1194,2020_6,2020,6,광주광역시,685306,0.54
1195,2020_6,2020,6,대구광역시,1149699,0.45
1196,2020_6,2020,6,대전광역시,756242,0.1
1197,2020_6,2020,6,부산광역시,1615016,0.47
1198,2020_6,2020,6,서울특별시,3730294,0.46
1199,2020_6,2020,6,세종특별자치시,269349,0.01
1200,2020_6,2020,6,울산광역시,2510484,0.28
1201,2020_6,2020,6,인천광역시,1873175,0.23
1202,2020_6,2020,6,전라남도,2361475,0.24
1203,2020_6,2020,6,전라북도,1533556,0.08
1204,2020_6,2020,6,제주특별자치도,408215,1.02
1205,2020_6,2020,6,충청남도,4049676,0.07
1206,2020_6,2020,6,충청북도,2113611,-0.08
1207,2021_6,2021,6,강원도,1274174,0.18
1208,2021_6,2021,6,경기도,10512799,0.14
1209,2021_6,2021,6,경상남도,2822799,0.11
1210,2021_6,2021,6,경상북도,3506078,0.0
1211,2021_6,2021,6,광주광역시,713735,0.21
1212,2021_6,2021,6,대구광역시,1232554,0.0
1213,2021_6,2021,6,대전광역시,774709,-0.03
1214,2021_6,2021,6,부산광역시,1676954,0.17
1215,2021_6,2021,6,서울특별시,3701621,0.29
1216,2021_6,2021,6,세종특별자치시,292890,0.02
1217,2021_6,2021,6,울산광역시,2685454,0.24
1218,2021_6,2021,6,인천광역시,2000698,0.15
1219,2021_6,2021,6,전라남도,2648105,0.13
1220,2021_6,2021,6,전라북도,1697453,0.01
1221,2021_6,2021,6,제주특별자치도,437447,1.78
1222,2021_6,2021,6,충청남도,3770865,-0.09
1223,2021_6,2021,6,충청북도,2283540,-0.06
1224,2010_7,2010,7,강원도,1055938,0.09
1225,2010_7,2010,7,경기도,7589292,0.04
1226,2010_7,2010,7,경상남도,2550149,0.01
1227,2010_7,2010,7,경상북도,3344445,-0.07
1228,2010_7,2010,7,광주광역시,667137,0.07
1229,2010_7,2010,7,대구광역시,1202680,-0.14
1230,2010_7,2010,7,대전광역시,748174,-0.06
1231,2010_7,2010,7,부산광역시,1675050,0.05
1232,2010_7,2010,7,서울특별시,4219590,0.05
1233,2010_7,2010,7,세종특별자치시,0,0.02
1234,2010_7,2010,7,울산광역시,2218722,0.19
1235,2010_7,2010,7,인천광역시,1766598,0.01
1236,2010_7,2010,7,전라남도,1998945,0.15
1237,2010_7,2010,7,전라북도,1493114,0.0
1238,2010_7,2010,7,제주특별자치도,286859,2.05
1239,2010_7,2010,7,충청남도,3170594,-0.11
1240,2010_7,2010,7,충청북도,1551504,-0.03
1241,2011_7,2011,7,강원도,1144760,0.08
1242,2011_7,2011,7,경기도,7828198,0.0
1243,2011_7,2011,7,경상남도,2690200,0.0
1244,2011_7,2011,7,경상북도,3581232,-0.09
1245,2011_7,2011,7,광주광역시,674555,0.03
1246,2011_7,2011,7,대구광역시,1243303,-0.2
1247,2011_7,2011,7,대전광역시,764457,-0.03
1248,2011_7,2011,7,부산광역시,1695590,0.07
1249,2011_7,2011,7,서울특별시,4049595,0.0
1250,2011_7,2011,7,세종특별자치시,0,0.04
1251,2011_7,2011,7,울산광역시,2462805,0.16
1252,2011_7,2011,7,인천광역시,1783544,-0.03
1253,2011_7,2011,7,전라남도,2220065,0.02
1254,2011_7,2011,7,전라북도,1706313,-0.02
1255,2011_7,2011,7,제주특별자치도,305421,0.99
1256,2011_7,2011,7,충청남도,3500491,-0.17
1257,2011_7,2011,7,충청북도,1633233,-0.01
1258,2012_7,2012,7,강원도,1157824,0.07
1259,2012_7,2012,7,경기도,8256552,-0.01
1260,2012_7,2012,7,경상남도,2623501,0.02
1261,2012_7,2012,7,경상북도,3597832,-0.11
1262,2012_7,2012,7,광주광역시,660058,0.06
1263,2012_7,2012,7,대구광역시,1214720,-0.23
1264,2012_7,2012,7,대전광역시,752158,0.05
1265,2012_7,2012,7,부산광역시,1671135,0.08
1266,2012_7,2012,7,서울특별시,4075847,0.01
1267,2012_7,2012,7,세종특별자치시,0,0.1
1268,2012_7,2012,7,울산광역시,2498393,0.08
1269,2012_7,2012,7,인천광역시,1829867,0.0
1270,2012_7,2012,7,전라남도,2352615,0.05
1271,2012_7,2012,7,전라북도,1749714,0.0
1272,2012_7,2012,7,제주특별자치도,308449,0.44
1273,2012_7,2012,7,충청남도,3654677,-0.13
1274,2012_7,2012,7,충청북도,1731121,-0.06
1275,2013_7,2013,7,강원도,1135448,0.11
1276,2013_7,2013,7,경기도,8325648,0.01
1277,2013_7,2013,7,경상남도,2806015,0.02
1278,2013_7,2013,7,경상북도,3736866,-0.12
1279,2013_7,2013,7,광주광역시,707543,0.13
1280,2013_7,2013,7,대구광역시,1272957,-0.23
1281,2013_7,2013,7,대전광역시,781617,0.0
1282,2013_7,2013,7,부산광역시,1703106,0.14
1283,2013_7,2013,7,서울특별시,4099931,0.08
1284,2013_7,2013,7,세종특별자치시,189805,0.05
1285,2013_7,2013,7,울산광역시,2582997,0.1
1286,2013_7,2013,7,인천광역시,1875985,0.0
1287,2013_7,2013,7,전라남도,2410269,0.09
1288,2013_7,2013,7,전라북도,1730583,0.0
1289,2013_7,2013,7,제주특별자치도,332906,0.21
1290,2013_7,2013,7,충청남도,3708962,-0.14
1291,2013_7,2013,7,충청북도,1770742,-0.05
1292,2014_7,2014,7,강원도,1187271,0.11
1293,2014_7,2014,7,경기도,8529871,0.06
1294,2014_7,2014,7,경상남도,2739786,-0.04
1295,2014_7,2014,7,경상북도,3831939,-0.18
1296,2014_7,2014,7,광주광역시,692995,0.01
1297,2014_7,2014,7,대구광역시,1255757,-0.12
1298,2014_7,2014,7,대전광역시,782699,0.01
1299,2014_7,2014,7,부산광역시,1671763,0.13
1300,2014_7,2014,7,서울특별시,4072242,0.15
1301,2014_7,2014,7,세종특별자치시,203945,0.03
1302,2014_7,2014,7,울산광역시,2590569,0.11
1303,2014_7,2014,7,인천광역시,1933604,0.05
1304,2014_7,2014,7,전라남도,2573919,0.12
1305,2014_7,2014,7,전라북도,1830154,0.0
1306,2014_7,2014,7,제주특별자치도,329068,0.0
1307,2014_7,2014,7,충청남도,3920746,-0.17
1308,2014_7,2014,7,충청북도,1848656,-0.05
1309,2015_7,2015,7,강원도,1209553,0.08
1310,2015_7,2015,7,경기도,8494129,0.1
1311,2015_7,2015,7,경상남도,2709947,-0.08
1312,2015_7,2015,7,경상북도,3607031,-0.21
1313,2015_7,2015,7,광주광역시,714512,-0.04
1314,2015_7,2015,7,대구광역시,1224159,-0.27
1315,2015_7,2015,7,대전광역시,760448,-0.02
1316,2015_7,2015,7,부산광역시,1639718,0.18
1317,2015_7,2015,7,서울특별시,3982172,0.22
1318,2015_7,2015,7,세종특별자치시,217496,0.01
1319,2015_7,2015,7,울산광역시,2611907,-0.03
1320,2015_7,2015,7,인천광역시,1903269,0.1
1321,2015_7,2015,7,전라남도,2453984,0.01
1322,2015_7,2015,7,전라북도,1666071,-0.05
1323,2015_7,2015,7,제주특별자치도,340764,0.03
1324,2015_7,2015,7,충청남도,3956742,-0.15
1325,2015_7,2015,7,충청북도,1886596,-0.12
1326,2016_7,2016,7,강원도,1239943,0.09
1327,2016_7,2016,7,경기도,8997317,0.08
1328,2016_7,2016,7,경상남도,2799026,-0.07
1329,2016_7,2016,7,경상북도,3056868,-0.24
1330,2016_7,2016,7,광주광역시,731855,-0.07
1331,2016_7,2016,7,대구광역시,1282697,-0.15
1332,2016_7,2016,7,대전광역시,801595,0.02
1333,2016_7,2016,7,부산광역시,1717654,0.21
1334,2016_7,2016,7,서울특별시,4101888,0.23
1335,2016_7,2016,7,세종특별자치시,233674,0.1
1336,2016_7,2016,7,울산광역시,2767201,-0.14
1337,2016_7,2016,7,인천광역시,2018624,0.09
1338,2016_7,2016,7,전라남도,2631165,0.03
1339,2016_7,2016,7,전라북도,1832647,0.0
1340,2016_7,2016,7,제주특별자치도,385185,0.03
1341,2016_7,2016,7,충청남도,4019425,-0.16
1342,2016_7,2016,7,충청북도,1973528,-0.14
1343,2017_7,2017,7,강원도,1266281,0.11
1344,2017_7,2017,7,경기도,9771137,0.09
1345,2017_7,2017,7,경상남도,2873069,-0.05
1346,2017_7,2017,7,경상북도,3811468,-0.2
1347,2017_7,2017,7,광주광역시,761988,-0.06
1348,2017_7,2017,7,대구광역시,1349359,-0.21
1349,2017_7,2017,7,대전광역시,826381,0.03
1350,2017_7,2017,7,부산광역시,1815923,0.35
1351,2017_7,2017,7,서울특별시,4273771,0.26
1352,2017_7,2017,7,세종특별자치시,247499,0.08
1353,2017_7,2017,7,울산광역시,2774160,-0.11
1354,2017_7,2017,7,인천광역시,2117650,0.15
1355,2017_7,2017,7,전라남도,2753902,0.09
1356,2017_7,2017,7,전라북도,1828011,0.01
1357,2017_7,2017,7,제주특별자치도,419192,0.07
1358,2017_7,2017,7,충청남도,4240321,-0.15
1359,2017_7,2017,7,충청북도,2078381,-0.13
1360,2018_7,2018,7,강원도,1285711,0.1
1361,2018_7,2018,7,경기도,10296257,0.08
1362,2018_7,2018,7,경상남도,2872740,-0.07
1363,2018_7,2018,7,경상북도,3766046,-0.15
1364,2018_7,2018,7,광주광역시,753263,-0.02
1365,2018_7,2018,7,대구광역시,1342336,-0.12
1366,2018_7,2018,7,대전광역시,824653,0.03
1367,2018_7,2018,7,부산광역시,1813944,0.35
1368,2018_7,2018,7,서울특별시,4260544,0.26
1369,2018_7,2018,7,세종특별자치시,256799,0.03
1370,2018_7,2018,7,울산광역시,2917598,0.01
1371,2018_7,2018,7,인천광역시,2110535,0.08
1372,2018_7,2018,7,전라남도,2799291,0.05
1373,2018_7,2018,7,전라북도,1777088,-0.02
1374,2018_7,2018,7,제주특별자치도,431586,0.13
1375,2018_7,2018,7,충청남도,4342391,-0.05
1376,2018_7,2018,7,충청북도,2179169,-0.06
1377,2019_7,2019,7,강원도,1230225,0.17
1378,2019_7,2019,7,경기도,9730623,0.17
1379,2019_7,2019,7,경상남도,2809322,-0.07
1380,2019_7,2019,7,경상북도,3688216,-0.09
1381,2019_7,2019,7,광주광역시,726581,0.06
1382,2019_7,2019,7,대구광역시,1273370,-0.07
1383,2019_7,2019,7,대전광역시,786884,0.05
1384,2019_7,2019,7,부산광역시,1724989,0.59
1385,2019_7,2019,7,서울특별시,4146986,0.43
1386,2019_7,2019,7,세종특별자치시,274189,0.07
1387,2019_7,2019,7,울산광역시,3024955,0.08
1388,2019_7,2019,7,인천광역시,2039203,0.12
1389,2019_7,2019,7,전라남도,2648712,0.13
1390,2019_7,2019,7,전라북도,1751150,0.05
1391,2019_7,2019,7,제주특별자치도,420071,0.16
1392,2019_7,2019,7,충청남도,4475404,-0.1
1393,2019_7,2019,7,충청북도,2215303,-0.06
1394,2020_7,2020,7,강원도,1218509,0.18
1395,2020_7,2020,7,경기도,10406069,0.17
1396,2020_7,2020,7,경상남도,2698203,-0.09
1397,2020_7,2020,7,경상북도,3281092,-0.12
1398,2020_7,2020,7,광주광역시,723738,0.08
1399,2020_7,2020,7,대구광역시,1221759,-0.05
1400,2020_7,2020,7,대전광역시,799435,0.09
1401,2020_7,2020,7,부산광역시,1701538,0.59
1402,2020_7,2020,7,서울특별시,4074026,0.35
1403,2020_7,2020,7,세종특별자치시,284687,0.13
1404,2020_7,2020,7,울산광역시,2720164,0.02
1405,2020_7,2020,7,인천광역시,1962282,0.13
1406,2020_7,2020,7,전라남도,2525928,0.11
1407,2020_7,2020,7,전라북도,1567216,0.05
1408,2020_7,2020,7,제주특별자치도,424457,0.24
1409,2020_7,2020,7,충청남도,4245607,-0.13
1410,2020_7,2020,7,충청북도,2213059,0.0
1411,2021_7,2021,7,강원도,1320822,0.14
1412,2021_7,2021,7,경기도,11597452,0.06
1413,2021_7,2021,7,경상남도,3008611,-0.16
1414,2021_7,2021,7,경상북도,3702200,-0.1
1415,2021_7,2021,7,광주광역시,790946,0.1
1416,2021_7,2021,7,대구광역시,1344663,-0.06
1417,2021_7,2021,7,대전광역시,862437,0.09
1418,2021_7,2021,7,부산광역시,1861381,0.41
1419,2021_7,2021,7,서울특별시,4406553,0.09
1420,2021_7,2021,7,세종특별자치시,315299,0.13
1421,2021_7,2021,7,울산광역시,2881832,-0.04
1422,2021_7,2021,7,인천광역시,2191297,0.08
1423,2021_7,2021,7,전라남도,2856350,0.2
1424,2021_7,2021,7,전라북도,1803462,0.09
1425,2021_7,2021,7,제주특별자치도,486838,0.22
1426,2021_7,2021,7,충청남도,4137216,-0.06
1427,2021_7,2021,7,충청북도,2404437,0.0
1428,2010_8,2010,8,강원도,1088438,0.1
1429,2010_8,2010,8,경기도,7961584,0.01
1430,2010_8,2010,8,경상남도,2600386,-0.06
1431,2010_8,2010,8,경상북도,3428974,-0.06
1432,2010_8,2010,8,광주광역시,697066,0.08
1433,2010_8,2010,8,대구광역시,1284747,-0.07
1434,2010_8,2010,8,대전광역시,800784,0.12
1435,2010_8,2010,8,부산광역시,1797007,0.23
1436,2010_8,2010,8,서울특별시,4646112,0.03
1437,2010_8,2010,8,세종특별자치시,0,0.08
1438,2010_8,2010,8,울산광역시,2290022,-0.12
1439,2010_8,2010,8,인천광역시,1861369,-0.03
1440,2010_8,2010,8,전라남도,2114591,0.09
1441,2010_8,2010,8,전라북도,1551166,0.03
1442,2010_8,2010,8,제주특별자치도,331375,0.14
1443,2010_8,2010,8,충청남도,3206697,-0.1
1444,2010_8,2010,8,충청북도,1591255,-0.06
1445,2011_8,2011,8,강원도,1176803,0.08
1446,2011_8,2011,8,경기도,8077684,0.01
1447,2011_8,2011,8,경상남도,2671624,-0.05
1448,2011_8,2011,8,경상북도,3576061,-0.1
1449,2011_8,2011,8,광주광역시,712046,0.03
1450,2011_8,2011,8,대구광역시,1286641,-0.08
1451,2011_8,2011,8,대전광역시,816201,0.06
1452,2011_8,2011,8,부산광역시,1793742,0.18
1453,2011_8,2011,8,서울특별시,4433093,0.05
1454,2011_8,2011,8,세종특별자치시,0,0.0
1455,2011_8,2011,8,울산광역시,2382527,-0.06
1456,2011_8,2011,8,인천광역시,1849160,-0.06
1457,2011_8,2011,8,전라남도,2338047,0.06
1458,2011_8,2011,8,전라북도,1712173,0.06
1459,2011_8,2011,8,제주특별자치도,335711,0.06
1460,2011_8,2011,8,충청남도,3537705,-0.04
1461,2011_8,2011,8,충청북도,1660964,-0.04
1462,2012_8,2012,8,강원도,1187258,0.17
1463,2012_8,2012,8,경기도,8351284,0.04
1464,2012_8,2012,8,경상남도,2735873,0.04
1465,2012_8,2012,8,경상북도,3670384,-0.08
1466,2012_8,2012,8,광주광역시,734889,0.01
1467,2012_8,2012,8,대구광역시,1345137,-0.05
1468,2012_8,2012,8,대전광역시,835728,0.08
1469,2012_8,2012,8,부산광역시,1869241,0.17
1470,2012_8,2012,8,서울특별시,4687134,0.13
1471,2012_8,2012,8,세종특별자치시,0,0.0
1472,2012_8,2012,8,울산광역시,2457928,0.01
1473,2012_8,2012,8,인천광역시,1943473,0.04
1474,2012_8,2012,8,전라남도,2466141,0.1
1475,2012_8,2012,8,전라북도,1757560,0.08
1476,2012_8,2012,8,제주특별자치도,355592,0.03
1477,2012_8,2012,8,충청남도,3706104,-0.06
1478,2012_8,2012,8,충청북도,1782368,-0.03
1479,2013_8,2013,8,강원도,1192064,0.26
1480,2013_8,2013,8,경기도,8781449,0.1
1481,2013_8,2013,8,경상남도,2707443,-0.07
1482,2013_8,2013,8,경상북도,3762549,-0.07
1483,2013_8,2013,8,광주광역시,773392,0.05
1484,2013_8,2013,8,대구광역시,1381189,-0.04
1485,2013_8,2013,8,대전광역시,848615,0.09
1486,2013_8,2013,8,부산광역시,1861438,0.28
1487,2013_8,2013,8,서울특별시,4534870,0.23
1488,2013_8,2013,8,세종특별자치시,201942,0.2
1489,2013_8,2013,8,울산광역시,2533220,-0.05
1490,2013_8,2013,8,인천광역시,1930205,0.07
1491,2013_8,2013,8,전라남도,2455720,0.2
1492,2013_8,2013,8,전라북도,1712559,0.12
1493,2013_8,2013,8,제주특별자치도,393840,0.04
1494,2013_8,2013,8,충청남도,3766974,-0.1
1495,2013_8,2013,8,충청북도,1809584,-0.04
1496,2014_8,2014,8,강원도,1214877,0.25
1497,2014_8,2014,8,경기도,8604680,0.13
1498,2014_8,2014,8,경상남도,2644061,-0.1
1499,2014_8,2014,8,경상북도,3686008,-0.06
1500,2014_8,2014,8,광주광역시,717104,0.12
1501,2014_8,2014,8,대구광역시,1273769,-0.09
1502,2014_8,2014,8,대전광역시,798517,0.03
1503,2014_8,2014,8,부산광역시,1739645,0.39
1504,2014_8,2014,8,서울특별시,4260833,0.35
1505,2014_8,2014,8,세종특별자치시,196299,0.66
1506,2014_8,2014,8,울산광역시,2553748,-0.06
1507,2014_8,2014,8,인천광역시,1911112,0.08
1508,2014_8,2014,8,전라남도,2592766,0.34
1509,2014_8,2014,8,전라북도,1767724,0.24
1510,2014_8,2014,8,제주특별자치도,364066,-0.01
1511,2014_8,2014,8,충청남도,3891818,-0.06
1512,2014_8,2014,8,충청북도,1815753,-0.01
1513,2015_8,2015,8,강원도,1286166,0.19
1514,2015_8,2015,8,경기도,9262319,0.18
1515,2015_8,2015,8,경상남도,2763484,-0.08
1516,2015_8,2015,8,경상북도,3680745,-0.04
1517,2015_8,2015,8,광주광역시,754560,0.07
1518,2015_8,2015,8,대구광역시,1334385,0.0
1519,2015_8,2015,8,대전광역시,851386,0.04
1520,2015_8,2015,8,부산광역시,1802549,0.38
1521,2015_8,2015,8,서울특별시,4471860,0.66
1522,2015_8,2015,8,세종특별자치시,218478,1.67
1523,2015_8,2015,8,울산광역시,2609390,-0.11
1524,2015_8,2015,8,인천광역시,2060394,0.11
1525,2015_8,2015,8,전라남도,2747295,0.21
1526,2015_8,2015,8,전라북도,1805578,0.16
1527,2015_8,2015,8,제주특별자치도,398539,-0.02
1528,2015_8,2015,8,충청남도,3976573,-0.05
1529,2015_8,2015,8,충청북도,1905285,-0.02
1530,2016_8,2016,8,강원도,1331494,0.2
1531,2016_8,2016,8,경기도,9808502,0.24
1532,2016_8,2016,8,경상남도,2912513,-0.16
1533,2016_8,2016,8,경상북도,3810108,-0.04
1534,2016_8,2016,8,광주광역시,813713,0.18
1535,2016_8,2016,8,대구광역시,1423080,0.08
1536,2016_8,2016,8,대전광역시,907682,0.08
1537,2016_8,2016,8,부산광역시,1901685,0.29
1538,2016_8,2016,8,서울특별시,4852558,0.41
1539,2016_8,2016,8,세종특별자치시,243882,0.69
1540,2016_8,2016,8,울산광역시,2746691,-0.05
1541,2016_8,2016,8,인천광역시,2159497,0.14
1542,2016_8,2016,8,전라남도,2856132,0.21
1543,2016_8,2016,8,전라북도,1951491,0.17
1544,2016_8,2016,8,제주특별자치도,454259,0.19
1545,2016_8,2016,8,충청남도,4182948,0.0
1546,2016_8,2016,8,충청북도,2055605,-0.05
1547,2017_8,2017,8,강원도,1309951,0.27
1548,2017_8,2017,8,경기도,10298534,0.34
1549,2017_8,2017,8,경상남도,2960983,-0.17
1550,2017_8,2017,8,경상북도,3872112,-0.04
1551,2017_8,2017,8,광주광역시,833272,0.21
1552,2017_8,2017,8,대구광역시,1413997,0.46
1553,2017_8,2017,8,대전광역시,895488,0.23
1554,2017_8,2017,8,부산광역시,1979171,0.23
1555,2017_8,2017,8,서울특별시,4733095,0.45
1556,2017_8,2017,8,세종특별자치시,255802,0.54
1557,2017_8,2017,8,울산광역시,2782576,-0.13
1558,2017_8,2017,8,인천광역시,2225964,0.35
1559,2017_8,2017,8,전라남도,2925331,0.3
1560,2017_8,2017,8,전라북도,1963678,0.25
1561,2017_8,2017,8,제주특별자치도,490005,0.32
1562,2017_8,2017,8,충청남도,4316874,-0.05
1563,2017_8,2017,8,충청북도,2096900,-0.08
1564,2018_8,2018,8,강원도,1421772,0.33
1565,2018_8,2018,8,경기도,11686973,0.18
1566,2018_8,2018,8,경상남도,3145720,-0.19
1567,2018_8,2018,8,경상북도,3996474,-0.01
1568,2018_8,2018,8,광주광역시,893915,0.2
1569,2018_8,2018,8,대구광역시,1565102,0.32
1570,2018_8,2018,8,대전광역시,979932,0.19
1571,2018_8,2018,8,부산광역시,2095583,0.1
1572,2018_8,2018,8,서울특별시,5394746,0.07
1573,2018_8,2018,8,세종특별자치시,285846,0.17
1574,2018_8,2018,8,울산광역시,3081875,-0.02
1575,2018_8,2018,8,인천광역시,2408422,0.29
1576,2018_8,2018,8,전라남도,3082888,0.19
1577,2018_8,2018,8,전라북도,1995297,0.25
1578,2018_8,2018,8,제주특별자치도,520069,0.31
1579,2018_8,2018,8,충청남도,4626019,0.02
1580,2018_8,2018,8,충청북도,2351465,-0.06
1581,2019_8,2019,8,강원도,1359412,0.3
1582,2019_8,2019,8,경기도,11713268,0.17
1583,2019_8,2019,8,경상남도,2968281,-0.25
1584,2019_8,2019,8,경상북도,3852790,-0.11
1585,2019_8,2019,8,광주광역시,821995,0.24
1586,2019_8,2019,8,대구광역시,1433600,0.29
1587,2019_8,2019,8,대전광역시,898970,0.19
1588,2019_8,2019,8,부산광역시,1966047,0.05
1589,2019_8,2019,8,서울특별시,4897882,0.23
1590,2019_8,2019,8,세종특별자치시,289289,0.1
1591,2019_8,2019,8,울산광역시,3054786,-0.08
1592,2019_8,2019,8,인천광역시,2226318,0.2
1593,2019_8,2019,8,전라남도,2785148,0.24
1594,2019_8,2019,8,전라북도,1851288,0.27
1595,2019_8,2019,8,제주특별자치도,507465,0.21
1596,2019_8,2019,8,충청남도,4611353,0.06
1597,2019_8,2019,8,충청북도,2320540,0.01
1598,2020_8,2020,8,강원도,1263509,0.23
1599,2020_8,2020,8,경기도,10976452,0.18
1600,2020_8,2020,8,경상남도,2840866,-0.36
1601,2020_8,2020,8,경상북도,3470234,-0.13
1602,2020_8,2020,8,광주광역시,785930,0.08
1603,2020_8,2020,8,대구광역시,1318926,0.26
1604,2020_8,2020,8,대전광역시,851834,0.27
1605,2020_8,2020,8,부산광역시,1883786,0.03
1606,2020_8,2020,8,서울특별시,4438534,0.36
1607,2020_8,2020,8,세종특별자치시,294023,0.07
1608,2020_8,2020,8,울산광역시,2871555,-0.21
1609,2020_8,2020,8,인천광역시,2075731,0.18
1610,2020_8,2020,8,전라남도,2689690,0.21
1611,2020_8,2020,8,전라북도,1658484,0.22
1612,2020_8,2020,8,제주특별자치도,511679,0.21
1613,2020_8,2020,8,충청남도,4411688,-0.1
1614,2020_8,2020,8,충청북도,2256294,0.1
1615,2021_8,2021,8,강원도,1449135,0.0
1616,2021_8,2021,8,경기도,12196364,0.06
1617,2021_8,2021,8,경상남도,3128818,-0.19
1618,2021_8,2021,8,경상북도,3766708,-0.15
1619,2021_8,2021,8,광주광역시,876521,0.05
1620,2021_8,2021,8,대구광역시,1461379,0.21
1621,2021_8,2021,8,대전광역시,965782,0.1
1622,2021_8,2021,8,부산광역시,2037219,0.0
1623,2021_8,2021,8,서울특별시,5103868,0.59
1624,2021_8,2021,8,세종특별자치시,339002,0.06
1625,2021_8,2021,8,울산광역시,2911724,-0.2
1626,2021_8,2021,8,인천광역시,2387486,0.02
1627,2021_8,2021,8,전라남도,3073050,0.08
1628,2021_8,2021,8,전라북도,1923328,0.12
1629,2021_8,2021,8,제주특별자치도,544310,0.17
1630,2021_8,2021,8,충청남도,4257399,-0.05
1631,2021_8,2021,8,충청북도,2507863,-0.08
1632,2010_9,2010,9,강원도,1058865,-0.05
1633,2010_9,2010,9,경기도,7659696,0.08
1634,2010_9,2010,9,경상남도,2594082,-0.31
1635,2010_9,2010,9,경상북도,3394857,-0.18
1636,2010_9,2010,9,광주광역시,692544,0.15
1637,2010_9,2010,9,대구광역시,1267503,0.25
1638,2010_9,2010,9,대전광역시,770732,0.14
1639,2010_9,2010,9,부산광역시,1806226,-0.07
1640,2010_9,2010,9,서울특별시,4296100,0.86
1641,2010_9,2010,9,세종특별자치시,0,0.21
1642,2010_9,2010,9,울산광역시,2260645,-0.3
1643,2010_9,2010,9,인천광역시,1807585,0.01
1644,2010_9,2010,9,전라남도,2098805,0.17
1645,2010_9,2010,9,전라북도,1553451,0.02
1646,2010_9,2010,9,제주특별자치도,317709,0.09
1647,2010_9,2010,9,충청남도,3139467,-0.13
1648,2010_9,2010,9,충청북도,1524966,-0.17
1649,2011_9,2011,9,강원도,1180929,0.07
1650,2011_9,2011,9,경기도,7742435,0.19
1651,2011_9,2011,9,경상남도,2591648,-0.24
1652,2011_9,2011,9,경상북도,3495235,-0.08
1653,2011_9,2011,9,광주광역시,673056,0.16
1654,2011_9,2011,9,대구광역시,1211616,0.16
1655,2011_9,2011,9,대전광역시,749635,0.15
1656,2011_9,2011,9,부산광역시,1698380,-0.08
1657,2011_9,2011,9,서울특별시,4149017,0.94
1658,2011_9,2011,9,세종특별자치시,0,0.16
1659,2011_9,2011,9,울산광역시,2370648,-0.26
1660,2011_9,2011,9,인천광역시,1752984,0.08
1661,2011_9,2011,9,전라남도,2214157,0.2
1662,2011_9,2011,9,전라북도,1696404,0.0
1663,2011_9,2011,9,제주특별자치도,310488,0.17
1664,2011_9,2011,9,충청남도,3429691,-0.18
1665,2011_9,2011,9,충청북도,1593140,-0.2
1666,2012_9,2012,9,강원도,1137513,0.09
1667,2012_9,2012,9,경기도,7963834,0.17
1668,2012_9,2012,9,경상남도,2615171,-0.25
1669,2012_9,2012,9,경상북도,3791593,-0.09
1670,2012_9,2012,9,광주광역시,671096,0.23
1671,2012_9,2012,9,대구광역시,1227950,0.2
1672,2012_9,2012,9,대전광역시,748795,0.11
1673,2012_9,2012,9,부산광역시,1731297,-0.08
1674,2012_9,2012,9,서울특별시,4034771,0.55
1675,2012_9,2012,9,세종특별자치시,0,0.21
1676,2012_9,2012,9,울산광역시,2458083,-0.24
1677,2012_9,2012,9,인천광역시,1806302,0.07
1678,2012_9,2012,9,전라남도,2363465,0.14
1679,2012_9,2012,9,전라북도,1724665,-0.05
1680,2012_9,2012,9,제주특별자치도,314567,0.08
1681,2012_9,2012,9,충청남도,3577592,-0.19
1682,2012_9,2012,9,충청북도,1701672,-0.09
1683,2013_9,2013,9,강원도,1163211,-0.05
1684,2013_9,2013,9,경기도,8104391,0.13
1685,2013_9,2013,9,경상남도,2658966,-0.29
1686,2013_9,2013,9,경상북도,3685660,-0.14
1687,2013_9,2013,9,광주광역시,702556,0.21
1688,2013_9,2013,9,대구광역시,1255073,0.33
1689,2013_9,2013,9,대전광역시,757394,0.06
1690,2013_9,2013,9,부산광역시,1720611,-0.12
1691,2013_9,2013,9,서울특별시,4064276,0.31
1692,2013_9,2013,9,세종특별자치시,187499,0.32
1693,2013_9,2013,9,울산광역시,2594620,-0.41
1694,2013_9,2013,9,인천광역시,1816536,0.02
1695,2013_9,2013,9,전라남도,2641451,0.14
1696,2013_9,2013,9,전라북도,1702646,0.01
1697,2013_9,2013,9,제주특별자치도,351450,-0.02
1698,2013_9,2013,9,충청남도,3671812,-0.19
1699,2013_9,2013,9,충청북도,1702850,-0.18
1700,2014_9,2014,9,강원도,1179709,-0.15
1701,2014_9,2014,9,경기도,8075793,0.04
1702,2014_9,2014,9,경상남도,2569954,-0.49
1703,2014_9,2014,9,경상북도,3647642,-0.15
1704,2014_9,2014,9,광주광역시,668280,0.2
1705,2014_9,2014,9,대구광역시,1182542,0.26
1706,2014_9,2014,9,대전광역시,734372,-0.01
1707,2014_9,2014,9,부산광역시,1644324,-0.12
1708,2014_9,2014,9,서울특별시,3844677,0.21
1709,2014_9,2014,9,세종특별자치시,190143,0.17
1710,2014_9,2014,9,울산광역시,2453371,-0.69
1711,2014_9,2014,9,인천광역시,1812648,-0.03
1712,2014_9,2014,9,전라남도,2614315,0.09
1713,2014_9,2014,9,전라북도,1736555,-0.1
1714,2014_9,2014,9,제주특별자치도,341393,-0.04
1715,2014_9,2014,9,충청남도,3745396,-0.2
1716,2014_9,2014,9,충청북도,1720379,-0.22
1717,2015_9,2015,9,강원도,1245384,-0.28
1718,2015_9,2015,9,경기도,8605837,0.01
1719,2015_9,2015,9,경상남도,2652444,-0.46
1720,2015_9,2015,9,경상북도,3614368,-0.1
1721,2015_9,2015,9,광주광역시,696736,0.14
1722,2015_9,2015,9,대구광역시,1226328,0.16
1723,2015_9,2015,9,대전광역시,769249,-0.01
1724,2015_9,2015,9,부산광역시,1688758,-0.13
1725,2015_9,2015,9,서울특별시,4006650,0.23
1726,2015_9,2015,9,세종특별자치시,216121,0.2
1727,2015_9,2015,9,울산광역시,2531954,-0.56
1728,2015_9,2015,9,인천광역시,1882874,0.01
1729,2015_9,2015,9,전라남도,2762333,0.16
1730,2015_9,2015,9,전라북도,1804126,-0.07
1731,2015_9,2015,9,제주특별자치도,360964,0.08
1732,2015_9,2015,9,충청남도,3805968,-0.17
1733,2015_9,2015,9,충청북도,1833996,-0.19
1734,2016_9,2016,9,강원도,1270819,-0.24
1735,2016_9,2016,9,경기도,9050972,0.0
1736,2016_9,2016,9,경상남도,2745413,-0.51
1737,2016_9,2016,9,경상북도,3575381,-0.14
1738,2016_9,2016,9,광주광역시,742389,0.27
1739,2016_9,2016,9,대구광역시,1271426,0.14
1740,2016_9,2016,9,대전광역시,792137,0.02
1741,2016_9,2016,9,부산광역시,1741483,-0.14
1742,2016_9,2016,9,서울특별시,4206131,0.32
1743,2016_9,2016,9,세종특별자치시,227429,0.29
1744,2016_9,2016,9,울산광역시,2720426,-0.7
1745,2016_9,2016,9,인천광역시,1946465,-0.08
1746,2016_9,2016,9,전라남도,2805440,0.16
1747,2016_9,2016,9,전라북도,1848355,-0.08
1748,2016_9,2016,9,제주특별자치도,405821,0.04
1749,2016_9,2016,9,충청남도,3924897,-0.17
1750,2016_9,2016,9,충청북도,1928928,-0.2
1751,2017_9,2017,9,강원도,1242820,-0.22
1752,2017_9,2017,9,경기도,9494123,0.05
1753,2017_9,2017,9,경상남도,2879660,-0.65
1754,2017_9,2017,9,경상북도,3757191,-0.24
1755,2017_9,2017,9,광주광역시,758365,0.29
1756,2017_9,2017,9,대구광역시,1306140,0.19
1757,2017_9,2017,9,대전광역시,787503,0.16
1758,2017_9,2017,9,부산광역시,1848565,-0.23
1759,2017_9,2017,9,서울특별시,3998064,0.63
1760,2017_9,2017,9,세종특별자치시,245761,0.07
1761,2017_9,2017,9,울산광역시,2706478,-0.85
1762,2017_9,2017,9,인천광역시,2043139,-0.17
1763,2017_9,2017,9,전라남도,2827403,0.22
1764,2017_9,2017,9,전라북도,1875214,-0.01
1765,2017_9,2017,9,제주특별자치도,430854,-0.04
1766,2017_9,2017,9,충청남도,4109028,-0.18
1767,2017_9,2017,9,충청북도,2025762,-0.28
1768,2018_9,2018,9,강원도,1265459,-0.1
1769,2018_9,2018,9,경기도,10161728,0.47
1770,2018_9,2018,9,경상남도,2806144,-0.51
1771,2018_9,2018,9,경상북도,3746095,-0.2
1772,2018_9,2018,9,광주광역시,765904,0.67
1773,2018_9,2018,9,대구광역시,1309344,0.36
1774,2018_9,2018,9,대전광역시,816848,0.18
1775,2018_9,2018,9,부산광역시,1841933,-0.13
1776,2018_9,2018,9,서울특별시,4262672,1.25
1777,2018_9,2018,9,세종특별자치시,258021,0.01
1778,2018_9,2018,9,울산광역시,2922434,-0.59
1779,2018_9,2018,9,인천광역시,2019014,0.01
1780,2018_9,2018,9,전라남도,2901849,0.28
1781,2018_9,2018,9,전라북도,1884073,0.07
1782,2018_9,2018,9,제주특별자치도,457711,0.2
1783,2018_9,2018,9,충청남도,4195755,-0.03
1784,2018_9,2018,9,충청북도,2114050,-0.2
1785,2019_9,2019,9,강원도,1261886,-0.19
1786,2019_9,2019,9,경기도,10267027,0.42
1787,2019_9,2019,9,경상남도,2814273,-0.43
1788,2019_9,2019,9,경상북도,3509529,-0.19
1789,2019_9,2019,9,광주광역시,756642,0.61
1790,2019_9,2019,9,대구광역시,1314078,0.56
1791,2019_9,2019,9,대전광역시,826527,0.57
1792,2019_9,2019,9,부산광역시,1847006,-0.09
1793,2019_9,2019,9,서울특별시,4305561,0.51
1794,2019_9,2019,9,세종특별자치시,276593,0.17
1795,2019_9,2019,9,울산광역시,2951355,-0.76
1796,2019_9,2019,9,인천광역시,2030427,0.15
1797,2019_9,2019,9,전라남도,2745194,0.35
1798,2019_9,2019,9,전라북도,1865632,0.07
1799,2019_9,2019,9,제주특별자치도,461504,0.05
1800,2019_9,2019,9,충청남도,4253081,-0.17
1801,2019_9,2019,9,충청북도,2162975,-0.27
1802,2020_9,2020,9,강원도,1313721,-0.15
1803,2020_9,2020,9,경기도,10912340,0.26
1804,2020_9,2020,9,경상남도,2971651,-0.31
1805,2020_9,2020,9,경상북도,3581368,-0.15
1806,2020_9,2020,9,광주광역시,810366,0.46
1807,2020_9,2020,9,대구광역시,1398370,0.53
1808,2020_9,2020,9,대전광역시,873979,0.63
1809,2020_9,2020,9,부산광역시,1944267,-0.13
1810,2020_9,2020,9,서울특별시,4284346,0.2
1811,2020_9,2020,9,세종특별자치시,310726,0.27
1812,2020_9,2020,9,울산광역시,2851863,-0.83
1813,2020_9,2020,9,인천광역시,2112103,0.3
1814,2020_9,2020,9,전라남도,2789449,0.55
1815,2020_9,2020,9,전라북도,1803285,0.08
1816,2020_9,2020,9,제주특별자치도,481909,0.21
1817,2020_9,2020,9,충청남도,4363187,-0.08
1818,2020_9,2020,9,충청북도,2307863,-0.19
1819,2021_9,2021,9,강원도,1312553,-0.3
1820,2021_9,2021,9,경기도,11371799,0.03
1821,2021_9,2021,9,경상남도,2906446,-0.46
1822,2021_9,2021,9,경상북도,3678036,-0.25
1823,2021_9,2021,9,광주광역시,781758,0.42
1824,2021_9,2021,9,대구광역시,1301387,0.44
1825,2021_9,2021,9,대전광역시,830846,0.5
1826,2021_9,2021,9,부산광역시,1842289,-0.18
1827,2021_9,2021,9,서울특별시,4145083,0.04
1828,2021_9,2021,9,세종특별자치시,309351,0.05
1829,2021_9,2021,9,울산광역시,2861562,-0.89
1830,2021_9,2021,9,인천광역시,2065171,0.32
1831,2021_9,2021,9,전라남도,2836764,0.39
1832,2021_9,2021,9,전라북도,1791056,0.05
1833,2021_9,2021,9,제주특별자치도,495549,0.14
1834,2021_9,2021,9,충청남도,3978322,-0.15
1835,2021_9,2021,9,충청북도,2310912,-0.31
1836,2010_10,2010,10,강원도,1116695,-0.22
1837,2010_10,2010,10,경기도,6868326,-0.13
1838,2010_10,2010,10,경상남도,2428098,-0.41
1839,2010_10,2010,10,경상북도,3370268,-0.25
1840,2010_10,2010,10,광주광역시,605233,0.18
1841,2010_10,2010,10,대구광역시,1080432,0.15
1842,2010_10,2010,10,대전광역시,668362,0.25
1843,2010_10,2010,10,부산광역시,1571374,-0.19
1844,2010_10,2010,10,서울특별시,3441549,-0.2
1845,2010_10,2010,10,세종특별자치시,0,0.07
1846,2010_10,2010,10,울산광역시,2168811,-0.67
1847,2010_10,2010,10,인천광역시,1690609,-0.04
1848,2010_10,2010,10,전라남도,2098914,0.17
1849,2010_10,2010,10,전라북도,1493322,-0.1
1850,2010_10,2010,10,제주특별자치도,270423,-0.05
1851,2010_10,2010,10,충청남도,3167916,-0.24
1852,2010_10,2010,10,충청북도,1503473,-0.33
1853,2011_10,2011,10,강원도,1242326,-0.13
1854,2011_10,2011,10,경기도,7370838,-0.11
1855,2011_10,2011,10,경상남도,2548905,-0.26
1856,2011_10,2011,10,경상북도,3613546,-0.2
1857,2011_10,2011,10,광주광역시,618928,0.14
1858,2011_10,2011,10,대구광역시,1125749,0.08
1859,2011_10,2011,10,대전광역시,673068,0.12
1860,2011_10,2011,10,부산광역시,1596236,-0.13
1861,2011_10,2011,10,서울특별시,3458466,-0.19
1862,2011_10,2011,10,세종특별자치시,0,-0.08
1863,2011_10,2011,10,울산광역시,2361751,-0.43
1864,2011_10,2011,10,인천광역시,1769220,-0.05
1865,2011_10,2011,10,전라남도,2259138,0.14
1866,2011_10,2011,10,전라북도,1688228,-0.04
1867,2011_10,2011,10,제주특별자치도,281649,-0.01
1868,2011_10,2011,10,충청남도,3376382,-0.17
1869,2011_10,2011,10,충청북도,1618890,-0.22
1870,2012_10,2012,10,강원도,1160784,-0.25
1871,2012_10,2012,10,경기도,7394755,-0.18
1872,2012_10,2012,10,경상남도,2387768,-0.29
1873,2012_10,2012,10,경상북도,3266846,-0.18
1874,2012_10,2012,10,광주광역시,599532,0.07
1875,2012_10,2012,10,대구광역시,1084282,0.05
1876,2012_10,2012,10,대전광역시,664620,0.06
1877,2012_10,2012,10,부산광역시,1531025,-0.17
1878,2012_10,2012,10,서울특별시,3387032,-0.22
1879,2012_10,2012,10,세종특별자치시,170446,-0.2
1880,2012_10,2012,10,울산광역시,2440296,-0.43
1881,2012_10,2012,10,인천광역시,1701322,-0.05
1882,2012_10,2012,10,전라남도,2324550,0.14
1883,2012_10,2012,10,전라북도,1575263,-0.14
1884,2012_10,2012,10,제주특별자치도,283475,-0.03
1885,2012_10,2012,10,충청남도,3332487,-0.24
1886,2012_10,2012,10,충청북도,1590133,-0.27
1887,2013_10,2013,10,강원도,1158325,-0.19
1888,2013_10,2013,10,경기도,7628964,-0.32
1889,2013_10,2013,10,경상남도,2550466,-0.33
1890,2013_10,2013,10,경상북도,3669028,-0.29
1891,2013_10,2013,10,광주광역시,630561,0.04
1892,2013_10,2013,10,대구광역시,1126448,0.02
1893,2013_10,2013,10,대전광역시,686707,0.02
1894,2013_10,2013,10,부산광역시,1565677,-0.22
1895,2013_10,2013,10,서울특별시,3388520,-0.18
1896,2013_10,2013,10,세종특별자치시,185655,-0.61
1897,2013_10,2013,10,울산광역시,2547128,-0.55
1898,2013_10,2013,10,인천광역시,1733855,-0.05
1899,2013_10,2013,10,전라남도,2500516,0.2
1900,2013_10,2013,10,전라북도,1712623,-0.16
1901,2013_10,2013,10,제주특별자치도,307499,-0.04
1902,2013_10,2013,10,충청남도,3776212,-0.21
1903,2013_10,2013,10,충청북도,1778198,-0.39
1904,2014_10,2014,10,강원도,1226324,-0.39
1905,2014_10,2014,10,경기도,7860233,-0.25
1906,2014_10,2014,10,경상남도,2580948,-0.28
1907,2014_10,2014,10,경상북도,3733519,-0.22
1908,2014_10,2014,10,광주광역시,629549,-0.02
1909,2014_10,2014,10,대구광역시,1147482,0.06
1910,2014_10,2014,10,대전광역시,699688,0.21
1911,2014_10,2014,10,부산광역시,1576153,-0.22
1912,2014_10,2014,10,서울특별시,3396751,-0.11
1913,2014_10,2014,10,세종특별자치시,197354,-0.3
1914,2014_10,2014,10,울산광역시,2519310,-0.39
1915,2014_10,2014,10,인천광역시,1823647,-0.03
1916,2014_10,2014,10,전라남도,2774211,0.13
1917,2014_10,2014,10,전라북도,1751897,-0.09
1918,2014_10,2014,10,제주특별자치도,318161,-0.03
1919,2014_10,2014,10,충청남도,3818065,-0.16
1920,2014_10,2014,10,충청북도,1762169,-0.34
1921,2015_10,2015,10,강원도,1243791,-0.26
1922,2015_10,2015,10,경기도,7991732,-0.17
1923,2015_10,2015,10,경상남도,2584405,-0.32
1924,2015_10,2015,10,경상북도,3622497,-0.24
1925,2015_10,2015,10,광주광역시,637335,-0.04
1926,2015_10,2015,10,대구광역시,1119902,0.03
1927,2015_10,2015,10,대전광역시,691185,0.36
1928,2015_10,2015,10,부산광역시,1548416,-0.22
1929,2015_10,2015,10,서울특별시,3375006,-0.04
1930,2015_10,2015,10,세종특별자치시,210028,-0.42
1931,2015_10,2015,10,울산광역시,2468033,-0.37
1932,2015_10,2015,10,인천광역시,1819691,0.0
1933,2015_10,2015,10,전라남도,2490118,0.16
1934,2015_10,2015,10,전라북도,1736826,-0.14
1935,2015_10,2015,10,제주특별자치도,329414,-0.15
1936,2015_10,2015,10,충청남도,3779524,-0.15
1937,2015_10,2015,10,충청북도,1803187,-0.4
1938,2016_10,2016,10,강원도,1236128,-0.32
1939,2016_10,2016,10,경기도,8323349,-0.07
1940,2016_10,2016,10,경상남도,2593761,-0.44
1941,2016_10,2016,10,경상북도,3478600,-0.17
1942,2016_10,2016,10,광주광역시,650524,-0.05
1943,2016_10,2016,10,대구광역시,1155560,0.01
1944,2016_10,2016,10,대전광역시,696965,0.35
1945,2016_10,2016,10,부산광역시,1607309,-0.21
1946,2016_10,2016,10,서울특별시,3436055,0.07
1947,2016_10,2016,10,세종특별자치시,216962,-0.28
1948,2016_10,2016,10,울산광역시,2677199,-0.31
1949,2016_10,2016,10,인천광역시,1820561,-0.04
1950,2016_10,2016,10,전라남도,2782724,0.14
1951,2016_10,2016,10,전라북도,1753092,-0.14
1952,2016_10,2016,10,제주특별자치도,350595,-0.3
1953,2016_10,2016,10,충청남도,3903213,-0.11
1954,2016_10,2016,10,충청북도,1866583,-0.33
1955,2017_10,2017,10,강원도,1228640,-0.43
1956,2017_10,2017,10,경기도,8547612,0.01
1957,2017_10,2017,10,경상남도,2456870,-0.4
1958,2017_10,2017,10,경상북도,3581571,-0.19
1959,2017_10,2017,10,광주광역시,631753,-0.01
1960,2017_10,2017,10,대구광역시,1107848,0.03
1961,2017_10,2017,10,대전광역시,680663,0.77
1962,2017_10,2017,10,부산광역시,1569820,-0.16
1963,2017_10,2017,10,서울특별시,3329882,0.14
1964,2017_10,2017,10,세종특별자치시,215765,-0.08
1965,2017_10,2017,10,울산광역시,2617830,-0.26
1966,2017_10,2017,10,인천광역시,1820833,-0.11
1967,2017_10,2017,10,전라남도,2737099,0.15
1968,2017_10,2017,10,전라북도,1710326,-0.15
1969,2017_10,2017,10,제주특별자치도,366234,-0.34
1970,2017_10,2017,10,충청남도,3903713,-0.18
1971,2017_10,2017,10,충청북도,1862331,-0.35
1972,2018_10,2018,10,강원도,1242919,-0.38
1973,2018_10,2018,10,경기도,9131921,0.11
1974,2018_10,2018,10,경상남도,2628697,-0.39
1975,2018_10,2018,10,경상북도,3612135,-0.16
1976,2018_10,2018,10,광주광역시,644127,0.01
1977,2018_10,2018,10,대구광역시,1136572,0.08
1978,2018_10,2018,10,대전광역시,694831,0.94
1979,2018_10,2018,10,부산광역시,1605288,-0.17
1980,2018_10,2018,10,서울특별시,3320082,0.17
1981,2018_10,2018,10,세종특별자치시,236501,0.0
1982,2018_10,2018,10,울산광역시,2834630,-0.19
1983,2018_10,2018,10,인천광역시,1879956,0.16
1984,2018_10,2018,10,전라남도,2639565,0.13
1985,2018_10,2018,10,전라북도,1800278,-0.19
1986,2018_10,2018,10,제주특별자치도,381138,-0.37
1987,2018_10,2018,10,충청남도,4142499,-0.11
1988,2018_10,2018,10,충청북도,2046337,-0.24
1989,2019_10,2019,10,강원도,1233916,-0.14
1990,2019_10,2019,10,경기도,9519509,0.18
1991,2019_10,2019,10,경상남도,2671846,-0.31
1992,2019_10,2019,10,경상북도,3443730,-0.14
1993,2019_10,2019,10,광주광역시,663822,0.02
1994,2019_10,2019,10,대구광역시,1189613,0.19
1995,2019_10,2019,10,대전광역시,728259,1.22
1996,2019_10,2019,10,부산광역시,1676463,-0.12
1997,2019_10,2019,10,서울특별시,3568257,0.44
1998,2019_10,2019,10,세종특별자치시,260172,0.1
1999,2019_10,2019,10,울산광역시,2780513,0.04
2000,2019_10,2019,10,인천광역시,1821469,0.15
2001,2019_10,2019,10,전라남도,2617393,0.16
2002,2019_10,2019,10,전라북도,1792961,-0.1
2003,2019_10,2019,10,제주특별자치도,402849,-0.47
2004,2019_10,2019,10,충청남도,4141846,-0.08
2005,2019_10,2019,10,충청북도,2110201,-0.25
2006,2020_10,2020,10,강원도,1236878,-0.11
2007,2020_10,2020,10,경기도,9507671,0.28
2008,2020_10,2020,10,경상남도,2570214,-0.12
2009,2020_10,2020,10,경상북도,3275161,-0.14
2010,2020_10,2020,10,광주광역시,644709,0.1
2011,2020_10,2020,10,대구광역시,1102514,0.22
2012,2020_10,2020,10,대전광역시,729618,1.17
2013,2020_10,2020,10,부산광역시,1555323,0.05
2014,2020_10,2020,10,서울특별시,3313412,0.5
2015,2020_10,2020,10,세종특별자치시,266062,0.03
2016,2020_10,2020,10,울산광역시,2770770,0.19
2017,2020_10,2020,10,인천광역시,1783811,0.22
2018,2020_10,2020,10,전라남도,2512669,0.18
2019,2020_10,2020,10,전라북도,1594954,-0.14
2020,2020_10,2020,10,제주특별자치도,390770,-0.53
2021,2020_10,2020,10,충청남도,3720147,-0.07
2022,2020_10,2020,10,충청북도,2090628,-0.09
2023,2021_10,2021,10,강원도,1280881,-0.16
2024,2021_10,2021,10,경기도,10387205,0.5
2025,2021_10,2021,10,경상남도,2697874,0.01
2026,2021_10,2021,10,경상북도,3627776,-0.19
2027,2021_10,2021,10,광주광역시,705604,0.12
2028,2021_10,2021,10,대구광역시,1175079,0.29
2029,2021_10,2021,10,대전광역시,754358,1.15
2030,2021_10,2021,10,부산광역시,1680885,0.45
2031,2021_10,2021,10,서울특별시,3578614,0.86
2032,2021_10,2021,10,세종특별자치시,286701,0.83
2033,2021_10,2021,10,울산광역시,2797170,0.4
2034,2021_10,2021,10,인천광역시,1925023,0.41
2035,2021_10,2021,10,전라남도,2726495,0.15
2036,2021_10,2021,10,전라북도,1679464,-0.04
2037,2021_10,2021,10,제주특별자치도,446949,-0.53
2038,2021_10,2021,10,충청남도,3855222,0.1
2039,2021_10,2021,10,충청북도,2232923,0.01
2040,2010_11,2010,11,강원도,1297575,-0.12
2041,2010_11,2010,11,경기도,7866013,0.48
2042,2010_11,2010,11,경상남도,2623317,0.01
2043,2010_11,2010,11,경상북도,3498295,-0.13
2044,2010_11,2010,11,광주광역시,632721,0.11
2045,2010_11,2010,11,대구광역시,1164842,0.41
2046,2010_11,2010,11,대전광역시,705397,1.26
2047,2010_11,2010,11,부산광역시,1616403,0.18
2048,2010_11,2010,11,서울특별시,3603223,0.34
2049,2010_11,2010,11,세종특별자치시,0,1.84
2050,2010_11,2010,11,울산광역시,2219654,0.33
2051,2010_11,2010,11,인천광역시,1802665,0.2
2052,2010_11,2010,11,전라남도,2163915,0.17
2053,2010_11,2010,11,전라북도,1608650,0.04
2054,2010_11,2010,11,제주특별자치도,286959,-0.31
2055,2010_11,2010,11,충청남도,3362576,0.02
2056,2010_11,2010,11,충청북도,1641772,0.03
2057,2011_11,2011,11,강원도,1331481,0.0
2058,2011_11,2011,11,경기도,7768998,0.78
2059,2011_11,2011,11,경상남도,2672113,0.11
2060,2011_11,2011,11,경상북도,3668855,0.01
2061,2011_11,2011,11,광주광역시,635724,0.12
2062,2011_11,2011,11,대구광역시,1176821,0.29
2063,2011_11,2011,11,대전광역시,698819,1.1
2064,2011_11,2011,11,부산광역시,1625214,0.1
2065,2011_11,2011,11,서울특별시,3527460,0.15
2066,2011_11,2011,11,세종특별자치시,0,1.99
2067,2011_11,2011,11,울산광역시,2338561,0.43
2068,2011_11,2011,11,인천광역시,1792105,0.43
2069,2011_11,2011,11,전라남도,2350455,0.15
2070,2011_11,2011,11,전라북도,1773244,0.08
2071,2011_11,2011,11,제주특별자치도,292227,-0.25
2072,2011_11,2011,11,충청남도,3534510,0.04
2073,2011_11,2011,11,충청북도,1680872,0.02
2074,2012_11,2012,11,강원도,1322410,0.09
2075,2012_11,2012,11,경기도,8204136,1.31
2076,2012_11,2012,11,경상남도,2658605,0.11
2077,2012_11,2012,11,경상북도,3717561,-0.03
2078,2012_11,2012,11,광주광역시,656591,0.08
2079,2012_11,2012,11,대구광역시,1190760,0.06
2080,2012_11,2012,11,대전광역시,721467,1.3
2081,2012_11,2012,11,부산광역시,1647057,0.03
2082,2012_11,2012,11,서울특별시,3556636,0.13
2083,2012_11,2012,11,세종특별자치시,197571,4.24
2084,2012_11,2012,11,울산광역시,2397377,0.37
2085,2012_11,2012,11,인천광역시,1850798,1.61
2086,2012_11,2012,11,전라남도,2471144,0.13
2087,2012_11,2012,11,전라북도,1649186,0.11
2088,2012_11,2012,11,제주특별자치도,305359,-0.25
2089,2012_11,2012,11,충청남도,3611584,0.03
2090,2012_11,2012,11,충청북도,1757894,0.12
2091,2013_11,2013,11,강원도,1319470,0.0
2092,2013_11,2013,11,경기도,8216400,0.75
2093,2013_11,2013,11,경상남도,2711209,0.01
2094,2013_11,2013,11,경상북도,3805039,-0.09
2095,2013_11,2013,11,광주광역시,653890,0.03
2096,2013_11,2013,11,대구광역시,1189890,-0.12
2097,2013_11,2013,11,대전광역시,715260,0.89
2098,2013_11,2013,11,부산광역시,1596068,-0.05
2099,2013_11,2013,11,서울특별시,3462656,-0.02
2100,2013_11,2013,11,세종특별자치시,197762,1.5
2101,2013_11,2013,11,울산광역시,2497831,0.15
2102,2013_11,2013,11,인천광역시,1827736,1.05
2103,2013_11,2013,11,전라남도,2549661,0.09
2104,2013_11,2013,11,전라북도,1837859,0.09
2105,2013_11,2013,11,제주특별자치도,319307,-0.29
2106,2013_11,2013,11,충청남도,3940691,-0.04
2107,2013_11,2013,11,충청북도,1680157,0.02
2108,2014_11,2014,11,강원도,1355140,0.06
2109,2014_11,2014,11,경기도,8280549,0.4
2110,2014_11,2014,11,경상남도,2694710,-0.07
2111,2014_11,2014,11,경상북도,3774305,-0.05
2112,2014_11,2014,11,광주광역시,655913,-0.01
2113,2014_11,2014,11,대구광역시,1190355,0.0
2114,2014_11,2014,11,대전광역시,724232,0.43
2115,2014_11,2014,11,부산광역시,1593205,-0.01
2116,2014_11,2014,11,서울특별시,3403955,-0.09
2117,2014_11,2014,11,세종특별자치시,210215,0.32
2118,2014_11,2014,11,울산광역시,2434592,0.1
2119,2014_11,2014,11,인천광역시,1822629,0.59
2120,2014_11,2014,11,전라남도,2587553,0.09
2121,2014_11,2014,11,전라북도,1836120,0.06
2122,2014_11,2014,11,제주특별자치도,334243,-0.28
2123,2014_11,2014,11,충청남도,3982861,0.01
2124,2014_11,2014,11,충청북도,1848269,0.16
2125,2015_11,2015,11,강원도,1315133,0.15
2126,2015_11,2015,11,경기도,8471689,0.68
2127,2015_11,2015,11,경상남도,2710128,0.15
2128,2015_11,2015,11,경상북도,3603675,-0.01
2129,2015_11,2015,11,광주광역시,660658,-0.01
2130,2015_11,2015,11,대구광역시,1179855,0.22
2131,2015_11,2015,11,대전광역시,704168,2.19
2132,2015_11,2015,11,부산광역시,1584107,0.06
2133,2015_11,2015,11,서울특별시,3395776,0.13
2134,2015_11,2015,11,세종특별자치시,223583,2.13
2135,2015_11,2015,11,울산광역시,2441240,0.28
2136,2015_11,2015,11,인천광역시,1879980,0.77
2137,2015_11,2015,11,전라남도,2668793,0.16
2138,2015_11,2015,11,전라북도,1811060,0.13
2139,2015_11,2015,11,제주특별자치도,345844,-0.24
2140,2015_11,2015,11,충청남도,3964026,0.11
2141,2015_11,2015,11,충청북도,1903811,1.58
2142,2016_11,2016,11,강원도,1377388,0.38
2143,2016_11,2016,11,경기도,8926704,0.96
2144,2016_11,2016,11,경상남도,2767897,0.36
2145,2016_11,2016,11,경상북도,3685279,0.22
2146,2016_11,2016,11,광주광역시,679694,0.04
2147,2016_11,2016,11,대구광역시,1224999,0.26
2148,2016_11,2016,11,대전광역시,717172,0.82
2149,2016_11,2016,11,부산광역시,1626102,0.57
2150,2016_11,2016,11,서울특별시,3479675,0.71
2151,2016_11,2016,11,세종특별자치시,232698,5.38
2152,2016_11,2016,11,울산광역시,2491851,0.45
2153,2016_11,2016,11,인천광역시,1962339,0.47
2154,2016_11,2016,11,전라남도,2734027,0.19
2155,2016_11,2016,11,전라북도,1873392,0.21
2156,2016_11,2016,11,제주특별자치도,361557,-0.14
2157,2016_11,2016,11,충청남도,4107340,0.58
2158,2016_11,2016,11,충청북도,2008353,0.47
2159,2017_11,2017,11,강원도,1413444,0.22
2160,2017_11,2017,11,경기도,9438810,0.68
2161,2017_11,2017,11,경상남도,2786077,0.2
2162,2017_11,2017,11,경상북도,3862255,0.32
2163,2017_11,2017,11,광주광역시,680055,0.07
2164,2017_11,2017,11,대구광역시,1220287,0.48
2165,2017_11,2017,11,대전광역시,730894,0.75
2166,2017_11,2017,11,부산광역시,1675282,0.46
2167,2017_11,2017,11,서울특별시,3488082,0.42
2168,2017_11,2017,11,세종특별자치시,242114,7.69
2169,2017_11,2017,11,울산광역시,2511997,0.43
2170,2017_11,2017,11,인천광역시,1979776,0.19
2171,2017_11,2017,11,전라남도,2675816,0.27
2172,2017_11,2017,11,전라북도,1854753,0.18
2173,2017_11,2017,11,제주특별자치도,383331,-0.1
2174,2017_11,2017,11,충청남도,4263162,0.57
2175,2017_11,2017,11,충청북도,2086963,0.12
2176,2018_11,2018,11,강원도,1400538,0.2
2177,2018_11,2018,11,경기도,9791981,0.6
2178,2018_11,2018,11,경상남도,2814898,0.13
2179,2018_11,2018,11,경상북도,3752565,0.24
2180,2018_11,2018,11,광주광역시,672600,0.1
2181,2018_11,2018,11,대구광역시,1210936,0.72
2182,2018_11,2018,11,대전광역시,727020,1.19
2183,2018_11,2018,11,부산광역시,1639619,0.55
2184,2018_11,2018,11,서울특별시,3460909,0.27
2185,2018_11,2018,11,세종특별자치시,254634,3.83
2186,2018_11,2018,11,울산광역시,2784126,0.61
2187,2018_11,2018,11,인천광역시,1956641,0.21
2188,2018_11,2018,11,전라남도,2602028,0.2
2189,2018_11,2018,11,전라북도,1892713,0.22
2190,2018_11,2018,11,제주특별자치도,392795,-0.09
2191,2018_11,2018,11,충청남도,4358066,0.47
2192,2018_11,2018,11,충청북도,2193060,0.06
2193,2019_11,2019,11,강원도,1345986,0.29
2194,2019_11,2019,11,경기도,9728880,0.41
2195,2019_11,2019,11,경상남도,2728516,0.08
2196,2019_11,2019,11,경상북도,3491135,0.15
2197,2019_11,2019,11,광주광역시,663133,0.09
2198,2019_11,2019,11,대구광역시,1181452,0.75
2199,2019_11,2019,11,대전광역시,722433,0.81
2200,2019_11,2019,11,부산광역시,1633512,0.49
2201,2019_11,2019,11,서울특별시,3481097,0.16
2202,2019_11,2019,11,세종특별자치시,263661,1.43
2203,2019_11,2019,11,울산광역시,2716824,0.62
2204,2019_11,2019,11,인천광역시,1921931,0.21
2205,2019_11,2019,11,전라남도,2498812,0.28
2206,2019_11,2019,11,전라북도,1821636,0.21
2207,2019_11,2019,11,제주특별자치도,403996,-0.11
2208,2019_11,2019,11,충청남도,4338290,0.33
2209,2019_11,2019,11,충청북도,2170273,0.11
2210,2020_11,2020,11,강원도,1360652,0.33
2211,2020_11,2020,11,경기도,10142580,0.74
2212,2020_11,2020,11,경상남도,2847815,0.35
2213,2020_11,2020,11,경상북도,3456222,0.22
2214,2020_11,2020,11,광주광역시,681435,0.23
2215,2020_11,2020,11,대구광역시,1190723,1.06
2216,2020_11,2020,11,대전광역시,713731,1.02
2217,2020_11,2020,11,부산광역시,1623880,1.28
2218,2020_11,2020,11,서울특별시,3450679,0.17
2219,2020_11,2020,11,세종특별자치시,288056,0.94
2220,2020_11,2020,11,울산광역시,2713150,1.08
2221,2020_11,2020,11,인천광역시,1885452,0.42
2222,2020_11,2020,11,전라남도,2416994,0.32
2223,2020_11,2020,11,전라북도,1695470,0.24
2224,2020_11,2020,11,제주특별자치도,411424,-0.06
2225,2020_11,2020,11,충청남도,4008747,0.42
2226,2020_11,2020,11,충청북도,2259110,0.25
2227,2021_11,2021,11,강원도,1406178,0.37
2228,2021_11,2021,11,경기도,10761065,0.99
2229,2021_11,2021,11,경상남도,2868923,1.26
2230,2021_11,2021,11,경상북도,3609835,0.52
2231,2021_11,2021,11,광주광역시,710814,1.08
2232,2021_11,2021,11,대구광역시,1221063,1.59
2233,2021_11,2021,11,대전광역시,753811,1.41
2234,2021_11,2021,11,부산광역시,1674216,2.12
2235,2021_11,2021,11,서울특별시,3537141,0.26
2236,2021_11,2021,11,세종특별자치시,297290,0.89
2237,2021_11,2021,11,울산광역시,2746286,2.54
2238,2021_11,2021,11,인천광역시,1946417,0.48
2239,2021_11,2021,11,전라남도,2679718,0.35
2240,2021_11,2021,11,전라북도,1736069,0.74
2241,2021_11,2021,11,제주특별자치도,438179,0.0
2242,2021_11,2021,11,충청남도,4108694,0.68
2243,2021_11,2021,11,충청북도,2333918,0.58
2244,2010_12,2010,12,강원도,1442404,0.54
2245,2010_12,2010,12,경기도,8452695,1.11
2246,2010_12,2010,12,경상남도,2914222,0.69
2247,2010_12,2010,12,경상북도,3773932,0.71
2248,2010_12,2010,12,광주광역시,685316,0.57
2249,2010_12,2010,12,대구광역시,1287342,1.15
2250,2010_12,2010,12,대전광역시,779416,1.15
2251,2010_12,2010,12,부산광역시,1768368,1.34
2252,2010_12,2010,12,서울특별시,4022925,0.4
2253,2010_12,2010,12,세종특별자치시,0,0.88
2254,2010_12,2010,12,울산광역시,2339537,1.52
2255,2010_12,2010,12,인천광역시,1980971,0.72
2256,2010_12,2010,12,전라남도,2356637,0.24
2257,2010_12,2010,12,전라북도,1757331,0.24
2258,2010_12,2010,12,제주특별자치도,307358,0.12
2259,2010_12,2010,12,충청남도,3622961,0.62
2260,2010_12,2010,12,충청북도,1784532,0.43
2261,2011_12,2011,12,강원도,1484037,0.52
2262,2011_12,2011,12,경기도,8516923,1.63
2263,2011_12,2011,12,경상남도,2986919,0.37
2264,2011_12,2011,12,경상북도,3825516,0.6
2265,2011_12,2011,12,광주광역시,674224,0.4
2266,2011_12,2011,12,대구광역시,1281465,1.3
2267,2011_12,2011,12,대전광역시,762226,1.26
2268,2011_12,2011,12,부산광역시,1751788,0.99
2269,2011_12,2011,12,서울특별시,3899848,0.51
2270,2011_12,2011,12,세종특별자치시,0,0.87
2271,2011_12,2011,12,울산광역시,2406404,0.85
2272,2011_12,2011,12,인천광역시,1962683,1.16
2273,2011_12,2011,12,전라남도,2386945,0.2
2274,2011_12,2011,12,전라북도,1875230,0.14
2275,2011_12,2011,12,제주특별자치도,312570,0.15
2276,2011_12,2011,12,충청남도,3720993,0.56
2277,2011_12,2011,12,충청북도,1805872,0.49
2278,2012_12,2012,12,강원도,1525101,0.5
2279,2012_12,2012,12,경기도,9219157,1.28
2280,2012_12,2012,12,경상남도,2955629,0.33
2281,2012_12,2012,12,경상북도,3910443,0.44
2282,2012_12,2012,12,광주광역시,708574,0.34
2283,2012_12,2012,12,대구광역시,1322485,1.11
2284,2012_12,2012,12,대전광역시,808709,1.18
2285,2012_12,2012,12,부산광역시,1790679,0.66
2286,2012_12,2012,12,서울특별시,4091294,0.38
2287,2012_12,2012,12,세종특별자치시,210593,0.68
2288,2012_12,2012,12,울산광역시,2555616,0.47
2289,2012_12,2012,12,인천광역시,2056325,1.31
2290,2012_12,2012,12,전라남도,2460140,0.18
2291,2012_12,2012,12,전라북도,1814153,0.17
2292,2012_12,2012,12,제주특별자치도,333536,0.1
2293,2012_12,2012,12,충청남도,3874931,0.54
2294,2012_12,2012,12,충청북도,1927043,0.56
2295,2013_12,2013,12,강원도,1483916,0.49
2296,2013_12,2013,12,경기도,9104716,1.17
2297,2013_12,2013,12,경상남도,3014663,0.41
2298,2013_12,2013,12,경상북도,4087492,0.43
2299,2013_12,2013,12,광주광역시,715191,0.45
2300,2013_12,2013,12,대구광역시,1303660,0.82
2301,2013_12,2013,12,대전광역시,792494,1.03
2302,2013_12,2013,12,부산광역시,1727741,0.57
2303,2013_12,2013,12,서울특별시,3891170,0.35
2304,2013_12,2013,12,세종특별자치시,214230,0.45
2305,2013_12,2013,12,울산광역시,2620047,0.37
2306,2013_12,2013,12,인천광역시,1989830,1.47
2307,2013_12,2013,12,전라남도,2532116,0.23
2308,2013_12,2013,12,전라북도,1978985,0.28
2309,2013_12,2013,12,제주특별자치도,351214,0.18
2310,2013_12,2013,12,충청남도,4110710,0.63
2311,2013_12,2013,12,충청북도,1956964,0.61
2312,2014_12,2014,12,강원도,1512174,0.4
2313,2014_12,2014,12,경기도,9333336,1.04
2314,2014_12,2014,12,경상남도,3053737,0.41
2315,2014_12,2014,12,경상북도,3982394,0.5
2316,2014_12,2014,12,광주광역시,726392,0.47
2317,2014_12,2014,12,대구광역시,1322076,0.79
2318,2014_12,2014,12,대전광역시,810030,0.94
2319,2014_12,2014,12,부산광역시,1730338,0.8
2320,2014_12,2014,12,서울특별시,3941504,0.4
2321,2014_12,2014,12,세종특별자치시,228116,0.22
2322,2014_12,2014,12,울산광역시,2614433,0.34
2323,2014_12,2014,12,인천광역시,2041291,1.42
2324,2014_12,2014,12,전라남도,2768862,0.25
2325,2014_12,2014,12,전라북도,1999109,0.32
2326,2014_12,2014,12,제주특별자치도,367525,0.59
2327,2014_12,2014,12,충청남도,4165510,0.57
2328,2014_12,2014,12,충청북도,2022002,0.61
2329,2015_12,2015,12,강원도,1489302,0.58
2330,2015_12,2015,12,경기도,9265565,1.92
2331,2015_12,2015,12,경상남도,2970379,0.55
2332,2015_12,2015,12,경상북도,3797276,0.57
2333,2015_12,2015,12,광주광역시,708920,0.97
2334,2015_12,2015,12,대구광역시,1271693,0.84
2335,2015_12,2015,12,대전광역시,773675,1.13
2336,2015_12,2015,12,부산광역시,1678497,1.47
2337,2015_12,2015,12,서울특별시,3778722,0.72
2338,2015_12,2015,12,세종특별자치시,237770,-0.07
2339,2015_12,2015,12,울산광역시,2633978,0.66
2340,2015_12,2015,12,인천광역시,2023477,2.12
2341,2015_12,2015,12,전라남도,2803112,0.42
2342,2015_12,2015,12,전라북도,1829627,0.63
2343,2015_12,2015,12,제주특별자치도,376279,1.34
2344,2015_12,2015,12,충청남도,4103973,0.7
2345,2015_12,2015,12,충청북도,2033351,0.94
2346,2016_12,2016,12,강원도,1524710,0.49
2347,2016_12,2016,12,경기도,9783329,1.52
2348,2016_12,2016,12,경상남도,3047586,0.42
2349,2016_12,2016,12,경상북도,3963623,0.42
2350,2016_12,2016,12,광주광역시,734270,0.73
2351,2016_12,2016,12,대구광역시,1320700,0.34
2352,2016_12,2016,12,대전광역시,788049,0.82
2353,2016_12,2016,12,부산광역시,1731912,0.85
2354,2016_12,2016,12,서울특별시,3845908,0.6
2355,2016_12,2016,12,세종특별자치시,255603,-0.13
2356,2016_12,2016,12,울산광역시,2676799,0.72
2357,2016_12,2016,12,인천광역시,2102857,1.33
2358,2016_12,2016,12,전라남도,2896766,0.33
2359,2016_12,2016,12,전라북도,2006101,0.62
2360,2016_12,2016,12,제주특별자치도,396520,0.73
2361,2016_12,2016,12,충청남도,4295324,0.63
2362,2016_12,2016,12,충청북도,2163701,0.74
2363,2017_12,2017,12,강원도,1601791,0.59
2364,2017_12,2017,12,경기도,10720768,1.68
2365,2017_12,2017,12,경상남도,3139455,0.59
2366,2017_12,2017,12,경상북도,4053979,0.5
2367,2017_12,2017,12,광주광역시,751019,0.85
2368,2017_12,2017,12,대구광역시,1357294,0.27
2369,2017_12,2017,12,대전광역시,835787,1.05
2370,2017_12,2017,12,부산광역시,1850113,0.99
2371,2017_12,2017,12,서울특별시,4136329,0.68
2372,2017_12,2017,12,세종특별자치시,264776,-0.19
2373,2017_12,2017,12,울산광역시,2697258,0.77
2374,2017_12,2017,12,인천광역시,2216892,1.38
2375,2017_12,2017,12,전라남도,2930891,0.37
2376,2017_12,2017,12,전라북도,2060546,0.65
2377,2017_12,2017,12,제주특별자치도,437140,0.96
2378,2017_12,2017,12,충청남도,4437239,0.75
2379,2017_12,2017,12,충청북도,2289258,0.9
2380,2018_12,2018,12,강원도,1517476,0.59
2381,2018_12,2018,12,경기도,10712884,1.55
2382,2018_12,2018,12,경상남도,3071315,0.62
2383,2018_12,2018,12,경상북도,4016589,0.4
2384,2018_12,2018,12,광주광역시,716811,0.81
2385,2018_12,2018,12,대구광역시,1320121,0.15
2386,2018_12,2018,12,대전광역시,800046,0.84
2387,2018_12,2018,12,부산광역시,1723557,0.87
2388,2018_12,2018,12,서울특별시,3949238,0.72
2389,2018_12,2018,12,세종특별자치시,273712,-0.08
2390,2018_12,2018,12,울산광역시,2959410,0.7
2391,2018_12,2018,12,인천광역시,2146569,1.46
2392,2018_12,2018,12,전라남도,2792351,0.39
2393,2018_12,2018,12,전라북도,1977765,0.69
2394,2018_12,2018,12,제주특별자치도,433195,0.85
2395,2018_12,2018,12,충청남도,4572670,0.75
2396,2018_12,2018,12,충청북도,2333640,0.91
2397,2019_12,2019,12,강원도,1507366,0.58
2398,2019_12,2019,12,경기도,10799220,1.33
2399,2019_12,2019,12,경상남도,3011920,0.81
2400,2019_12,2019,12,경상북도,3695927,0.46
2401,2019_12,2019,12,광주광역시,711251,0.95
2402,2019_12,2019,12,대구광역시,1291844,0.09
2403,2019_12,2019,12,대전광역시,800642,0.87
2404,2019_12,2019,12,부산광역시,1743462,0.9
2405,2019_12,2019,12,서울특별시,3952596,0.71
2406,2019_12,2019,12,세종특별자치시,278856,-0.11
2407,2019_12,2019,12,울산광역시,2878563,0.69
2408,2019_12,2019,12,인천광역시,2111170,1.5
2409,2019_12,2019,12,전라남도,2723427,0.28
2410,2019_12,2019,12,전라북도,1929592,0.6
2411,2019_12,2019,12,제주특별자치도,439357,0.75
2412,2019_12,2019,12,충청남도,4500697,0.89
2413,2019_12,2019,12,충청북도,2355705,1.01
2414,2020_12,2020,12,강원도,1495982,0.56
2415,2020_12,2020,12,경기도,11253914,0.86
2416,2020_12,2020,12,경상남도,3139659,0.74
2417,2020_12,2020,12,경상북도,3686707,0.37
2418,2020_12,2020,12,광주광역시,734615,0.77
2419,2020_12,2020,12,대구광역시,1317533,0.0
2420,2020_12,2020,12,대전광역시,819296,0.57
2421,2020_12,2020,12,부산광역시,1778233,0.65
2422,2020_12,2020,12,서울특별시,3897966,0.55
2423,2020_12,2020,12,세종특별자치시,310743,-0.67
2424,2020_12,2020,12,울산광역시,2855220,0.5
2425,2020_12,2020,12,인천광역시,2091741,0.94
2426,2020_12,2020,12,전라남도,2658487,0.24
2427,2020_12,2020,12,전라북도,1830099,0.52
2428,2020_12,2020,12,제주특별자치도,456261,0.41
2429,2020_12,2020,12,충청남도,4266597,0.68
2430,2020_12,2020,12,충청북도,2434030,0.74
2431,2021_12,2021,12,강원도,1573555,0.37
2432,2021_12,2021,12,경기도,11803946,0.34
2433,2021_12,2021,12,경상남도,3134010,0.35
2434,2021_12,2021,12,경상북도,3854201,0.28
2435,2021_12,2021,12,광주광역시,761414,0.52
2436,2021_12,2021,12,대구광역시,1334812,-0.1
2437,2021_12,2021,12,대전광역시,814480,0.15
2438,2021_12,2021,12,부산광역시,1787220,0.25
2439,2021_12,2021,12,서울특별시,3963700,0.26
2440,2021_12,2021,12,세종특별자치시,957934,-1.74
2441,2021_12,2021,12,울산광역시,2906502,0.27
2442,2021_12,2021,12,인천광역시,2159324,0.49
2443,2021_12,2021,12,전라남도,2966246,0.18
2444,2021_12,2021,12,전라북도,1864342,0.31
2445,2021_12,2021,12,제주특별자치도,473291,0.21
2446,2021_12,2021,12,충청남도,4388778,0.43
2447,2021_12,2021,12,충청북도,2506864,0.39
