,연월,연도,월,시도,고용률
0,2010_01,2010,1,서울특별시,57.6
1,2010_02,2010,2,서울특별시,57.8
2,2010_03,2010,3,서울특별시,58.3
3,2010_04,2010,4,서울특별시,59.2
4,2010_05,2010,5,서울특별시,60.0
5,2010_06,2010,6,서울특별시,59.8
6,2010_07,2010,7,서울특별시,60.1
7,2010_08,2010,8,서울특별시,59.5
8,2010_09,2010,9,서울특별시,59.4
9,2010_10,2010,10,서울특별시,59.6
10,2010_11,2010,11,서울특별시,59.7
11,2010_12,2010,12,서울특별시,59.8
12,2011_01,2011,1,서울특별시,58.8
13,2011_02,2011,2,서울특별시,59.2
14,2011_03,2011,3,서울특별시,59.6
15,2011_04,2011,4,서울특별시,60.1
16,2011_05,2011,5,서울특별시,60.7
17,2011_06,2011,6,서울특별시,61.0
18,2011_07,2011,7,서울특별시,60.9
19,2011_08,2011,8,서울특별시,60.3
20,2011_09,2011,9,서울특별시,59.7
21,2011_10,2011,10,서울특별시,60.3
22,2011_11,2011,11,서울특별시,60.3
23,2011_12,2011,12,서울특별시,59.7
24,2012_01,2012,1,서울특별시,59.1
25,2012_02,2012,2,서울특별시,59.2
26,2012_03,2012,3,서울특별시,59.7
27,2012_04,2012,4,서울특별시,60.4
28,2012_05,2012,5,서울특별시,61.0
29,2012_06,2012,6,서울특별시,60.8
30,2012_07,2012,7,서울특별시,60.6
31,2012_08,2012,8,서울특별시,59.7
32,2012_09,2012,9,서울특별시,59.9
33,2012_10,2012,10,서울특별시,59.7
34,2012_11,2012,11,서울특별시,59.5
35,2012_12,2012,12,서울특별시,59.3
36,2013_01,2013,1,서울특별시,59.1
37,2013_02,2013,2,서울특별시,58.7
38,2013_03,2013,3,서울특별시,58.8
39,2013_04,2013,4,서울특별시,59.6
40,2013_05,2013,5,서울특별시,60.0
41,2013_06,2013,6,서울특별시,60.2
42,2013_07,2013,7,서울특별시,60.2
43,2013_08,2013,8,서울특별시,59.7
44,2013_09,2013,9,서울특별시,60.3
45,2013_10,2013,10,서울특별시,60.6
46,2013_11,2013,11,서울특별시,60.7
47,2013_12,2013,12,서울특별시,60.8
48,2014_01,2014,1,서울특별시,60.1
49,2014_02,2014,2,서울특별시,60.3
50,2014_03,2014,3,서울특별시,60.3
51,2014_04,2014,4,서울특별시,60.5
52,2014_05,2014,5,서울특별시,60.4
53,2014_06,2014,6,서울특별시,60.4
54,2014_07,2014,7,서울특별시,60.6
55,2014_08,2014,8,서울특별시,60.4
56,2014_09,2014,9,서울특별시,60.5
57,2014_10,2014,10,서울특별시,60.6
58,2014_11,2014,11,서울특별시,61.0
59,2014_12,2014,12,서울특별시,60.6
60,2015_01,2015,1,서울특별시,60.0
61,2015_02,2015,2,서울특별시,59.7
62,2015_03,2015,3,서울특별시,59.5
63,2015_04,2015,4,서울특별시,59.6
64,2015_05,2015,5,서울특별시,60.3
65,2015_06,2015,6,서울특별시,59.8
66,2015_07,2015,7,서울특별시,60.3
67,2015_08,2015,8,서울특별시,60.3
68,2015_09,2015,9,서울특별시,60.0
69,2015_10,2015,10,서울특별시,59.9
70,2015_11,2015,11,서울특별시,60.2
71,2015_12,2015,12,서울특별시,60.1
72,2016_01,2016,1,서울특별시,59.7
73,2016_02,2016,2,서울특별시,59.3
74,2016_03,2016,3,서울특별시,58.8
75,2016_04,2016,4,서울특별시,59.3
76,2016_05,2016,5,서울특별시,60.2
77,2016_06,2016,6,서울특별시,60.4
78,2016_07,2016,7,서울특별시,60.4
79,2016_08,2016,8,서울특별시,60.0
80,2016_09,2016,9,서울특별시,60.2
81,2016_10,2016,10,서울특별시,60.5
82,2016_11,2016,11,서울특별시,60.5
83,2016_12,2016,12,서울특별시,60.3
84,2017_01,2017,1,서울특별시,59.4
85,2017_02,2017,2,서울특별시,59.7
86,2017_03,2017,3,서울특별시,59.7
87,2017_04,2017,4,서울특별시,59.9
88,2017_05,2017,5,서울특별시,60.5
89,2017_06,2017,6,서울특별시,60.8
90,2017_07,2017,7,서울특별시,61.0
91,2017_08,2017,8,서울특별시,60.6
92,2017_09,2017,9,서울특별시,60.4
93,2017_10,2017,10,서울특별시,60.4
94,2017_11,2017,11,서울특별시,60.3
95,2017_12,2017,12,서울특별시,59.9
96,2018_01,2018,1,서울특별시,59.8
97,2018_02,2018,2,서울특별시,59.3
98,2018_03,2018,3,서울특별시,59.6
99,2018_04,2018,4,서울특별시,59.7
100,2018_05,2018,5,서울특별시,59.7
101,2018_06,2018,6,서울특별시,60.1
102,2018_07,2018,7,서울특별시,59.9
103,2018_08,2018,8,서울특별시,59.5
104,2018_09,2018,9,서울특별시,59.3
105,2018_10,2018,10,서울특별시,59.4
106,2018_11,2018,11,서울특별시,59.9
107,2018_12,2018,12,서울특별시,59.3
108,2019_01,2019,1,서울특별시,58.7
109,2019_02,2019,2,서울특별시,58.4
110,2019_03,2019,3,서울특별시,58.7
111,2019_04,2019,4,서울특별시,59.6
112,2019_05,2019,5,서울특별시,60.3
113,2019_06,2019,6,서울특별시,60.6
114,2019_07,2019,7,서울특별시,60.8
115,2019_08,2019,8,서울특별시,60.6
116,2019_09,2019,9,서울특별시,60.8
117,2019_10,2019,10,서울특별시,60.7
118,2019_11,2019,11,서울특별시,60.5
119,2019_12,2019,12,서울특별시,60.4
120,2020_01,2020,1,서울특별시,60.0
121,2020_02,2020,2,서울특별시,60.1
122,2020_03,2020,3,서울특별시,59.0
123,2020_04,2020,4,서울특별시,58.6
124,2020_05,2020,5,서울특별시,59.1
125,2020_06,2020,6,서울특별시,59.2
126,2020_07,2020,7,서울특별시,59.5
127,2020_08,2020,8,서울특별시,59.6
128,2020_09,2020,9,서울특별시,58.9
129,2020_10,2020,10,서울특별시,59.2
130,2020_11,2020,11,서울특별시,59.8
131,2020_12,2020,12,서울특별시,58.8
132,2021_01,2021,1,서울특별시,57.3
133,2021_02,2021,2,서울특별시,57.9
134,2021_03,2021,3,서울특별시,59.1
135,2021_04,2021,4,서울특별시,59.2
136,2021_05,2021,5,서울특별시,59.6
137,2021_06,2021,6,서울특별시,59.7
138,2021_07,2021,7,서울특별시,59.6
139,2021_08,2021,8,서울특별시,59.2
140,2021_09,2021,9,서울특별시,59.7
141,2021_10,2021,10,서울특별시,59.5
142,2021_11,2021,11,서울특별시,59.9
143,2021_12,2021,12,서울특별시,60.2
144,2022_01,2022,1,서울특별시,59.0
145,2022_02,2022,2,서울특별시,59.7
146,2022_03,2022,3,서울특별시,59.8
147,2022_04,2022,4,서울특별시,60.4
148,2022_05,2022,5,서울특별시,60.8
149,2022_06,2022,6,서울특별시,60.8
150,2022_07,2022,7,서울특별시,60.9
151,2022_08,2022,8,서울특별시,60.7
152,2022_09,2022,9,서울특별시,60.7
153,2022_10,2022,10,서울특별시,60.5
154,2022_11,2022,11,서울특별시,60.8
155,2022_12,2022,12,서울특별시,60.8
156,2010_01,2010,1,부산광역시,54.1
157,2010_02,2010,2,부산광역시,53.9
158,2010_03,2010,3,부산광역시,54.3
159,2010_04,2010,4,부산광역시,54.5
160,2010_05,2010,5,부산광역시,55.5
161,2010_06,2010,6,부산광역시,55.0
162,2010_07,2010,7,부산광역시,55.0
163,2010_08,2010,8,부산광역시,54.1
164,2010_09,2010,9,부산광역시,53.7
165,2010_10,2010,10,부산광역시,53.8
166,2010_11,2010,11,부산광역시,54.0
167,2010_12,2010,12,부산광역시,53.8
168,2011_01,2011,1,부산광역시,52.9
169,2011_02,2011,2,부산광역시,52.9
170,2011_03,2011,3,부산광역시,53.5
171,2011_04,2011,4,부산광역시,53.8
172,2011_05,2011,5,부산광역시,54.4
173,2011_06,2011,6,부산광역시,55.0
174,2011_07,2011,7,부산광역시,55.5
175,2011_08,2011,8,부산광역시,55.1
176,2011_09,2011,9,부산광역시,54.1
177,2011_10,2011,10,부산광역시,55.7
178,2011_11,2011,11,부산광역시,55.7
179,2011_12,2011,12,부산광역시,55.4
180,2012_01,2012,1,부산광역시,55.2
181,2012_02,2012,2,부산광역시,55.0
182,2012_03,2012,3,부산광역시,55.7
183,2012_04,2012,4,부산광역시,55.7
184,2012_05,2012,5,부산광역시,56.3
185,2012_06,2012,6,부산광역시,56.7
186,2012_07,2012,7,부산광역시,56.6
187,2012_08,2012,8,부산광역시,55.9
188,2012_09,2012,9,부산광역시,56.0
189,2012_10,2012,10,부산광역시,55.7
190,2012_11,2012,11,부산광역시,55.8
191,2012_12,2012,12,부산광역시,56.0
192,2013_01,2013,1,부산광역시,56.1
193,2013_02,2013,2,부산광역시,55.3
194,2013_03,2013,3,부산광역시,55.7
195,2013_04,2013,4,부산광역시,56.6
196,2013_05,2013,5,부산광역시,56.8
197,2013_06,2013,6,부산광역시,56.8
198,2013_07,2013,7,부산광역시,56.5
199,2013_08,2013,8,부산광역시,55.9
200,2013_09,2013,9,부산광역시,56.1
201,2013_10,2013,10,부산광역시,55.9
202,2013_11,2013,11,부산광역시,56.4
203,2013_12,2013,12,부산광역시,55.6
204,2014_01,2014,1,부산광역시,55.4
205,2014_02,2014,2,부산광역시,55.1
206,2014_03,2014,3,부산광역시,55.3
207,2014_04,2014,4,부산광역시,56.5
208,2014_05,2014,5,부산광역시,57.2
209,2014_06,2014,6,부산광역시,57.4
210,2014_07,2014,7,부산광역시,58.0
211,2014_08,2014,8,부산광역시,57.9
212,2014_09,2014,9,부산광역시,57.3
213,2014_10,2014,10,부산광역시,57.2
214,2014_11,2014,11,부산광역시,57.1
215,2014_12,2014,12,부산광역시,56.5
216,2015_01,2015,1,부산광역시,55.9
217,2015_02,2015,2,부산광역시,56.1
218,2015_03,2015,3,부산광역시,55.9
219,2015_04,2015,4,부산광역시,56.3
220,2015_05,2015,5,부산광역시,56.4
221,2015_06,2015,6,부산광역시,56.4
222,2015_07,2015,7,부산광역시,56.6
223,2015_08,2015,8,부산광역시,55.9
224,2015_09,2015,9,부산광역시,56.4
225,2015_10,2015,10,부산광역시,56.6
226,2015_11,2015,11,부산광역시,56.7
227,2015_12,2015,12,부산광역시,56.2
228,2016_01,2016,1,부산광역시,55.8
229,2016_02,2016,2,부산광역시,56.0
230,2016_03,2016,3,부산광역시,55.9
231,2016_04,2016,4,부산광역시,56.5
232,2016_05,2016,5,부산광역시,56.2
233,2016_06,2016,6,부산광역시,56.3
234,2016_07,2016,7,부산광역시,56.4
235,2016_08,2016,8,부산광역시,56.2
236,2016_09,2016,9,부산광역시,56.0
237,2016_10,2016,10,부산광역시,56.1
238,2016_11,2016,11,부산광역시,56.6
239,2016_12,2016,12,부산광역시,56.1
240,2017_01,2017,1,부산광역시,55.5
241,2017_02,2017,2,부산광역시,55.9
242,2017_03,2017,3,부산광역시,56.2
243,2017_04,2017,4,부산광역시,56.4
244,2017_05,2017,5,부산광역시,57.0
245,2017_06,2017,6,부산광역시,57.0
246,2017_07,2017,7,부산광역시,56.7
247,2017_08,2017,8,부산광역시,56.4
248,2017_09,2017,9,부산광역시,56.2
249,2017_10,2017,10,부산광역시,56.3
250,2017_11,2017,11,부산광역시,56.1
251,2017_12,2017,12,부산광역시,56.1
252,2018_01,2018,1,부산광역시,55.3
253,2018_02,2018,2,부산광역시,54.9
254,2018_03,2018,3,부산광역시,55.6
255,2018_04,2018,4,부산광역시,55.5
256,2018_05,2018,5,부산광역시,55.7
257,2018_06,2018,6,부산광역시,56.3
258,2018_07,2018,7,부산광역시,55.6
259,2018_08,2018,8,부산광역시,55.1
260,2018_09,2018,9,부산광역시,55.4
261,2018_10,2018,10,부산광역시,56.5
262,2018_11,2018,11,부산광역시,56.7
263,2018_12,2018,12,부산광역시,55.8
264,2019_01,2019,1,부산광역시,54.9
265,2019_02,2019,2,부산광역시,55.3
266,2019_03,2019,3,부산광역시,56.0
267,2019_04,2019,4,부산광역시,56.1
268,2019_05,2019,5,부산광역시,56.6
269,2019_06,2019,6,부산광역시,56.7
270,2019_07,2019,7,부산광역시,57.3
271,2019_08,2019,8,부산광역시,57.0
272,2019_09,2019,9,부산광역시,57.2
273,2019_10,2019,10,부산광역시,57.6
274,2019_11,2019,11,부산광역시,57.5
275,2019_12,2019,12,부산광역시,57.0
276,2020_01,2020,1,부산광역시,56.2
277,2020_02,2020,2,부산광역시,55.9
278,2020_03,2020,3,부산광역시,55.7
279,2020_04,2020,4,부산광역시,54.3
280,2020_05,2020,5,부산광역시,54.6
281,2020_06,2020,6,부산광역시,55.4
282,2020_07,2020,7,부산광역시,55.6
283,2020_08,2020,8,부산광역시,55.8
284,2020_09,2020,9,부산광역시,55.8
285,2020_10,2020,10,부산광역시,56.1
286,2020_11,2020,11,부산광역시,56.4
287,2020_12,2020,12,부산광역시,55.5
288,2021_01,2021,1,부산광역시,54.1
289,2021_02,2021,2,부산광역시,54.8
290,2021_03,2021,3,부산광역시,55.7
291,2021_04,2021,4,부산광역시,56.2
292,2021_05,2021,5,부산광역시,56.7
293,2021_06,2021,6,부산광역시,56.9
294,2021_07,2021,7,부산광역시,57.1
295,2021_08,2021,8,부산광역시,57.3
296,2021_09,2021,9,부산광역시,56.6
297,2021_10,2021,10,부산광역시,56.5
298,2021_11,2021,11,부산광역시,56.6
299,2021_12,2021,12,부산광역시,55.8
300,2022_01,2022,1,부산광역시,55.1
301,2022_02,2022,2,부산광역시,56.3
302,2022_03,2022,3,부산광역시,56.2
303,2022_04,2022,4,부산광역시,56.5
304,2022_05,2022,5,부산광역시,57.5
305,2022_06,2022,6,부산광역시,57.4
306,2022_07,2022,7,부산광역시,57.5
307,2022_08,2022,8,부산광역시,58.0
308,2022_09,2022,9,부산광역시,57.8
309,2022_10,2022,10,부산광역시,57.7
310,2022_11,2022,11,부산광역시,57.8
311,2022_12,2022,12,부산광역시,57.6
312,2010_01,2010,1,대구광역시,55.6
313,2010_02,2010,2,대구광역시,55.5
314,2010_03,2010,3,대구광역시,56.9
315,2010_04,2010,4,대구광역시,57.6
316,2010_05,2010,5,대구광역시,57.9
317,2010_06,2010,6,대구광역시,58.1
318,2010_07,2010,7,대구광역시,57.7
319,2010_08,2010,8,대구광역시,56.8
320,2010_09,2010,9,대구광역시,56.8
321,2010_10,2010,10,대구광역시,56.9
322,2010_11,2010,11,대구광역시,57.4
323,2010_12,2010,12,대구광역시,56.7
324,2011_01,2011,1,대구광역시,56.0
325,2011_02,2011,2,대구광역시,55.3
326,2011_03,2011,3,대구광역시,56.1
327,2011_04,2011,4,대구광역시,56.9
328,2011_05,2011,5,대구광역시,56.6
329,2011_06,2011,6,대구광역시,57.0
330,2011_07,2011,7,대구광역시,57.2
331,2011_08,2011,8,대구광역시,56.2
332,2011_09,2011,9,대구광역시,56.6
333,2011_10,2011,10,대구광역시,58.1
334,2011_11,2011,11,대구광역시,58.1
335,2011_12,2011,12,대구광역시,57.7
336,2012_01,2012,1,대구광역시,57.9
337,2012_02,2012,2,대구광역시,57.2
338,2012_03,2012,3,대구광역시,57.4
339,2012_04,2012,4,대구광역시,58.3
340,2012_05,2012,5,대구광역시,59.1
341,2012_06,2012,6,대구광역시,59.2
342,2012_07,2012,7,대구광역시,59.4
343,2012_08,2012,8,대구광역시,58.6
344,2012_09,2012,9,대구광역시,58.4
345,2012_10,2012,10,대구광역시,58.4
346,2012_11,2012,11,대구광역시,58.3
347,2012_12,2012,12,대구광역시,58.3
348,2013_01,2013,1,대구광역시,58.1
349,2013_02,2013,2,대구광역시,57.2
350,2013_03,2013,3,대구광역시,57.7
351,2013_04,2013,4,대구광역시,58.0
352,2013_05,2013,5,대구광역시,58.0
353,2013_06,2013,6,대구광역시,58.2
354,2013_07,2013,7,대구광역시,58.1
355,2013_08,2013,8,대구광역시,57.4
356,2013_09,2013,9,대구광역시,57.4
357,2013_10,2013,10,대구광역시,58.1
358,2013_11,2013,11,대구광역시,58.5
359,2013_12,2013,12,대구광역시,58.4
360,2014_01,2014,1,대구광역시,58.0
361,2014_02,2014,2,대구광역시,57.8
362,2014_03,2014,3,대구광역시,58.1
363,2014_04,2014,4,대구광역시,58.6
364,2014_05,2014,5,대구광역시,58.7
365,2014_06,2014,6,대구광역시,58.9
366,2014_07,2014,7,대구광역시,59.0
367,2014_08,2014,8,대구광역시,59.4
368,2014_09,2014,9,대구광역시,59.1
369,2014_10,2014,10,대구광역시,58.8
370,2014_11,2014,11,대구광역시,59.0
371,2014_12,2014,12,대구광역시,59.0
372,2015_01,2015,1,대구광역시,58.6
373,2015_02,2015,2,대구광역시,58.7
374,2015_03,2015,3,대구광역시,58.9
375,2015_04,2015,4,대구광역시,59.1
376,2015_05,2015,5,대구광역시,60.1
377,2015_06,2015,6,대구광역시,60.7
378,2015_07,2015,7,대구광역시,60.1
379,2015_08,2015,8,대구광역시,59.2
380,2015_09,2015,9,대구광역시,59.5
381,2015_10,2015,10,대구광역시,59.5
382,2015_11,2015,11,대구광역시,59.5
383,2015_12,2015,12,대구광역시,59.6
384,2016_01,2016,1,대구광역시,58.6
385,2016_02,2016,2,대구광역시,57.5
386,2016_03,2016,3,대구광역시,58.3
387,2016_04,2016,4,대구광역시,58.9
388,2016_05,2016,5,대구광역시,60.0
389,2016_06,2016,6,대구광역시,59.9
390,2016_07,2016,7,대구광역시,60.2
391,2016_08,2016,8,대구광역시,60.1
392,2016_09,2016,9,대구광역시,59.9
393,2016_10,2016,10,대구광역시,59.6
394,2016_11,2016,11,대구광역시,59.7
395,2016_12,2016,12,대구광역시,59.1
396,2017_01,2017,1,대구광역시,58.5
397,2017_02,2017,2,대구광역시,58.4
398,2017_03,2017,3,대구광역시,59.1
399,2017_04,2017,4,대구광역시,59.3
400,2017_05,2017,5,대구광역시,59.3
401,2017_06,2017,6,대구광역시,59.4
402,2017_07,2017,7,대구광역시,59.6
403,2017_08,2017,8,대구광역시,58.4
404,2017_09,2017,9,대구광역시,58.7
405,2017_10,2017,10,대구광역시,58.0
406,2017_11,2017,11,대구광역시,58.6
407,2017_12,2017,12,대구광역시,58.2
408,2018_01,2018,1,대구광역시,56.6
409,2018_02,2018,2,대구광역시,56.6
410,2018_03,2018,3,대구광역시,56.9
411,2018_04,2018,4,대구광역시,58.1
412,2018_05,2018,5,대구광역시,58.7
413,2018_06,2018,6,대구광역시,59.0
414,2018_07,2018,7,대구광역시,59.3
415,2018_08,2018,8,대구광역시,58.6
416,2018_09,2018,9,대구광역시,58.6
417,2018_10,2018,10,대구광역시,59.1
418,2018_11,2018,11,대구광역시,58.8
419,2018_12,2018,12,대구광역시,58.3
420,2019_01,2019,1,대구광역시,57.1
421,2019_02,2019,2,대구광역시,56.9
422,2019_03,2019,3,대구광역시,57.6
423,2019_04,2019,4,대구광역시,57.9
424,2019_05,2019,5,대구광역시,58.4
425,2019_06,2019,6,대구광역시,58.6
426,2019_07,2019,7,대구광역시,58.3
427,2019_08,2019,8,대구광역시,58.4
428,2019_09,2019,9,대구광역시,58.3
429,2019_10,2019,10,대구광역시,58.1
430,2019_11,2019,11,대구광역시,58.3
431,2019_12,2019,12,대구광역시,57.4
432,2020_01,2020,1,대구광역시,56.7
433,2020_02,2020,2,대구광역시,56.8
434,2020_03,2020,3,대구광역시,53.6
435,2020_04,2020,4,대구광역시,54.0
436,2020_05,2020,5,대구광역시,55.9
437,2020_06,2020,6,대구광역시,56.9
438,2020_07,2020,7,대구광역시,57.1
439,2020_08,2020,8,대구광역시,57.6
440,2020_09,2020,9,대구광역시,57.7
441,2020_10,2020,10,대구광역시,57.7
442,2020_11,2020,11,대구광역시,58.3
443,2020_12,2020,12,대구광역시,57.5
444,2021_01,2021,1,대구광역시,55.5
445,2021_02,2021,2,대구광역시,56.5
446,2021_03,2021,3,대구광역시,58.0
447,2021_04,2021,4,대구광역시,58.2
448,2021_05,2021,5,대구광역시,59.1
449,2021_06,2021,6,대구광역시,59.0
450,2021_07,2021,7,대구광역시,59.0
451,2021_08,2021,8,대구광역시,58.7
452,2021_09,2021,9,대구광역시,59.0
453,2021_10,2021,10,대구광역시,59.0
454,2021_11,2021,11,대구광역시,59.0
455,2021_12,2021,12,대구광역시,58.0
456,2022_01,2022,1,대구광역시,57.7
457,2022_02,2022,2,대구광역시,58.2
458,2022_03,2022,3,대구광역시,58.9
459,2022_04,2022,4,대구광역시,58.9
460,2022_05,2022,5,대구광역시,59.7
461,2022_06,2022,6,대구광역시,59.4
462,2022_07,2022,7,대구광역시,59.8
463,2022_08,2022,8,대구광역시,59.7
464,2022_09,2022,9,대구광역시,59.7
465,2022_10,2022,10,대구광역시,59.5
466,2022_11,2022,11,대구광역시,59.3
467,2022_12,2022,12,대구광역시,58.5
468,2010_01,2010,1,인천광역시,57.9
469,2010_02,2010,2,인천광역시,57.7
470,2010_03,2010,3,인천광역시,58.6
471,2010_04,2010,4,인천광역시,59.9
472,2010_05,2010,5,인천광역시,60.6
473,2010_06,2010,6,인천광역시,60.3
474,2010_07,2010,7,인천광역시,61.3
475,2010_08,2010,8,인천광역시,59.8
476,2010_09,2010,9,인천광역시,59.7
477,2010_10,2010,10,인천광역시,60.0
478,2010_11,2010,11,인천광역시,60.5
479,2010_12,2010,12,인천광역시,59.5
480,2011_01,2011,1,인천광역시,58.2
481,2011_02,2011,2,인천광역시,58.0
482,2011_03,2011,3,인천광역시,59.0
483,2011_04,2011,4,인천광역시,60.4
484,2011_05,2011,5,인천광역시,61.7
485,2011_06,2011,6,인천광역시,61.8
486,2011_07,2011,7,인천광역시,61.5
487,2011_08,2011,8,인천광역시,61.4
488,2011_09,2011,9,인천광역시,60.7
489,2011_10,2011,10,인천광역시,61.8
490,2011_11,2011,11,인천광역시,61.8
491,2011_12,2011,12,인천광역시,61.6
492,2012_01,2012,1,인천광역시,59.8
493,2012_02,2012,2,인천광역시,59.7
494,2012_03,2012,3,인천광역시,61.3
495,2012_04,2012,4,인천광역시,62.2
496,2012_05,2012,5,인천광역시,62.4
497,2012_06,2012,6,인천광역시,62.5
498,2012_07,2012,7,인천광역시,62.5
499,2012_08,2012,8,인천광역시,61.5
500,2012_09,2012,9,인천광역시,61.7
501,2012_10,2012,10,인천광역시,62.2
502,2012_11,2012,11,인천광역시,62.2
503,2012_12,2012,12,인천광역시,60.8
504,2013_01,2013,1,인천광역시,59.3
505,2013_02,2013,2,인천광역시,59.1
506,2013_03,2013,3,인천광역시,60.9
507,2013_04,2013,4,인천광역시,61.7
508,2013_05,2013,5,인천광역시,61.9
509,2013_06,2013,6,인천광역시,62.3
510,2013_07,2013,7,인천광역시,61.7
511,2013_08,2013,8,인천광역시,61.8
512,2013_09,2013,9,인천광역시,62.1
513,2013_10,2013,10,인천광역시,62.2
514,2013_11,2013,11,인천광역시,61.3
515,2013_12,2013,12,인천광역시,61.0
516,2014_01,2014,1,인천광역시,60.1
517,2014_02,2014,2,인천광역시,60.1
518,2014_03,2014,3,인천광역시,60.9
519,2014_04,2014,4,인천광역시,62.1
520,2014_05,2014,5,인천광역시,62.3
521,2014_06,2014,6,인천광역시,62.3
522,2014_07,2014,7,인천광역시,62.4
523,2014_08,2014,8,인천광역시,61.8
524,2014_09,2014,9,인천광역시,61.9
525,2014_10,2014,10,인천광역시,61.1
526,2014_11,2014,11,인천광역시,60.9
527,2014_12,2014,12,인천광역시,59.6
528,2015_01,2015,1,인천광역시,59.6
529,2015_02,2015,2,인천광역시,59.3
530,2015_03,2015,3,인천광역시,60.3
531,2015_04,2015,4,인천광역시,61.1
532,2015_05,2015,5,인천광역시,61.7
533,2015_06,2015,6,인천광역시,61.7
534,2015_07,2015,7,인천광역시,61.7
535,2015_08,2015,8,인천광역시,61.3
536,2015_09,2015,9,인천광역시,61.8
537,2015_10,2015,10,인천광역시,61.7
538,2015_11,2015,11,인천광역시,62.1
539,2015_12,2015,12,인천광역시,61.3
540,2016_01,2016,1,인천광역시,61.1
541,2016_02,2016,2,인천광역시,60.6
542,2016_03,2016,3,인천광역시,61.3
543,2016_04,2016,4,인천광역시,62.0
544,2016_05,2016,5,인천광역시,62.6
545,2016_06,2016,6,인천광역시,62.1
546,2016_07,2016,7,인천광역시,62.9
547,2016_08,2016,8,인천광역시,62.3
548,2016_09,2016,9,인천광역시,61.8
549,2016_10,2016,10,인천광역시,61.9
550,2016_11,2016,11,인천광역시,61.7
551,2016_12,2016,12,인천광역시,61.1
552,2017_01,2017,1,인천광역시,60.2
553,2017_02,2017,2,인천광역시,60.7
554,2017_03,2017,3,인천광역시,61.3
555,2017_04,2017,4,인천광역시,61.4
556,2017_05,2017,5,인천광역시,62.4
557,2017_06,2017,6,인천광역시,62.3
558,2017_07,2017,7,인천광역시,62.2
559,2017_08,2017,8,인천광역시,61.2
560,2017_09,2017,9,인천광역시,61.9
561,2017_10,2017,10,인천광역시,62.6
562,2017_11,2017,11,인천광역시,62.1
563,2017_12,2017,12,인천광역시,61.7
564,2018_01,2018,1,인천광역시,61.6
565,2018_02,2018,2,인천광역시,61.9
566,2018_03,2018,3,인천광역시,62.8
567,2018_04,2018,4,인천광역시,62.5
568,2018_05,2018,5,인천광역시,63.5
569,2018_06,2018,6,인천광역시,63.8
570,2018_07,2018,7,인천광역시,63.6
571,2018_08,2018,8,인천광역시,62.7
572,2018_09,2018,9,인천광역시,62.9
573,2018_10,2018,10,인천광역시,63.0
574,2018_11,2018,11,인천광역시,63.3
575,2018_12,2018,12,인천광역시,63.1
576,2019_01,2019,1,인천광역시,61.5
577,2019_02,2019,2,인천광역시,61.7
578,2019_03,2019,3,인천광역시,62.3
579,2019_04,2019,4,인천광역시,62.7
580,2019_05,2019,5,인천광역시,63.1
581,2019_06,2019,6,인천광역시,63.2
582,2019_07,2019,7,인천광역시,62.5
583,2019_08,2019,8,인천광역시,62.5
584,2019_09,2019,9,인천광역시,62.9
585,2019_10,2019,10,인천광역시,62.5
586,2019_11,2019,11,인천광역시,62.8
587,2019_12,2019,12,인천광역시,62.4
588,2020_01,2020,1,인천광역시,61.1
589,2020_02,2020,2,인천광역시,61.6
590,2020_03,2020,3,인천광역시,60.6
591,2020_04,2020,4,인천광역시,60.8
592,2020_05,2020,5,인천광역시,61.8
593,2020_06,2020,6,인천광역시,61.6
594,2020_07,2020,7,인천광역시,61.8
595,2020_08,2020,8,인천광역시,61.9
596,2020_09,2020,9,인천광역시,61.3
597,2020_10,2020,10,인천광역시,61.3
598,2020_11,2020,11,인천광역시,61.8
599,2020_12,2020,12,인천광역시,60.1
600,2021_01,2021,1,인천광역시,59.0
601,2021_02,2021,2,인천광역시,60.4
602,2021_03,2021,3,인천광역시,60.8
603,2021_04,2021,4,인천광역시,61.3
604,2021_05,2021,5,인천광역시,62.2
605,2021_06,2021,6,인천광역시,62.0
606,2021_07,2021,7,인천광역시,61.5
607,2021_08,2021,8,인천광역시,61.9
608,2021_09,2021,9,인천광역시,62.1
609,2021_10,2021,10,인천광역시,61.9
610,2021_11,2021,11,인천광역시,62.4
611,2021_12,2021,12,인천광역시,60.4
612,2022_01,2022,1,인천광역시,59.8
613,2022_02,2022,2,인천광역시,61.6
614,2022_03,2022,3,인천광역시,61.7
615,2022_04,2022,4,인천광역시,62.0
616,2022_05,2022,5,인천광역시,63.0
617,2022_06,2022,6,인천광역시,63.4
618,2022_07,2022,7,인천광역시,63.6
619,2022_08,2022,8,인천광역시,63.3
620,2022_09,2022,9,인천광역시,63.6
621,2022_10,2022,10,인천광역시,63.6
622,2022_11,2022,11,인천광역시,63.9
623,2022_12,2022,12,인천광역시,62.5
624,2010_01,2010,1,광주광역시,55.7
625,2010_02,2010,2,광주광역시,56.0
626,2010_03,2010,3,광주광역시,57.3
627,2010_04,2010,4,광주광역시,57.4
628,2010_05,2010,5,광주광역시,58.4
629,2010_06,2010,6,광주광역시,58.1
630,2010_07,2010,7,광주광역시,57.7
631,2010_08,2010,8,광주광역시,56.7
632,2010_09,2010,9,광주광역시,57.1
633,2010_10,2010,10,광주광역시,56.4
634,2010_11,2010,11,광주광역시,56.1
635,2010_12,2010,12,광주광역시,56.2
636,2011_01,2011,1,광주광역시,55.0
637,2011_02,2011,2,광주광역시,54.3
638,2011_03,2011,3,광주광역시,55.1
639,2011_04,2011,4,광주광역시,56.3
640,2011_05,2011,5,광주광역시,57.4
641,2011_06,2011,6,광주광역시,58.1
642,2011_07,2011,7,광주광역시,57.3
643,2011_08,2011,8,광주광역시,57.1
644,2011_09,2011,9,광주광역시,57.6
645,2011_10,2011,10,광주광역시,57.5
646,2011_11,2011,11,광주광역시,57.2
647,2011_12,2011,12,광주광역시,56.5
648,2012_01,2012,1,광주광역시,55.5
649,2012_02,2012,2,광주광역시,55.8
650,2012_03,2012,3,광주광역시,55.7
651,2012_04,2012,4,광주광역시,56.7
652,2012_05,2012,5,광주광역시,56.8
653,2012_06,2012,6,광주광역시,56.6
654,2012_07,2012,7,광주광역시,56.6
655,2012_08,2012,8,광주광역시,56.5
656,2012_09,2012,9,광주광역시,56.8
657,2012_10,2012,10,광주광역시,56.6
658,2012_11,2012,11,광주광역시,56.6
659,2012_12,2012,12,광주광역시,56.4
660,2013_01,2013,1,광주광역시,56.5
661,2013_02,2013,2,광주광역시,55.6
662,2013_03,2013,3,광주광역시,55.6
663,2013_04,2013,4,광주광역시,57.0
664,2013_05,2013,5,광주광역시,57.5
665,2013_06,2013,6,광주광역시,57.2
666,2013_07,2013,7,광주광역시,57.5
667,2013_08,2013,8,광주광역시,57.1
668,2013_09,2013,9,광주광역시,57.5
669,2013_10,2013,10,광주광역시,58.0
670,2013_11,2013,11,광주광역시,58.3
671,2013_12,2013,12,광주광역시,58.4
672,2014_01,2014,1,광주광역시,58.0
673,2014_02,2014,2,광주광역시,57.6
674,2014_03,2014,3,광주광역시,58.3
675,2014_04,2014,4,광주광역시,59.2
676,2014_05,2014,5,광주광역시,59.9
677,2014_06,2014,6,광주광역시,59.6
678,2014_07,2014,7,광주광역시,59.7
679,2014_08,2014,8,광주광역시,59.6
680,2014_09,2014,9,광주광역시,59.1
681,2014_10,2014,10,광주광역시,58.6
682,2014_11,2014,11,광주광역시,58.5
683,2014_12,2014,12,광주광역시,57.8
684,2015_01,2015,1,광주광역시,57.6
685,2015_02,2015,2,광주광역시,57.5
686,2015_03,2015,3,광주광역시,57.8
687,2015_04,2015,4,광주광역시,57.9
688,2015_05,2015,5,광주광역시,58.5
689,2015_06,2015,6,광주광역시,58.7
690,2015_07,2015,7,광주광역시,59.4
691,2015_08,2015,8,광주광역시,59.4
692,2015_09,2015,9,광주광역시,59.4
693,2015_10,2015,10,광주광역시,58.6
694,2015_11,2015,11,광주광역시,58.5
695,2015_12,2015,12,광주광역시,58.7
696,2016_01,2016,1,광주광역시,57.5
697,2016_02,2016,2,광주광역시,57.5
698,2016_03,2016,3,광주광역시,57.2
699,2016_04,2016,4,광주광역시,57.8
700,2016_05,2016,5,광주광역시,58.7
701,2016_06,2016,6,광주광역시,58.8
702,2016_07,2016,7,광주광역시,58.7
703,2016_08,2016,8,광주광역시,58.3
704,2016_09,2016,9,광주광역시,57.9
705,2016_10,2016,10,광주광역시,58.2
706,2016_11,2016,11,광주광역시,57.9
707,2016_12,2016,12,광주광역시,58.1
708,2017_01,2017,1,광주광역시,58.2
709,2017_02,2017,2,광주광역시,58.0
710,2017_03,2017,3,광주광역시,58.6
711,2017_04,2017,4,광주광역시,58.8
712,2017_05,2017,5,광주광역시,59.2
713,2017_06,2017,6,광주광역시,59.7
714,2017_07,2017,7,광주광역시,59.8
715,2017_08,2017,8,광주광역시,59.4
716,2017_09,2017,9,광주광역시,58.7
717,2017_10,2017,10,광주광역시,59.3
718,2017_11,2017,11,광주광역시,59.2
719,2017_12,2017,12,광주광역시,59.6
720,2018_01,2018,1,광주광역시,58.5
721,2018_02,2018,2,광주광역시,58.9
722,2018_03,2018,3,광주광역시,59.2
723,2018_04,2018,4,광주광역시,59.9
724,2018_05,2018,5,광주광역시,59.7
725,2018_06,2018,6,광주광역시,59.2
726,2018_07,2018,7,광주광역시,59.3
727,2018_08,2018,8,광주광역시,59.3
728,2018_09,2018,9,광주광역시,60.0
729,2018_10,2018,10,광주광역시,59.7
730,2018_11,2018,11,광주광역시,59.9
731,2018_12,2018,12,광주광역시,59.2
732,2019_01,2019,1,광주광역시,58.1
733,2019_02,2019,2,광주광역시,58.2
734,2019_03,2019,3,광주광역시,59.2
735,2019_04,2019,4,광주광역시,58.9
736,2019_05,2019,5,광주광역시,59.2
737,2019_06,2019,6,광주광역시,59.6
738,2019_07,2019,7,광주광역시,59.1
739,2019_08,2019,8,광주광역시,59.5
740,2019_09,2019,9,광주광역시,59.5
741,2019_10,2019,10,광주광역시,60.2
742,2019_11,2019,11,광주광역시,60.2
743,2019_12,2019,12,광주광역시,59.5
744,2020_01,2020,1,광주광역시,59.1
745,2020_02,2020,2,광주광역시,59.1
746,2020_03,2020,3,광주광역시,58.2
747,2020_04,2020,4,광주광역시,57.9
748,2020_05,2020,5,광주광역시,58.7
749,2020_06,2020,6,광주광역시,59.2
750,2020_07,2020,7,광주광역시,58.7
751,2020_08,2020,8,광주광역시,58.6
752,2020_09,2020,9,광주광역시,58.8
753,2020_10,2020,10,광주광역시,58.7
754,2020_11,2020,11,광주광역시,58.2
755,2020_12,2020,12,광주광역시,58.8
756,2021_01,2021,1,광주광역시,56.6
757,2021_02,2021,2,광주광역시,57.7
758,2021_03,2021,3,광주광역시,58.1
759,2021_04,2021,4,광주광역시,58.6
760,2021_05,2021,5,광주광역시,58.9
761,2021_06,2021,6,광주광역시,58.6
762,2021_07,2021,7,광주광역시,58.9
763,2021_08,2021,8,광주광역시,58.7
764,2021_09,2021,9,광주광역시,58.5
765,2021_10,2021,10,광주광역시,58.6
766,2021_11,2021,11,광주광역시,58.0
767,2021_12,2021,12,광주광역시,56.9
768,2022_01,2022,1,광주광역시,57.0
769,2022_02,2022,2,광주광역시,57.8
770,2022_03,2022,3,광주광역시,58.6
771,2022_04,2022,4,광주광역시,58.2
772,2022_05,2022,5,광주광역시,58.8
773,2022_06,2022,6,광주광역시,58.7
774,2022_07,2022,7,광주광역시,59.0
775,2022_08,2022,8,광주광역시,59.0
776,2022_09,2022,9,광주광역시,59.0
777,2022_10,2022,10,광주광역시,59.6
778,2022_11,2022,11,광주광역시,59.7
779,2022_12,2022,12,광주광역시,58.2
780,2010_01,2010,1,대전광역시,55.1
781,2010_02,2010,2,대전광역시,54.8
782,2010_03,2010,3,대전광역시,55.4
783,2010_04,2010,4,대전광역시,56.2
784,2010_05,2010,5,대전광역시,57.2
785,2010_06,2010,6,대전광역시,57.0
786,2010_07,2010,7,대전광역시,57.2
787,2010_08,2010,8,대전광역시,57.0
788,2010_09,2010,9,대전광역시,56.7
789,2010_10,2010,10,대전광역시,57.2
790,2010_11,2010,11,대전광역시,57.3
791,2010_12,2010,12,대전광역시,56.2
792,2011_01,2011,1,대전광역시,55.4
793,2011_02,2011,2,대전광역시,55.1
794,2011_03,2011,3,대전광역시,56.7
795,2011_04,2011,4,대전광역시,57.2
796,2011_05,2011,5,대전광역시,58.4
797,2011_06,2011,6,대전광역시,58.2
798,2011_07,2011,7,대전광역시,58.2
799,2011_08,2011,8,대전광역시,57.1
800,2011_09,2011,9,대전광역시,56.7
801,2011_10,2011,10,대전광역시,57.0
802,2011_11,2011,11,대전광역시,56.4
803,2011_12,2011,12,대전광역시,55.9
804,2012_01,2012,1,대전광역시,55.8
805,2012_02,2012,2,대전광역시,55.8
806,2012_03,2012,3,대전광역시,56.6
807,2012_04,2012,4,대전광역시,56.7
808,2012_05,2012,5,대전광역시,57.7
809,2012_06,2012,6,대전광역시,58.0
810,2012_07,2012,7,대전광역시,58.0
811,2012_08,2012,8,대전광역시,57.5
812,2012_09,2012,9,대전광역시,57.9
813,2012_10,2012,10,대전광역시,58.3
814,2012_11,2012,11,대전광역시,57.7
815,2012_12,2012,12,대전광역시,57.1
816,2013_01,2013,1,대전광역시,56.1
817,2013_02,2013,2,대전광역시,55.4
818,2013_03,2013,3,대전광역시,56.6
819,2013_04,2013,4,대전광역시,57.3
820,2013_05,2013,5,대전광역시,58.5
821,2013_06,2013,6,대전광역시,57.9
822,2013_07,2013,7,대전광역시,57.7
823,2013_08,2013,8,대전광역시,57.5
824,2013_09,2013,9,대전광역시,57.9
825,2013_10,2013,10,대전광역시,58.4
826,2013_11,2013,11,대전광역시,58.6
827,2013_12,2013,12,대전광역시,57.9
828,2014_01,2014,1,대전광역시,57.3
829,2014_02,2014,2,대전광역시,57.0
830,2014_03,2014,3,대전광역시,58.0
831,2014_04,2014,4,대전광역시,58.7
832,2014_05,2014,5,대전광역시,59.0
833,2014_06,2014,6,대전광역시,59.6
834,2014_07,2014,7,대전광역시,60.2
835,2014_08,2014,8,대전광역시,59.8
836,2014_09,2014,9,대전광역시,60.1
837,2014_10,2014,10,대전광역시,60.4
838,2014_11,2014,11,대전광역시,60.1
839,2014_12,2014,12,대전광역시,59.4
840,2015_01,2015,1,대전광역시,58.7
841,2015_02,2015,2,대전광역시,59.1
842,2015_03,2015,3,대전광역시,59.0
843,2015_04,2015,4,대전광역시,59.4
844,2015_05,2015,5,대전광역시,60.1
845,2015_06,2015,6,대전광역시,59.8
846,2015_07,2015,7,대전광역시,60.1
847,2015_08,2015,8,대전광역시,59.3
848,2015_09,2015,9,대전광역시,60.2
849,2015_10,2015,10,대전광역시,60.3
850,2015_11,2015,11,대전광역시,60.1
851,2015_12,2015,12,대전광역시,59.5
852,2016_01,2016,1,대전광역시,58.6
853,2016_02,2016,2,대전광역시,59.2
854,2016_03,2016,3,대전광역시,59.3
855,2016_04,2016,4,대전광역시,59.8
856,2016_05,2016,5,대전광역시,60.0
857,2016_06,2016,6,대전광역시,60.1
858,2016_07,2016,7,대전광역시,60.3
859,2016_08,2016,8,대전광역시,59.7
860,2016_09,2016,9,대전광역시,59.6
861,2016_10,2016,10,대전광역시,60.1
862,2016_11,2016,11,대전광역시,60.4
863,2016_12,2016,12,대전광역시,59.6
864,2017_01,2017,1,대전광역시,58.3
865,2017_02,2017,2,대전광역시,58.3
866,2017_03,2017,3,대전광역시,59.3
867,2017_04,2017,4,대전광역시,59.1
868,2017_05,2017,5,대전광역시,59.3
869,2017_06,2017,6,대전광역시,58.9
870,2017_07,2017,7,대전광역시,59.2
871,2017_08,2017,8,대전광역시,58.5
872,2017_09,2017,9,대전광역시,58.7
873,2017_10,2017,10,대전광역시,58.9
874,2017_11,2017,11,대전광역시,59.5
875,2017_12,2017,12,대전광역시,59.0
876,2018_01,2018,1,대전광역시,58.1
877,2018_02,2018,2,대전광역시,58.6
878,2018_03,2018,3,대전광역시,59.3
879,2018_04,2018,4,대전광역시,58.8
880,2018_05,2018,5,대전광역시,59.0
881,2018_06,2018,6,대전광역시,58.5
882,2018_07,2018,7,대전광역시,58.8
883,2018_08,2018,8,대전광역시,58.0
884,2018_09,2018,9,대전광역시,59.0
885,2018_10,2018,10,대전광역시,59.0
886,2018_11,2018,11,대전광역시,58.9
887,2018_12,2018,12,대전광역시,58.3
888,2019_01,2019,1,대전광역시,57.8
889,2019_02,2019,2,대전광역시,58.6
890,2019_03,2019,3,대전광역시,58.8
891,2019_04,2019,4,대전광역시,58.4
892,2019_05,2019,5,대전광역시,59.3
893,2019_06,2019,6,대전광역시,59.7
894,2019_07,2019,7,대전광역시,60.5
895,2019_08,2019,8,대전광역시,61.0
896,2019_09,2019,9,대전광역시,61.0
897,2019_10,2019,10,대전광역시,61.0
898,2019_11,2019,11,대전광역시,61.2
899,2019_12,2019,12,대전광역시,60.2
900,2020_01,2020,1,대전광역시,60.2
901,2020_02,2020,2,대전광역시,60.8
902,2020_03,2020,3,대전광역시,59.5
903,2020_04,2020,4,대전광역시,59.7
904,2020_05,2020,5,대전광역시,60.1
905,2020_06,2020,6,대전광역시,60.5
906,2020_07,2020,7,대전광역시,60.6
907,2020_08,2020,8,대전광역시,61.2
908,2020_09,2020,9,대전광역시,61.1
909,2020_10,2020,10,대전광역시,61.5
910,2020_11,2020,11,대전광역시,62.0
911,2020_12,2020,12,대전광역시,60.6
912,2021_01,2021,1,대전광역시,58.5
913,2021_02,2021,2,대전광역시,58.9
914,2021_03,2021,3,대전광역시,59.4
915,2021_04,2021,4,대전광역시,60.2
916,2021_05,2021,5,대전광역시,61.1
917,2021_06,2021,6,대전광역시,62.0
918,2021_07,2021,7,대전광역시,61.6
919,2021_08,2021,8,대전광역시,62.1
920,2021_09,2021,9,대전광역시,61.8
921,2021_10,2021,10,대전광역시,61.7
922,2021_11,2021,11,대전광역시,62.3
923,2021_12,2021,12,대전광역시,61.2
924,2022_01,2022,1,대전광역시,60.5
925,2022_02,2022,2,대전광역시,61.0
926,2022_03,2022,3,대전광역시,60.9
927,2022_04,2022,4,대전광역시,61.1
928,2022_05,2022,5,대전광역시,61.6
929,2022_06,2022,6,대전광역시,61.1
930,2022_07,2022,7,대전광역시,61.6
931,2022_08,2022,8,대전광역시,62.2
932,2022_09,2022,9,대전광역시,61.9
933,2022_10,2022,10,대전광역시,62.6
934,2022_11,2022,11,대전광역시,62.4
935,2022_12,2022,12,대전광역시,62.3
936,2010_01,2010,1,울산광역시,57.7
937,2010_02,2010,2,울산광역시,57.3
938,2010_03,2010,3,울산광역시,58.1
939,2010_04,2010,4,울산광역시,59.0
940,2010_05,2010,5,울산광역시,59.5
941,2010_06,2010,6,울산광역시,59.3
942,2010_07,2010,7,울산광역시,59.9
943,2010_08,2010,8,울산광역시,59.5
944,2010_09,2010,9,울산광역시,59.3
945,2010_10,2010,10,울산광역시,59.8
946,2010_11,2010,11,울산광역시,59.8
947,2010_12,2010,12,울산광역시,59.9
948,2011_01,2011,1,울산광역시,59.1
949,2011_02,2011,2,울산광역시,59.4
950,2011_03,2011,3,울산광역시,58.6
951,2011_04,2011,4,울산광역시,59.9
952,2011_05,2011,5,울산광역시,60.1
953,2011_06,2011,6,울산광역시,60.4
954,2011_07,2011,7,울산광역시,60.8
955,2011_08,2011,8,울산광역시,59.7
956,2011_09,2011,9,울산광역시,59.6
957,2011_10,2011,10,울산광역시,60.1
958,2011_11,2011,11,울산광역시,60.1
959,2011_12,2011,12,울산광역시,59.7
960,2012_01,2012,1,울산광역시,59.1
961,2012_02,2012,2,울산광역시,59.5
962,2012_03,2012,3,울산광역시,59.5
963,2012_04,2012,4,울산광역시,60.3
964,2012_05,2012,5,울산광역시,60.7
965,2012_06,2012,6,울산광역시,59.9
966,2012_07,2012,7,울산광역시,60.6
967,2012_08,2012,8,울산광역시,59.4
968,2012_09,2012,9,울산광역시,60.0
969,2012_10,2012,10,울산광역시,60.1
970,2012_11,2012,11,울산광역시,59.6
971,2012_12,2012,12,울산광역시,58.4
972,2013_01,2013,1,울산광역시,58.0
973,2013_02,2013,2,울산광역시,58.3
974,2013_03,2013,3,울산광역시,58.7
975,2013_04,2013,4,울산광역시,60.0
976,2013_05,2013,5,울산광역시,60.2
977,2013_06,2013,6,울산광역시,60.1
978,2013_07,2013,7,울산광역시,59.7
979,2013_08,2013,8,울산광역시,59.1
980,2013_09,2013,9,울산광역시,58.9
981,2013_10,2013,10,울산광역시,58.9
982,2013_11,2013,11,울산광역시,58.4
983,2013_12,2013,12,울산광역시,58.2
984,2014_01,2014,1,울산광역시,58.6
985,2014_02,2014,2,울산광역시,58.9
986,2014_03,2014,3,울산광역시,58.4
987,2014_04,2014,4,울산광역시,59.3
988,2014_05,2014,5,울산광역시,58.3
989,2014_06,2014,6,울산광역시,58.3
990,2014_07,2014,7,울산광역시,58.5
991,2014_08,2014,8,울산광역시,57.9
992,2014_09,2014,9,울산광역시,57.6
993,2014_10,2014,10,울산광역시,57.7
994,2014_11,2014,11,울산광역시,58.1
995,2014_12,2014,12,울산광역시,57.6
996,2015_01,2015,1,울산광역시,57.4
997,2015_02,2015,2,울산광역시,57.7
998,2015_03,2015,3,울산광역시,58.0
999,2015_04,2015,4,울산광역시,58.9
1000,2015_05,2015,5,울산광역시,59.4
1001,2015_06,2015,6,울산광역시,59.6
1002,2015_07,2015,7,울산광역시,60.2
1003,2015_08,2015,8,울산광역시,59.7
1004,2015_09,2015,9,울산광역시,59.5
1005,2015_10,2015,10,울산광역시,59.5
1006,2015_11,2015,11,울산광역시,59.5
1007,2015_12,2015,12,울산광역시,59.0
1008,2016_01,2016,1,울산광역시,58.2
1009,2016_02,2016,2,울산광역시,57.6
1010,2016_03,2016,3,울산광역시,58.2
1011,2016_04,2016,4,울산광역시,58.8
1012,2016_05,2016,5,울산광역시,58.9
1013,2016_06,2016,6,울산광역시,59.0
1014,2016_07,2016,7,울산광역시,59.0
1015,2016_08,2016,8,울산광역시,59.0
1016,2016_09,2016,9,울산광역시,60.0
1017,2016_10,2016,10,울산광역시,59.9
1018,2016_11,2016,11,울산광역시,59.8
1019,2016_12,2016,12,울산광역시,59.3
1020,2017_01,2017,1,울산광역시,58.3
1021,2017_02,2017,2,울산광역시,58.9
1022,2017_03,2017,3,울산광역시,59.7
1023,2017_04,2017,4,울산광역시,59.7
1024,2017_05,2017,5,울산광역시,60.3
1025,2017_06,2017,6,울산광역시,60.4
1026,2017_07,2017,7,울산광역시,60.1
1027,2017_08,2017,8,울산광역시,59.5
1028,2017_09,2017,9,울산광역시,59.5
1029,2017_10,2017,10,울산광역시,59.9
1030,2017_11,2017,11,울산광역시,60.1
1031,2017_12,2017,12,울산광역시,60.6
1032,2018_01,2018,1,울산광역시,59.6
1033,2018_02,2018,2,울산광역시,59.5
1034,2018_03,2018,3,울산광역시,59.1
1035,2018_04,2018,4,울산광역시,58.6
1036,2018_05,2018,5,울산광역시,59.7
1037,2018_06,2018,6,울산광역시,59.4
1038,2018_07,2018,7,울산광역시,58.4
1039,2018_08,2018,8,울산광역시,59.0
1040,2018_09,2018,9,울산광역시,58.5
1041,2018_10,2018,10,울산광역시,59.3
1042,2018_11,2018,11,울산광역시,58.8
1043,2018_12,2018,12,울산광역시,58.4
1044,2019_01,2019,1,울산광역시,57.1
1045,2019_02,2019,2,울산광역시,57.8
1046,2019_03,2019,3,울산광역시,58.1
1047,2019_04,2019,4,울산광역시,58.8
1048,2019_05,2019,5,울산광역시,59.5
1049,2019_06,2019,6,울산광역시,59.7
1050,2019_07,2019,7,울산광역시,59.7
1051,2019_08,2019,8,울산광역시,59.3
1052,2019_09,2019,9,울산광역시,59.9
1053,2019_10,2019,10,울산광역시,59.7
1054,2019_11,2019,11,울산광역시,60.1
1055,2019_12,2019,12,울산광역시,59.7
1056,2020_01,2020,1,울산광역시,58.8
1057,2020_02,2020,2,울산광역시,59.0
1058,2020_03,2020,3,울산광역시,57.6
1059,2020_04,2020,4,울산광역시,57.2
1060,2020_05,2020,5,울산광역시,57.8
1061,2020_06,2020,6,울산광역시,57.7
1062,2020_07,2020,7,울산광역시,58.3
1063,2020_08,2020,8,울산광역시,58.2
1064,2020_09,2020,9,울산광역시,58.6
1065,2020_10,2020,10,울산광역시,58.1
1066,2020_11,2020,11,울산광역시,58.3
1067,2020_12,2020,12,울산광역시,57.5
1068,2021_01,2021,1,울산광역시,56.0
1069,2021_02,2021,2,울산광역시,57.1
1070,2021_03,2021,3,울산광역시,57.6
1071,2021_04,2021,4,울산광역시,57.4
1072,2021_05,2021,5,울산광역시,57.5
1073,2021_06,2021,6,울산광역시,57.2
1074,2021_07,2021,7,울산광역시,57.7
1075,2021_08,2021,8,울산광역시,58.1
1076,2021_09,2021,9,울산광역시,58.6
1077,2021_10,2021,10,울산광역시,58.8
1078,2021_11,2021,11,울산광역시,58.8
1079,2021_12,2021,12,울산광역시,57.5
1080,2022_01,2022,1,울산광역시,57.0
1081,2022_02,2022,2,울산광역시,57.0
1082,2022_03,2022,3,울산광역시,58.2
1083,2022_04,2022,4,울산광역시,58.6
1084,2022_05,2022,5,울산광역시,59.9
1085,2022_06,2022,6,울산광역시,59.9
1086,2022_07,2022,7,울산광역시,59.9
1087,2022_08,2022,8,울산광역시,60.0
1088,2022_09,2022,9,울산광역시,59.9
1089,2022_10,2022,10,울산광역시,60.0
1090,2022_11,2022,11,울산광역시,60.3
1091,2022_12,2022,12,울산광역시,59.1
1092,2010_01,2010,1,세종특별자치시,
1093,2010_02,2010,2,세종특별자치시,
1094,2010_03,2010,3,세종특별자치시,
1095,2010_04,2010,4,세종특별자치시,
1096,2010_05,2010,5,세종특별자치시,
1097,2010_06,2010,6,세종특별자치시,
1098,2010_07,2010,7,세종특별자치시,
1099,2010_08,2010,8,세종특별자치시,
1100,2010_09,2010,9,세종특별자치시,
1101,2010_10,2010,10,세종특별자치시,
1102,2010_11,2010,11,세종특별자치시,
1103,2010_12,2010,12,세종특별자치시,
1104,2011_01,2011,1,세종특별자치시,
1105,2011_02,2011,2,세종특별자치시,
1106,2011_03,2011,3,세종특별자치시,
1107,2011_04,2011,4,세종특별자치시,
1108,2011_05,2011,5,세종특별자치시,
1109,2011_06,2011,6,세종특별자치시,
1110,2011_07,2011,7,세종특별자치시,
1111,2011_08,2011,8,세종특별자치시,
1112,2011_09,2011,9,세종특별자치시,
1113,2011_10,2011,10,세종특별자치시,
1114,2011_11,2011,11,세종특별자치시,
1115,2011_12,2011,12,세종특별자치시,
1116,2012_01,2012,1,세종특별자치시,
1117,2012_02,2012,2,세종특별자치시,
1118,2012_03,2012,3,세종특별자치시,
1119,2012_04,2012,4,세종특별자치시,
1120,2012_05,2012,5,세종특별자치시,
1121,2012_06,2012,6,세종특별자치시,
1122,2012_07,2012,7,세종특별자치시,
1123,2012_08,2012,8,세종특별자치시,
1124,2012_09,2012,9,세종특별자치시,
1125,2012_10,2012,10,세종특별자치시,
1126,2012_11,2012,11,세종특별자치시,
1127,2012_12,2012,12,세종특별자치시,
1128,2013_01,2013,1,세종특별자치시,
1129,2013_02,2013,2,세종특별자치시,
1130,2013_03,2013,3,세종특별자치시,
1131,2013_04,2013,4,세종특별자치시,
1132,2013_05,2013,5,세종특별자치시,
1133,2013_06,2013,6,세종특별자치시,
1134,2013_07,2013,7,세종특별자치시,
1135,2013_08,2013,8,세종특별자치시,
1136,2013_09,2013,9,세종특별자치시,
1137,2013_10,2013,10,세종특별자치시,
1138,2013_11,2013,11,세종특별자치시,
1139,2013_12,2013,12,세종특별자치시,
1140,2014_01,2014,1,세종특별자치시,
1141,2014_02,2014,2,세종특별자치시,
1142,2014_03,2014,3,세종특별자치시,
1143,2014_04,2014,4,세종특별자치시,
1144,2014_05,2014,5,세종특별자치시,
1145,2014_06,2014,6,세종특별자치시,
1146,2014_07,2014,7,세종특별자치시,
1147,2014_08,2014,8,세종특별자치시,
1148,2014_09,2014,9,세종특별자치시,
1149,2014_10,2014,10,세종특별자치시,
1150,2014_11,2014,11,세종특별자치시,
1151,2014_12,2014,12,세종특별자치시,
1152,2015_01,2015,1,세종특별자치시,
1153,2015_02,2015,2,세종특별자치시,
1154,2015_03,2015,3,세종특별자치시,
1155,2015_04,2015,4,세종특별자치시,
1156,2015_05,2015,5,세종특별자치시,
1157,2015_06,2015,6,세종특별자치시,
1158,2015_07,2015,7,세종특별자치시,
1159,2015_08,2015,8,세종특별자치시,
1160,2015_09,2015,9,세종특별자치시,
1161,2015_10,2015,10,세종특별자치시,
1162,2015_11,2015,11,세종특별자치시,
1163,2015_12,2015,12,세종특별자치시,
1164,2016_01,2016,1,세종특별자치시,
1165,2016_02,2016,2,세종특별자치시,
1166,2016_03,2016,3,세종특별자치시,
1167,2016_04,2016,4,세종특별자치시,
1168,2016_05,2016,5,세종특별자치시,
1169,2016_06,2016,6,세종특별자치시,
1170,2016_07,2016,7,세종특별자치시,
1171,2016_08,2016,8,세종특별자치시,
1172,2016_09,2016,9,세종특별자치시,
1173,2016_10,2016,10,세종특별자치시,
1174,2016_11,2016,11,세종특별자치시,
1175,2016_12,2016,12,세종특별자치시,
1176,2017_01,2017,1,세종특별자치시,58.6
1177,2017_02,2017,2,세종특별자치시,60.2
1178,2017_03,2017,3,세종특별자치시,60.9
1179,2017_04,2017,4,세종특별자치시,61.7
1180,2017_05,2017,5,세종특별자치시,62.7
1181,2017_06,2017,6,세종특별자치시,62.7
1182,2017_07,2017,7,세종특별자치시,62.7
1183,2017_08,2017,8,세종특별자치시,61.5
1184,2017_09,2017,9,세종특별자치시,61.4
1185,2017_10,2017,10,세종특별자치시,61.2
1186,2017_11,2017,11,세종특별자치시,60.9
1187,2017_12,2017,12,세종특별자치시,60.0
1188,2018_01,2018,1,세종특별자치시,59.3
1189,2018_02,2018,2,세종특별자치시,59.6
1190,2018_03,2018,3,세종특별자치시,60.3
1191,2018_04,2018,4,세종특별자치시,61.6
1192,2018_05,2018,5,세종특별자치시,62.8
1193,2018_06,2018,6,세종특별자치시,62.7
1194,2018_07,2018,7,세종특별자치시,62.9
1195,2018_08,2018,8,세종특별자치시,62.5
1196,2018_09,2018,9,세종특별자치시,62.5
1197,2018_10,2018,10,세종특별자치시,62.4
1198,2018_11,2018,11,세종특별자치시,62.7
1199,2018_12,2018,12,세종특별자치시,62.0
1200,2019_01,2019,1,세종특별자치시,61.2
1201,2019_02,2019,2,세종특별자치시,61.0
1202,2019_03,2019,3,세종특별자치시,62.3
1203,2019_04,2019,4,세종특별자치시,62.7
1204,2019_05,2019,5,세종특별자치시,62.8
1205,2019_06,2019,6,세종특별자치시,63.2
1206,2019_07,2019,7,세종특별자치시,63.9
1207,2019_08,2019,8,세종특별자치시,63.4
1208,2019_09,2019,9,세종특별자치시,62.1
1209,2019_10,2019,10,세종특별자치시,63.0
1210,2019_11,2019,11,세종특별자치시,63.2
1211,2019_12,2019,12,세종특별자치시,61.6
1212,2020_01,2020,1,세종특별자치시,61.4
1213,2020_02,2020,2,세종특별자치시,60.9
1214,2020_03,2020,3,세종특별자치시,61.4
1215,2020_04,2020,4,세종특별자치시,62.5
1216,2020_05,2020,5,세종특별자치시,62.7
1217,2020_06,2020,6,세종특별자치시,64.2
1218,2020_07,2020,7,세종특별자치시,64.1
1219,2020_08,2020,8,세종특별자치시,64.3
1220,2020_09,2020,9,세종특별자치시,64.1
1221,2020_10,2020,10,세종특별자치시,63.0
1222,2020_11,2020,11,세종특별자치시,62.6
1223,2020_12,2020,12,세종특별자치시,60.8
1224,2021_01,2021,1,세종특별자치시,60.3
1225,2021_02,2021,2,세종특별자치시,61.3
1226,2021_03,2021,3,세종특별자치시,62.4
1227,2021_04,2021,4,세종특별자치시,63.6
1228,2021_05,2021,5,세종특별자치시,64.1
1229,2021_06,2021,6,세종특별자치시,64.2
1230,2021_07,2021,7,세종특별자치시,63.8
1231,2021_08,2021,8,세종특별자치시,63.6
1232,2021_09,2021,9,세종특별자치시,63.9
1233,2021_10,2021,10,세종특별자치시,62.9
1234,2021_11,2021,11,세종특별자치시,61.7
1235,2021_12,2021,12,세종특별자치시,59.8
1236,2022_01,2022,1,세종특별자치시,59.9
1237,2022_02,2022,2,세종특별자치시,61.5
1238,2022_03,2022,3,세종특별자치시,63.7
1239,2022_04,2022,4,세종특별자치시,64.0
1240,2022_05,2022,5,세종특별자치시,65.3
1241,2022_06,2022,6,세종특별자치시,65.2
1242,2022_07,2022,7,세종특별자치시,64.7
1243,2022_08,2022,8,세종특별자치시,64.7
1244,2022_09,2022,9,세종특별자치시,64.3
1245,2022_10,2022,10,세종특별자치시,64.2
1246,2022_11,2022,11,세종특별자치시,64.4
1247,2022_12,2022,12,세종특별자치시,63.1
1248,2010_01,2010,1,경기도,57.7
1249,2010_02,2010,2,경기도,57.1
1250,2010_03,2010,3,경기도,58.4
1251,2010_04,2010,4,경기도,59.6
1252,2010_05,2010,5,경기도,60.2
1253,2010_06,2010,6,경기도,59.9
1254,2010_07,2010,7,경기도,60.0
1255,2010_08,2010,8,경기도,59.5
1256,2010_09,2010,9,경기도,59.9
1257,2010_10,2010,10,경기도,60.1
1258,2010_11,2010,11,경기도,59.6
1259,2010_12,2010,12,경기도,58.5
1260,2011_01,2011,1,경기도,58.3
1261,2011_02,2011,2,경기도,58.2
1262,2011_03,2011,3,경기도,58.9
1263,2011_04,2011,4,경기도,59.7
1264,2011_05,2011,5,경기도,60.2
1265,2011_06,2011,6,경기도,60.1
1266,2011_07,2011,7,경기도,59.7
1267,2011_08,2011,8,경기도,59.6
1268,2011_09,2011,9,경기도,59.2
1269,2011_10,2011,10,경기도,59.7
1270,2011_11,2011,11,경기도,59.5
1271,2011_12,2011,12,경기도,59.0
1272,2012_01,2012,1,경기도,58.2
1273,2012_02,2012,2,경기도,58.2
1274,2012_03,2012,3,경기도,58.9
1275,2012_04,2012,4,경기도,59.7
1276,2012_05,2012,5,경기도,60.7
1277,2012_06,2012,6,경기도,60.8
1278,2012_07,2012,7,경기도,60.6
1279,2012_08,2012,8,경기도,60.1
1280,2012_09,2012,9,경기도,60.5
1281,2012_10,2012,10,경기도,60.8
1282,2012_11,2012,11,경기도,60.3
1283,2012_12,2012,12,경기도,58.8
1284,2013_01,2013,1,경기도,58.1
1285,2013_02,2013,2,경기도,57.6
1286,2013_03,2013,3,경기도,58.7
1287,2013_04,2013,4,경기도,60.1
1288,2013_05,2013,5,경기도,60.6
1289,2013_06,2013,6,경기도,60.9
1290,2013_07,2013,7,경기도,61.1
1291,2013_08,2013,8,경기도,61.0
1292,2013_09,2013,9,경기도,61.6
1293,2013_10,2013,10,경기도,61.5
1294,2013_11,2013,11,경기도,61.5
1295,2013_12,2013,12,경기도,60.1
1296,2014_01,2014,1,경기도,60.0
1297,2014_02,2014,2,경기도,60.0
1298,2014_03,2014,3,경기도,60.4
1299,2014_04,2014,4,경기도,61.7
1300,2014_05,2014,5,경기도,61.8
1301,2014_06,2014,6,경기도,62.2
1302,2014_07,2014,7,경기도,62.6
1303,2014_08,2014,8,경기도,62.4
1304,2014_09,2014,9,경기도,62.2
1305,2014_10,2014,10,경기도,62.4
1306,2014_11,2014,11,경기도,62.2
1307,2014_12,2014,12,경기도,61.4
1308,2015_01,2015,1,경기도,60.8
1309,2015_02,2015,2,경기도,60.8
1310,2015_03,2015,3,경기도,61.2
1311,2015_04,2015,4,경기도,62.0
1312,2015_05,2015,5,경기도,62.1
1313,2015_06,2015,6,경기도,62.2
1314,2015_07,2015,7,경기도,62.4
1315,2015_08,2015,8,경기도,61.8
1316,2015_09,2015,9,경기도,61.9
1317,2015_10,2015,10,경기도,62.0
1318,2015_11,2015,11,경기도,61.7
1319,2015_12,2015,12,경기도,61.2
1320,2016_01,2016,1,경기도,60.3
1321,2016_02,2016,2,경기도,60.1
1322,2016_03,2016,3,경기도,61.2
1323,2016_04,2016,4,경기도,61.5
1324,2016_05,2016,5,경기도,62.0
1325,2016_06,2016,6,경기도,62.5
1326,2016_07,2016,7,경기도,62.6
1327,2016_08,2016,8,경기도,62.3
1328,2016_09,2016,9,경기도,62.1
1329,2016_10,2016,10,경기도,61.9
1330,2016_11,2016,11,경기도,62.0
1331,2016_12,2016,12,경기도,61.3
1332,2017_01,2017,1,경기도,60.6
1333,2017_02,2017,2,경기도,60.6
1334,2017_03,2017,3,경기도,61.7
1335,2017_04,2017,4,경기도,62.1
1336,2017_05,2017,5,경기도,62.4
1337,2017_06,2017,6,경기도,62.3
1338,2017_07,2017,7,경기도,62.9
1339,2017_08,2017,8,경기도,62.5
1340,2017_09,2017,9,경기도,62.8
1341,2017_10,2017,10,경기도,62.7
1342,2017_11,2017,11,경기도,62.9
1343,2017_12,2017,12,경기도,62.1
1344,2018_01,2018,1,경기도,61.4
1345,2018_02,2018,2,경기도,60.7
1346,2018_03,2018,3,경기도,61.8
1347,2018_04,2018,4,경기도,62.3
1348,2018_05,2018,5,경기도,62.7
1349,2018_06,2018,6,경기도,62.5
1350,2018_07,2018,7,경기도,62.4
1351,2018_08,2018,8,경기도,62.0
1352,2018_09,2018,9,경기도,62.4
1353,2018_10,2018,10,경기도,62.0
1354,2018_11,2018,11,경기도,62.3
1355,2018_12,2018,12,경기도,61.1
1356,2019_01,2019,1,경기도,60.5
1357,2019_02,2019,2,경기도,60.5
1358,2019_03,2019,3,경기도,61.6
1359,2019_04,2019,4,경기도,61.9
1360,2019_05,2019,5,경기도,62.5
1361,2019_06,2019,6,경기도,62.8
1362,2019_07,2019,7,경기도,62.3
1363,2019_08,2019,8,경기도,62.1
1364,2019_09,2019,9,경기도,61.9
1365,2019_10,2019,10,경기도,62.2
1366,2019_11,2019,11,경기도,62.3
1367,2019_12,2019,12,경기도,61.9
1368,2020_01,2020,1,경기도,61.2
1369,2020_02,2020,2,경기도,60.7
1370,2020_03,2020,3,경기도,60.3
1371,2020_04,2020,4,경기도,60.0
1372,2020_05,2020,5,경기도,60.8
1373,2020_06,2020,6,경기도,60.6
1374,2020_07,2020,7,경기도,60.4
1375,2020_08,2020,8,경기도,60.0
1376,2020_09,2020,9,경기도,60.0
1377,2020_10,2020,10,경기도,60.1
1378,2020_11,2020,11,경기도,60.4
1379,2020_12,2020,12,경기도,59.1
1380,2021_01,2021,1,경기도,57.9
1381,2021_02,2021,2,경기도,59.1
1382,2021_03,2021,3,경기도,60.0
1383,2021_04,2021,4,경기도,60.6
1384,2021_05,2021,5,경기도,61.5
1385,2021_06,2021,6,경기도,61.8
1386,2021_07,2021,7,경기도,62.0
1387,2021_08,2021,8,경기도,61.7
1388,2021_09,2021,9,경기도,61.9
1389,2021_10,2021,10,경기도,62.2
1390,2021_11,2021,11,경기도,62.6
1391,2021_12,2021,12,경기도,62.1
1392,2022_01,2022,1,경기도,61.7
1393,2022_02,2022,2,경기도,62.7
1394,2022_03,2022,3,경기도,63.2
1395,2022_04,2022,4,경기도,64.1
1396,2022_05,2022,5,경기도,65.2
1397,2022_06,2022,6,경기도,65.2
1398,2022_07,2022,7,경기도,65.0
1399,2022_08,2022,8,경기도,64.5
1400,2022_09,2022,9,경기도,64.3
1401,2022_10,2022,10,경기도,64.2
1402,2022_11,2022,11,경기도,63.9
1403,2022_12,2022,12,경기도,63.0
1404,2010_01,2010,1,강원도,49.7
1405,2010_02,2010,2,강원도,49.6
1406,2010_03,2010,3,강원도,51.7
1407,2010_04,2010,4,강원도,56.3
1408,2010_05,2010,5,강원도,59.0
1409,2010_06,2010,6,강원도,59.0
1410,2010_07,2010,7,강원도,60.2
1411,2010_08,2010,8,강원도,58.9
1412,2010_09,2010,9,강원도,58.1
1413,2010_10,2010,10,강원도,58.9
1414,2010_11,2010,11,강원도,57.9
1415,2010_12,2010,12,강원도,52.4
1416,2011_01,2011,1,강원도,49.3
1417,2011_02,2011,2,강원도,49.7
1418,2011_03,2011,3,강원도,53.7
1419,2011_04,2011,4,강원도,57.5
1420,2011_05,2011,5,강원도,59.5
1421,2011_06,2011,6,강원도,60.1
1422,2011_07,2011,7,강원도,59.5
1423,2011_08,2011,8,강원도,59.1
1424,2011_09,2011,9,강원도,57.2
1425,2011_10,2011,10,강원도,58.6
1426,2011_11,2011,11,강원도,57.4
1427,2011_12,2011,12,강원도,52.9
1428,2012_01,2012,1,강원도,50.8
1429,2012_02,2012,2,강원도,50.5
1430,2012_03,2012,3,강원도,52.6
1431,2012_04,2012,4,강원도,58.0
1432,2012_05,2012,5,강원도,59.6
1433,2012_06,2012,6,강원도,59.2
1434,2012_07,2012,7,강원도,60.1
1435,2012_08,2012,8,강원도,59.2
1436,2012_09,2012,9,강원도,60.2
1437,2012_10,2012,10,강원도,59.9
1438,2012_11,2012,11,강원도,58.1
1439,2012_12,2012,12,강원도,54.4
1440,2013_01,2013,1,강원도,51.4
1441,2013_02,2013,2,강원도,51.6
1442,2013_03,2013,3,강원도,54.5
1443,2013_04,2013,4,강원도,57.7
1444,2013_05,2013,5,강원도,59.6
1445,2013_06,2013,6,강원도,58.5
1446,2013_07,2013,7,강원도,59.1
1447,2013_08,2013,8,강원도,58.6
1448,2013_09,2013,9,강원도,57.4
1449,2013_10,2013,10,강원도,58.1
1450,2013_11,2013,11,강원도,57.4
1451,2013_12,2013,12,강원도,51.1
1452,2014_01,2014,1,강원도,50.4
1453,2014_02,2014,2,강원도,50.6
1454,2014_03,2014,3,강원도,54.1
1455,2014_04,2014,4,강원도,59.2
1456,2014_05,2014,5,강원도,58.9
1457,2014_06,2014,6,강원도,59.5
1458,2014_07,2014,7,강원도,59.6
1459,2014_08,2014,8,강원도,59.3
1460,2014_09,2014,9,강원도,58.9
1461,2014_10,2014,10,강원도,59.2
1462,2014_11,2014,11,강원도,59.1
1463,2014_12,2014,12,강원도,53.6
1464,2015_01,2015,1,강원도,51.7
1465,2015_02,2015,2,강원도,52.2
1466,2015_03,2015,3,강원도,55.4
1467,2015_04,2015,4,강원도,58.7
1468,2015_05,2015,5,강원도,59.7
1469,2015_06,2015,6,강원도,60.2
1470,2015_07,2015,7,강원도,60.9
1471,2015_08,2015,8,강원도,60.7
1472,2015_09,2015,9,강원도,60.5
1473,2015_10,2015,10,강원도,60.0
1474,2015_11,2015,11,강원도,59.1
1475,2015_12,2015,12,강원도,55.2
1476,2016_01,2016,1,강원도,52.5
1477,2016_02,2016,2,강원도,52.3
1478,2016_03,2016,3,강원도,56.3
1479,2016_04,2016,4,강원도,59.1
1480,2016_05,2016,5,강원도,60.3
1481,2016_06,2016,6,강원도,60.6
1482,2016_07,2016,7,강원도,60.1
1483,2016_08,2016,8,강원도,60.1
1484,2016_09,2016,9,강원도,60.0
1485,2016_10,2016,10,강원도,60.4
1486,2016_11,2016,11,강원도,60.3
1487,2016_12,2016,12,강원도,56.4
1488,2017_01,2017,1,강원도,54.0
1489,2017_02,2017,2,강원도,55.1
1490,2017_03,2017,3,강원도,59.0
1491,2017_04,2017,4,강원도,62.3
1492,2017_05,2017,5,강원도,63.6
1493,2017_06,2017,6,강원도,63.8
1494,2017_07,2017,7,강원도,64.3
1495,2017_08,2017,8,강원도,64.0
1496,2017_09,2017,9,강원도,63.0
1497,2017_10,2017,10,강원도,63.2
1498,2017_11,2017,11,강원도,62.4
1499,2017_12,2017,12,강원도,57.3
1500,2018_01,2018,1,강원도,54.0
1501,2018_02,2018,2,강원도,54.3
1502,2018_03,2018,3,강원도,60.0
1503,2018_04,2018,4,강원도,61.9
1504,2018_05,2018,5,강원도,62.8
1505,2018_06,2018,6,강원도,63.0
1506,2018_07,2018,7,강원도,62.7
1507,2018_08,2018,8,강원도,63.1
1508,2018_09,2018,9,강원도,63.3
1509,2018_10,2018,10,강원도,63.0
1510,2018_11,2018,11,강원도,62.9
1511,2018_12,2018,12,강원도,57.2
1512,2019_01,2019,1,강원도,55.4
1513,2019_02,2019,2,강원도,56.1
1514,2019_03,2019,3,강원도,61.4
1515,2019_04,2019,4,강원도,63.8
1516,2019_05,2019,5,강원도,64.5
1517,2019_06,2019,6,강원도,63.8
1518,2019_07,2019,7,강원도,65.0
1519,2019_08,2019,8,강원도,65.3
1520,2019_09,2019,9,강원도,65.0
1521,2019_10,2019,10,강원도,64.5
1522,2019_11,2019,11,강원도,64.0
1523,2019_12,2019,12,강원도,58.2
1524,2020_01,2020,1,강원도,56.3
1525,2020_02,2020,2,강원도,58.1
1526,2020_03,2020,3,강원도,61.1
1527,2020_04,2020,4,강원도,61.3
1528,2020_05,2020,5,강원도,62.6
1529,2020_06,2020,6,강원도,62.8
1530,2020_07,2020,7,강원도,62.3
1531,2020_08,2020,8,강원도,62.7
1532,2020_09,2020,9,강원도,62.1
1533,2020_10,2020,10,강원도,62.4
1534,2020_11,2020,11,강원도,62.1
1535,2020_12,2020,12,강원도,55.5
1536,2021_01,2021,1,강원도,52.8
1537,2021_02,2021,2,강원도,56.1
1538,2021_03,2021,3,강원도,61.1
1539,2021_04,2021,4,강원도,62.2
1540,2021_05,2021,5,강원도,63.5
1541,2021_06,2021,6,강원도,64.0
1542,2021_07,2021,7,강원도,64.1
1543,2021_08,2021,8,강원도,63.8
1544,2021_09,2021,9,강원도,63.5
1545,2021_10,2021,10,강원도,63.7
1546,2021_11,2021,11,강원도,63.8
1547,2021_12,2021,12,강원도,58.7
1548,2022_01,2022,1,강원도,55.0
1549,2022_02,2022,2,강원도,58.7
1550,2022_03,2022,3,강원도,60.4
1551,2022_04,2022,4,강원도,62.6
1552,2022_05,2022,5,강원도,63.8
1553,2022_06,2022,6,강원도,63.9
1554,2022_07,2022,7,강원도,64.2
1555,2022_08,2022,8,강원도,64.0
1556,2022_09,2022,9,강원도,64.1
1557,2022_10,2022,10,강원도,63.9
1558,2022_11,2022,11,강원도,63.3
1559,2022_12,2022,12,강원도,58.2
1560,2010_01,2010,1,충청북도,53.9
1561,2010_02,2010,2,충청북도,55.3
1562,2010_03,2010,3,충청북도,58.8
1563,2010_04,2010,4,충청북도,61.1
1564,2010_05,2010,5,충청북도,61.3
1565,2010_06,2010,6,충청북도,61.9
1566,2010_07,2010,7,충청북도,61.6
1567,2010_08,2010,8,충청북도,61.2
1568,2010_09,2010,9,충청북도,60.8
1569,2010_10,2010,10,충청북도,60.7
1570,2010_11,2010,11,충청북도,59.8
1571,2010_12,2010,12,충청북도,57.2
1572,2011_01,2011,1,충청북도,54.7
1573,2011_02,2011,2,충청북도,55.9
1574,2011_03,2011,3,충청북도,58.8
1575,2011_04,2011,4,충청북도,61.4
1576,2011_05,2011,5,충청북도,62.6
1577,2011_06,2011,6,충청북도,62.3
1578,2011_07,2011,7,충청북도,61.5
1579,2011_08,2011,8,충청북도,61.0
1580,2011_09,2011,9,충청북도,60.2
1581,2011_10,2011,10,충청북도,60.8
1582,2011_11,2011,11,충청북도,59.8
1583,2011_12,2011,12,충청북도,55.3
1584,2012_01,2012,1,충청북도,53.7
1585,2012_02,2012,2,충청북도,54.6
1586,2012_03,2012,3,충청북도,57.8
1587,2012_04,2012,4,충청북도,60.1
1588,2012_05,2012,5,충청북도,61.9
1589,2012_06,2012,6,충청북도,61.5
1590,2012_07,2012,7,충청북도,61.4
1591,2012_08,2012,8,충청북도,59.6
1592,2012_09,2012,9,충청북도,60.3
1593,2012_10,2012,10,충청북도,60.4
1594,2012_11,2012,11,충청북도,59.2
1595,2012_12,2012,12,충청북도,55.7
1596,2013_01,2013,1,충청북도,53.5
1597,2013_02,2013,2,충청북도,55.1
1598,2013_03,2013,3,충청북도,58.1
1599,2013_04,2013,4,충청북도,60.8
1600,2013_05,2013,5,충청북도,61.8
1601,2013_06,2013,6,충청북도,62.7
1602,2013_07,2013,7,충청북도,62.3
1603,2013_08,2013,8,충청북도,61.2
1604,2013_09,2013,9,충청북도,61.5
1605,2013_10,2013,10,충청북도,62.4
1606,2013_11,2013,11,충청북도,62.1
1607,2013_12,2013,12,충청북도,57.9
1608,2014_01,2014,1,충청북도,56.6
1609,2014_02,2014,2,충청북도,58.5
1610,2014_03,2014,3,충청북도,59.8
1611,2014_04,2014,4,충청북도,62.7
1612,2014_05,2014,5,충청북도,63.9
1613,2014_06,2014,6,충청북도,64.2
1614,2014_07,2014,7,충청북도,64.4
1615,2014_08,2014,8,충청북도,63.7
1616,2014_09,2014,9,충청북도,64.0
1617,2014_10,2014,10,충청북도,63.9
1618,2014_11,2014,11,충청북도,63.4
1619,2014_12,2014,12,충청북도,58.7
1620,2015_01,2015,1,충청북도,57.0
1621,2015_02,2015,2,충청북도,58.8
1622,2015_03,2015,3,충청북도,60.5
1623,2015_04,2015,4,충청북도,62.8
1624,2015_05,2015,5,충청북도,63.4
1625,2015_06,2015,6,충청북도,63.8
1626,2015_07,2015,7,충청북도,63.8
1627,2015_08,2015,8,충청북도,63.7
1628,2015_09,2015,9,충청북도,64.3
1629,2015_10,2015,10,충청북도,64.6
1630,2015_11,2015,11,충청북도,64.2
1631,2015_12,2015,12,충청북도,61.6
1632,2016_01,2016,1,충청북도,58.2
1633,2016_02,2016,2,충청북도,58.8
1634,2016_03,2016,3,충청북도,61.6
1635,2016_04,2016,4,충청북도,62.1
1636,2016_05,2016,5,충청북도,63.1
1637,2016_06,2016,6,충청북도,63.2
1638,2016_07,2016,7,충청북도,63.3
1639,2016_08,2016,8,충청북도,63.1
1640,2016_09,2016,9,충청북도,62.9
1641,2016_10,2016,10,충청북도,63.1
1642,2016_11,2016,11,충청북도,63.2
1643,2016_12,2016,12,충청북도,61.1
1644,2017_01,2017,1,충청북도,58.3
1645,2017_02,2017,2,충청북도,58.2
1646,2017_03,2017,3,충청북도,61.2
1647,2017_04,2017,4,충청북도,63.2
1648,2017_05,2017,5,충청북도,64.2
1649,2017_06,2017,6,충청북도,64.0
1650,2017_07,2017,7,충청북도,63.6
1651,2017_08,2017,8,충청북도,63.7
1652,2017_09,2017,9,충청북도,65.3
1653,2017_10,2017,10,충청북도,64.6
1654,2017_11,2017,11,충청북도,63.6
1655,2017_12,2017,12,충청북도,61.0
1656,2018_01,2018,1,충청북도,59.5
1657,2018_02,2018,2,충청북도,59.3
1658,2018_03,2018,3,충청북도,62.1
1659,2018_04,2018,4,충청북도,64.3
1660,2018_05,2018,5,충청북도,64.4
1661,2018_06,2018,6,충청북도,65.8
1662,2018_07,2018,7,충청북도,65.1
1663,2018_08,2018,8,충청북도,64.6
1664,2018_09,2018,9,충청북도,64.2
1665,2018_10,2018,10,충청북도,64.2
1666,2018_11,2018,11,충청북도,64.5
1667,2018_12,2018,12,충청북도,61.4
1668,2019_01,2019,1,충청북도,60.1
1669,2019_02,2019,2,충청북도,60.7
1670,2019_03,2019,3,충청북도,62.3
1671,2019_04,2019,4,충청북도,63.2
1672,2019_05,2019,5,충청북도,64.3
1673,2019_06,2019,6,충청북도,63.6
1674,2019_07,2019,7,충청북도,63.7
1675,2019_08,2019,8,충청북도,63.9
1676,2019_09,2019,9,충청북도,63.8
1677,2019_10,2019,10,충청북도,64.1
1678,2019_11,2019,11,충청북도,63.3
1679,2019_12,2019,12,충청북도,61.5
1680,2020_01,2020,1,충청북도,61.0
1681,2020_02,2020,2,충청북도,61.7
1682,2020_03,2020,3,충청북도,62.8
1683,2020_04,2020,4,충청북도,63.1
1684,2020_05,2020,5,충청북도,64.5
1685,2020_06,2020,6,충청북도,64.7
1686,2020_07,2020,7,충청북도,64.5
1687,2020_08,2020,8,충청북도,63.7
1688,2020_09,2020,9,충청북도,63.7
1689,2020_10,2020,10,충청북도,63.1
1690,2020_11,2020,11,충청북도,63.8
1691,2020_12,2020,12,충청북도,61.6
1692,2021_01,2021,1,충청북도,58.8
1693,2021_02,2021,2,충청북도,60.9
1694,2021_03,2021,3,충청북도,62.6
1695,2021_04,2021,4,충청북도,63.4
1696,2021_05,2021,5,충청북도,64.4
1697,2021_06,2021,6,충청북도,64.4
1698,2021_07,2021,7,충청북도,63.9
1699,2021_08,2021,8,충청북도,64.5
1700,2021_09,2021,9,충청북도,64.2
1701,2021_10,2021,10,충청북도,64.9
1702,2021_11,2021,11,충청북도,64.6
1703,2021_12,2021,12,충청북도,63.5
1704,2022_01,2022,1,충청북도,61.8
1705,2022_02,2022,2,충청북도,62.7
1706,2022_03,2022,3,충청북도,64.5
1707,2022_04,2022,4,충청북도,65.2
1708,2022_05,2022,5,충청북도,66.1
1709,2022_06,2022,6,충청북도,66.5
1710,2022_07,2022,7,충청북도,65.8
1711,2022_08,2022,8,충청북도,65.9
1712,2022_09,2022,9,충청북도,65.4
1713,2022_10,2022,10,충청북도,65.9
1714,2022_11,2022,11,충청북도,65.7
1715,2022_12,2022,12,충청북도,63.3
1716,2010_01,2010,1,충청남도,55.4
1717,2010_02,2010,2,충청남도,55.7
1718,2010_03,2010,3,충청남도,57.9
1719,2010_04,2010,4,충청남도,61.3
1720,2010_05,2010,5,충청남도,62.2
1721,2010_06,2010,6,충청남도,62.7
1722,2010_07,2010,7,충청남도,62.2
1723,2010_08,2010,8,충청남도,62.1
1724,2010_09,2010,9,충청남도,62.0
1725,2010_10,2010,10,충청남도,61.9
1726,2010_11,2010,11,충청남도,61.3
1727,2010_12,2010,12,충청남도,58.0
1728,2011_01,2011,1,충청남도,55.4
1729,2011_02,2011,2,충청남도,56.8
1730,2011_03,2011,3,충청남도,60.2
1731,2011_04,2011,4,충청남도,62.2
1732,2011_05,2011,5,충청남도,63.8
1733,2011_06,2011,6,충청남도,64.4
1734,2011_07,2011,7,충청남도,62.5
1735,2011_08,2011,8,충청남도,61.8
1736,2011_09,2011,9,충청남도,61.5
1737,2011_10,2011,10,충청남도,62.7
1738,2011_11,2011,11,충청남도,61.8
1739,2011_12,2011,12,충청남도,58.2
1740,2012_01,2012,1,충청남도,55.8
1741,2012_02,2012,2,충청남도,56.1
1742,2012_03,2012,3,충청남도,60.3
1743,2012_04,2012,4,충청남도,63.2
1744,2012_05,2012,5,충청남도,64.2
1745,2012_06,2012,6,충청남도,63.7
1746,2012_07,2012,7,충청남도,63.9
1747,2012_08,2012,8,충청남도,62.7
1748,2012_09,2012,9,충청남도,63.1
1749,2012_10,2012,10,충청남도,63.5
1750,2012_11,2012,11,충청남도,62.5
1751,2012_12,2012,12,충청남도,58.7
1752,2013_01,2013,1,충청남도,56.7
1753,2013_02,2013,2,충청남도,56.5
1754,2013_03,2013,3,충청남도,61.6
1755,2013_04,2013,4,충청남도,64.2
1756,2013_05,2013,5,충청남도,65.1
1757,2013_06,2013,6,충청남도,65.1
1758,2013_07,2013,7,충청남도,65.3
1759,2013_08,2013,8,충청남도,64.4
1760,2013_09,2013,9,충청남도,64.6
1761,2013_10,2013,10,충청남도,64.1
1762,2013_11,2013,11,충청남도,63.9
1763,2013_12,2013,12,충청남도,60.2
1764,2014_01,2014,1,충청남도,58.4
1765,2014_02,2014,2,충청남도,58.5
1766,2014_03,2014,3,충청남도,61.9
1767,2014_04,2014,4,충청남도,63.5
1768,2014_05,2014,5,충청남도,63.6
1769,2014_06,2014,6,충청남도,64.3
1770,2014_07,2014,7,충청남도,64.6
1771,2014_08,2014,8,충청남도,63.3
1772,2014_09,2014,9,충청남도,64.2
1773,2014_10,2014,10,충청남도,63.8
1774,2014_11,2014,11,충청남도,63.5
1775,2014_12,2014,12,충청남도,58.8
1776,2015_01,2015,1,충청남도,58.1
1777,2015_02,2015,2,충청남도,59.2
1778,2015_03,2015,3,충청남도,61.2
1779,2015_04,2015,4,충청남도,63.1
1780,2015_05,2015,5,충청남도,64.2
1781,2015_06,2015,6,충청남도,64.3
1782,2015_07,2015,7,충청남도,63.9
1783,2015_08,2015,8,충청남도,62.9
1784,2015_09,2015,9,충청남도,63.7
1785,2015_10,2015,10,충청남도,63.8
1786,2015_11,2015,11,충청남도,62.6
1787,2015_12,2015,12,충청남도,60.0
1788,2016_01,2016,1,충청남도,57.7
1789,2016_02,2016,2,충청남도,57.6
1790,2016_03,2016,3,충청남도,59.7
1791,2016_04,2016,4,충청남도,61.9
1792,2016_05,2016,5,충청남도,63.0
1793,2016_06,2016,6,충청남도,63.1
1794,2016_07,2016,7,충청남도,63.3
1795,2016_08,2016,8,충청남도,63.1
1796,2016_09,2016,9,충청남도,63.8
1797,2016_10,2016,10,충청남도,63.5
1798,2016_11,2016,11,충청남도,63.3
1799,2016_12,2016,12,충청남도,60.4
1800,2017_01,2017,1,충청남도,57.8
1801,2017_02,2017,2,충청남도,57.2
1802,2017_03,2017,3,충청남도,60.2
1803,2017_04,2017,4,충청남도,63.0
1804,2017_05,2017,5,충청남도,63.6
1805,2017_06,2017,6,충청남도,64.2
1806,2017_07,2017,7,충청남도,63.8
1807,2017_08,2017,8,충청남도,63.7
1808,2017_09,2017,9,충청남도,64.4
1809,2017_10,2017,10,충청남도,64.1
1810,2017_11,2017,11,충청남도,63.9
1811,2017_12,2017,12,충청남도,61.5
1812,2018_01,2018,1,충청남도,59.5
1813,2018_02,2018,2,충청남도,58.9
1814,2018_03,2018,3,충청남도,61.2
1815,2018_04,2018,4,충청남도,63.9
1816,2018_05,2018,5,충청남도,64.9
1817,2018_06,2018,6,충청남도,64.6
1818,2018_07,2018,7,충청남도,65.8
1819,2018_08,2018,8,충청남도,65.5
1820,2018_09,2018,9,충청남도,65.9
1821,2018_10,2018,10,충청남도,65.4
1822,2018_11,2018,11,충청남도,65.5
1823,2018_12,2018,12,충청남도,61.4
1824,2019_01,2019,1,충청남도,60.8
1825,2019_02,2019,2,충청남도,61.0
1826,2019_03,2019,3,충청남도,63.7
1827,2019_04,2019,4,충청남도,64.5
1828,2019_05,2019,5,충청남도,65.1
1829,2019_06,2019,6,충청남도,64.7
1830,2019_07,2019,7,충청남도,64.5
1831,2019_08,2019,8,충청남도,64.0
1832,2019_09,2019,9,충청남도,64.2
1833,2019_10,2019,10,충청남도,65.2
1834,2019_11,2019,11,충청남도,64.2
1835,2019_12,2019,12,충청남도,61.9
1836,2020_01,2020,1,충청남도,59.1
1837,2020_02,2020,2,충청남도,59.4
1838,2020_03,2020,3,충청남도,60.9
1839,2020_04,2020,4,충청남도,62.3
1840,2020_05,2020,5,충청남도,63.2
1841,2020_06,2020,6,충청남도,64.0
1842,2020_07,2020,7,충청남도,64.2
1843,2020_08,2020,8,충청남도,64.0
1844,2020_09,2020,9,충청남도,63.9
1845,2020_10,2020,10,충청남도,64.7
1846,2020_11,2020,11,충청남도,63.2
1847,2020_12,2020,12,충청남도,60.0
1848,2021_01,2021,1,충청남도,56.7
1849,2021_02,2021,2,충청남도,58.7
1850,2021_03,2021,3,충청남도,61.6
1851,2021_04,2021,4,충청남도,63.6
1852,2021_05,2021,5,충청남도,64.7
1853,2021_06,2021,6,충청남도,64.7
1854,2021_07,2021,7,충청남도,65.0
1855,2021_08,2021,8,충청남도,64.9
1856,2021_09,2021,9,충청남도,65.2
1857,2021_10,2021,10,충청남도,65.4
1858,2021_11,2021,11,충청남도,64.3
1859,2021_12,2021,12,충청남도,61.6
1860,2022_01,2022,1,충청남도,59.2
1861,2022_02,2022,2,충청남도,59.4
1862,2022_03,2022,3,충청남도,62.9
1863,2022_04,2022,4,충청남도,64.1
1864,2022_05,2022,5,충청남도,65.5
1865,2022_06,2022,6,충청남도,65.6
1866,2022_07,2022,7,충청남도,66.2
1867,2022_08,2022,8,충청남도,66.4
1868,2022_09,2022,9,충청남도,66.5
1869,2022_10,2022,10,충청남도,67.1
1870,2022_11,2022,11,충청남도,66.2
1871,2022_12,2022,12,충청남도,61.9
1872,2010_01,2010,1,전라북도,53.4
1873,2010_02,2010,2,전라북도,53.9
1874,2010_03,2010,3,전라북도,56.0
1875,2010_04,2010,4,전라북도,57.8
1876,2010_05,2010,5,전라북도,59.5
1877,2010_06,2010,6,전라북도,59.6
1878,2010_07,2010,7,전라북도,58.6
1879,2010_08,2010,8,전라북도,57.6
1880,2010_09,2010,9,전라북도,57.6
1881,2010_10,2010,10,전라북도,58.2
1882,2010_11,2010,11,전라북도,57.0
1883,2010_12,2010,12,전라북도,54.4
1884,2011_01,2011,1,전라북도,52.5
1885,2011_02,2011,2,전라북도,53.0
1886,2011_03,2011,3,전라북도,56.0
1887,2011_04,2011,4,전라북도,58.5
1888,2011_05,2011,5,전라북도,59.5
1889,2011_06,2011,6,전라북도,59.6
1890,2011_07,2011,7,전라북도,58.7
1891,2011_08,2011,8,전라북도,59.0
1892,2011_09,2011,9,전라북도,59.1
1893,2011_10,2011,10,전라북도,59.6
1894,2011_11,2011,11,전라북도,59.1
1895,2011_12,2011,12,전라북도,55.9
1896,2012_01,2012,1,전라북도,52.9
1897,2012_02,2012,2,전라북도,53.2
1898,2012_03,2012,3,전라북도,55.9
1899,2012_04,2012,4,전라북도,57.9
1900,2012_05,2012,5,전라북도,59.6
1901,2012_06,2012,6,전라북도,59.5
1902,2012_07,2012,7,전라북도,59.0
1903,2012_08,2012,8,전라북도,59.1
1904,2012_09,2012,9,전라북도,59.8
1905,2012_10,2012,10,전라북도,59.4
1906,2012_11,2012,11,전라북도,58.5
1907,2012_12,2012,12,전라북도,55.8
1908,2013_01,2013,1,전라북도,54.5
1909,2013_02,2013,2,전라북도,54.7
1910,2013_03,2013,3,전라북도,56.7
1911,2013_04,2013,4,전라북도,58.9
1912,2013_05,2013,5,전라북도,61.0
1913,2013_06,2013,6,전라북도,60.4
1914,2013_07,2013,7,전라북도,60.9
1915,2013_08,2013,8,전라북도,59.8
1916,2013_09,2013,9,전라북도,60.1
1917,2013_10,2013,10,전라북도,60.2
1918,2013_11,2013,11,전라북도,59.6
1919,2013_12,2013,12,전라북도,56.1
1920,2014_01,2014,1,전라북도,54.6
1921,2014_02,2014,2,전라북도,54.5
1922,2014_03,2014,3,전라북도,56.3
1923,2014_04,2014,4,전라북도,58.8
1924,2014_05,2014,5,전라북도,60.1
1925,2014_06,2014,6,전라북도,59.8
1926,2014_07,2014,7,전라북도,59.3
1927,2014_08,2014,8,전라북도,59.3
1928,2014_09,2014,9,전라북도,59.6
1929,2014_10,2014,10,전라북도,60.5
1930,2014_11,2014,11,전라북도,60.1
1931,2014_12,2014,12,전라북도,56.5
1932,2015_01,2015,1,전라북도,55.6
1933,2015_02,2015,2,전라북도,56.2
1934,2015_03,2015,3,전라북도,57.7
1935,2015_04,2015,4,전라북도,59.6
1936,2015_05,2015,5,전라북도,60.9
1937,2015_06,2015,6,전라북도,60.4
1938,2015_07,2015,7,전라북도,60.5
1939,2015_08,2015,8,전라북도,60.4
1940,2015_09,2015,9,전라북도,60.9
1941,2015_10,2015,10,전라북도,60.6
1942,2015_11,2015,11,전라북도,59.9
1943,2015_12,2015,12,전라북도,57.2
1944,2016_01,2016,1,전라북도,56.0
1945,2016_02,2016,2,전라북도,56.5
1946,2016_03,2016,3,전라북도,58.9
1947,2016_04,2016,4,전라북도,60.5
1948,2016_05,2016,5,전라북도,61.1
1949,2016_06,2016,6,전라북도,61.4
1950,2016_07,2016,7,전라북도,61.3
1951,2016_08,2016,8,전라북도,61.8
1952,2016_09,2016,9,전라북도,61.8
1953,2016_10,2016,10,전라북도,61.5
1954,2016_11,2016,11,전라북도,60.5
1955,2016_12,2016,12,전라북도,58.0
1956,2017_01,2017,1,전라북도,56.6
1957,2017_02,2017,2,전라북도,55.9
1958,2017_03,2017,3,전라북도,58.2
1959,2017_04,2017,4,전라북도,59.6
1960,2017_05,2017,5,전라북도,60.1
1961,2017_06,2017,6,전라북도,59.5
1962,2017_07,2017,7,전라북도,59.4
1963,2017_08,2017,8,전라북도,58.8
1964,2017_09,2017,9,전라북도,59.7
1965,2017_10,2017,10,전라북도,59.5
1966,2017_11,2017,11,전라북도,59.4
1967,2017_12,2017,12,전라북도,56.6
1968,2018_01,2018,1,전라북도,55.4
1969,2018_02,2018,2,전라북도,56.1
1970,2018_03,2018,3,전라북도,57.4
1971,2018_04,2018,4,전라북도,58.7
1972,2018_05,2018,5,전라북도,59.3
1973,2018_06,2018,6,전라북도,59.2
1974,2018_07,2018,7,전라북도,59.1
1975,2018_08,2018,8,전라북도,58.4
1976,2018_09,2018,9,전라북도,59.3
1977,2018_10,2018,10,전라북도,59.5
1978,2018_11,2018,11,전라북도,59.3
1979,2018_12,2018,12,전라북도,57.9
1980,2019_01,2019,1,전라북도,57.1
1981,2019_02,2019,2,전라북도,57.6
1982,2019_03,2019,3,전라북도,58.2
1983,2019_04,2019,4,전라북도,59.6
1984,2019_05,2019,5,전라북도,60.3
1985,2019_06,2019,6,전라북도,60.4
1986,2019_07,2019,7,전라북도,60.2
1987,2019_08,2019,8,전라북도,59.3
1988,2019_09,2019,9,전라북도,59.8
1989,2019_10,2019,10,전라북도,59.8
1990,2019_11,2019,11,전라북도,60.4
1991,2019_12,2019,12,전라북도,59.4
1992,2020_01,2020,1,전라북도,58.2
1993,2020_02,2020,2,전라북도,58.0
1994,2020_03,2020,3,전라북도,58.2
1995,2020_04,2020,4,전라북도,58.7
1996,2020_05,2020,5,전라북도,59.8
1997,2020_06,2020,6,전라북도,60.7
1998,2020_07,2020,7,전라북도,60.9
1999,2020_08,2020,8,전라북도,60.6
2000,2020_09,2020,9,전라북도,61.2
2001,2020_10,2020,10,전라북도,61.6
2002,2020_11,2020,11,전라북도,62.2
2003,2020_12,2020,12,전라북도,59.1
2004,2021_01,2021,1,전라북도,57.4
2005,2021_02,2021,2,전라북도,59.7
2006,2021_03,2021,3,전라북도,60.9
2007,2021_04,2021,4,전라북도,61.0
2008,2021_05,2021,5,전라북도,61.8
2009,2021_06,2021,6,전라북도,62.8
2010,2021_07,2021,7,전라북도,62.4
2011,2021_08,2021,8,전라북도,62.3
2012,2021_09,2021,9,전라북도,62.4
2013,2021_10,2021,10,전라북도,62.5
2014,2021_11,2021,11,전라북도,62.3
2015,2021_12,2021,12,전라북도,59.4
2016,2022_01,2022,1,전라북도,59.3
2017,2022_02,2022,2,전라북도,60.0
2018,2022_03,2022,3,전라북도,60.8
2019,2022_04,2022,4,전라북도,62.7
2020,2022_05,2022,5,전라북도,63.6
2021,2022_06,2022,6,전라북도,63.6
2022,2022_07,2022,7,전라북도,64.5
2023,2022_08,2022,8,전라북도,63.2
2024,2022_09,2022,9,전라북도,63.3
2025,2022_10,2022,10,전라북도,63.3
2026,2022_11,2022,11,전라북도,63.1
2027,2022_12,2022,12,전라북도,59.0
2028,2010_01,2010,1,전라남도,61.2
2029,2010_02,2010,2,전라남도,62.3
2030,2010_03,2010,3,전라남도,62.4
2031,2010_04,2010,4,전라남도,63.4
2032,2010_05,2010,5,전라남도,64.1
2033,2010_06,2010,6,전라남도,63.2
2034,2010_07,2010,7,전라남도,62.2
2035,2010_08,2010,8,전라남도,60.6
2036,2010_09,2010,9,전라남도,61.9
2037,2010_10,2010,10,전라남도,62.8
2038,2010_11,2010,11,전라남도,62.4
2039,2010_12,2010,12,전라남도,61.0
2040,2011_01,2011,1,전라남도,57.7
2041,2011_02,2011,2,전라남도,59.0
2042,2011_03,2011,3,전라남도,61.4
2043,2011_04,2011,4,전라남도,62.5
2044,2011_05,2011,5,전라남도,63.8
2045,2011_06,2011,6,전라남도,64.7
2046,2011_07,2011,7,전라남도,63.9
2047,2011_08,2011,8,전라남도,63.4
2048,2011_09,2011,9,전라남도,62.9
2049,2011_10,2011,10,전라남도,63.9
2050,2011_11,2011,11,전라남도,62.9
2051,2011_12,2011,12,전라남도,61.0
2052,2012_01,2012,1,전라남도,60.3
2053,2012_02,2012,2,전라남도,60.9
2054,2012_03,2012,3,전라남도,62.3
2055,2012_04,2012,4,전라남도,63.6
2056,2012_05,2012,5,전라남도,64.7
2057,2012_06,2012,6,전라남도,64.9
2058,2012_07,2012,7,전라남도,64.0
2059,2012_08,2012,8,전라남도,63.5
2060,2012_09,2012,9,전라남도,64.2
2061,2012_10,2012,10,전라남도,63.9
2062,2012_11,2012,11,전라남도,64.0
2063,2012_12,2012,12,전라남도,62.1
2064,2013_01,2013,1,전라남도,60.6
2065,2013_02,2013,2,전라남도,60.4
2066,2013_03,2013,3,전라남도,61.3
2067,2013_04,2013,4,전라남도,63.3
2068,2013_05,2013,5,전라남도,64.0
2069,2013_06,2013,6,전라남도,64.0
2070,2013_07,2013,7,전라남도,63.5
2071,2013_08,2013,8,전라남도,63.0
2072,2013_09,2013,9,전라남도,63.4
2073,2013_10,2013,10,전라남도,63.9
2074,2013_11,2013,11,전라남도,62.7
2075,2013_12,2013,12,전라남도,61.4
2076,2014_01,2014,1,전라남도,59.5
2077,2014_02,2014,2,전라남도,59.7
2078,2014_03,2014,3,전라남도,61.0
2079,2014_04,2014,4,전라남도,63.1
2080,2014_05,2014,5,전라남도,64.1
2081,2014_06,2014,6,전라남도,62.9
2082,2014_07,2014,7,전라남도,62.2
2083,2014_08,2014,8,전라남도,61.9
2084,2014_09,2014,9,전라남도,62.8
2085,2014_10,2014,10,전라남도,63.8
2086,2014_11,2014,11,전라남도,63.4
2087,2014_12,2014,12,전라남도,61.5
2088,2015_01,2015,1,전라남도,60.4
2089,2015_02,2015,2,전라남도,60.4
2090,2015_03,2015,3,전라남도,61.6
2091,2015_04,2015,4,전라남도,62.7
2092,2015_05,2015,5,전라남도,63.6
2093,2015_06,2015,6,전라남도,64.5
2094,2015_07,2015,7,전라남도,63.9
2095,2015_08,2015,8,전라남도,63.2
2096,2015_09,2015,9,전라남도,63.6
2097,2015_10,2015,10,전라남도,63.9
2098,2015_11,2015,11,전라남도,63.8
2099,2015_12,2015,12,전라남도,62.2
2100,2016_01,2016,1,전라남도,59.0
2101,2016_02,2016,2,전라남도,59.0
2102,2016_03,2016,3,전라남도,61.6
2103,2016_04,2016,4,전라남도,63.1
2104,2016_05,2016,5,전라남도,63.4
2105,2016_06,2016,6,전라남도,63.6
2106,2016_07,2016,7,전라남도,63.9
2107,2016_08,2016,8,전라남도,64.5
2108,2016_09,2016,9,전라남도,64.4
2109,2016_10,2016,10,전라남도,64.2
2110,2016_11,2016,11,전라남도,64.1
2111,2016_12,2016,12,전라남도,61.2
2112,2017_01,2017,1,전라남도,58.7
2113,2017_02,2017,2,전라남도,59.7
2114,2017_03,2017,3,전라남도,61.1
2115,2017_04,2017,4,전라남도,62.1
2116,2017_05,2017,5,전라남도,63.0
2117,2017_06,2017,6,전라남도,63.1
2118,2017_07,2017,7,전라남도,62.5
2119,2017_08,2017,8,전라남도,62.6
2120,2017_09,2017,9,전라남도,63.5
2121,2017_10,2017,10,전라남도,63.6
2122,2017_11,2017,11,전라남도,63.5
2123,2017_12,2017,12,전라남도,61.8
2124,2018_01,2018,1,전라남도,60.2
2125,2018_02,2018,2,전라남도,59.7
2126,2018_03,2018,3,전라남도,61.1
2127,2018_04,2018,4,전라남도,62.9
2128,2018_05,2018,5,전라남도,63.2
2129,2018_06,2018,6,전라남도,62.9
2130,2018_07,2018,7,전라남도,62.7
2131,2018_08,2018,8,전라남도,62.5
2132,2018_09,2018,9,전라남도,63.3
2133,2018_10,2018,10,전라남도,63.8
2134,2018_11,2018,11,전라남도,63.7
2135,2018_12,2018,12,전라남도,63.1
2136,2019_01,2019,1,전라남도,61.2
2137,2019_02,2019,2,전라남도,61.6
2138,2019_03,2019,3,전라남도,62.9
2139,2019_04,2019,4,전라남도,63.0
2140,2019_05,2019,5,전라남도,63.5
2141,2019_06,2019,6,전라남도,63.5
2142,2019_07,2019,7,전라남도,63.0
2143,2019_08,2019,8,전라남도,63.7
2144,2019_09,2019,9,전라남도,65.0
2145,2019_10,2019,10,전라남도,65.2
2146,2019_11,2019,11,전라남도,64.8
2147,2019_12,2019,12,전라남도,63.6
2148,2020_01,2020,1,전라남도,62.4
2149,2020_02,2020,2,전라남도,63.3
2150,2020_03,2020,3,전라남도,62.8
2151,2020_04,2020,4,전라남도,62.9
2152,2020_05,2020,5,전라남도,64.3
2153,2020_06,2020,6,전라남도,65.0
2154,2020_07,2020,7,전라남도,64.5
2155,2020_08,2020,8,전라남도,64.5
2156,2020_09,2020,9,전라남도,64.5
2157,2020_10,2020,10,전라남도,64.9
2158,2020_11,2020,11,전라남도,64.7
2159,2020_12,2020,12,전라남도,62.6
2160,2021_01,2021,1,전라남도,60.4
2161,2021_02,2021,2,전라남도,62.5
2162,2021_03,2021,3,전라남도,63.6
2163,2021_04,2021,4,전라남도,64.4
2164,2021_05,2021,5,전라남도,65.7
2165,2021_06,2021,6,전라남도,65.8
2166,2021_07,2021,7,전라남도,65.1
2167,2021_08,2021,8,전라남도,65.6
2168,2021_09,2021,9,전라남도,66.3
2169,2021_10,2021,10,전라남도,66.7
2170,2021_11,2021,11,전라남도,66.1
2171,2021_12,2021,12,전라남도,63.2
2172,2022_01,2022,1,전라남도,63.3
2173,2022_02,2022,2,전라남도,64.6
2174,2022_03,2022,3,전라남도,65.2
2175,2022_04,2022,4,전라남도,66.4
2176,2022_05,2022,5,전라남도,67.9
2177,2022_06,2022,6,전라남도,66.9
2178,2022_07,2022,7,전라남도,66.3
2179,2022_08,2022,8,전라남도,67.0
2180,2022_09,2022,9,전라남도,67.6
2181,2022_10,2022,10,전라남도,67.3
2182,2022_11,2022,11,전라남도,67.9
2183,2022_12,2022,12,전라남도,65.0
2184,2010_01,2010,1,경상북도,57.4
2185,2010_02,2010,2,경상북도,57.9
2186,2010_03,2010,3,경상북도,60.5
2187,2010_04,2010,4,경상북도,63.3
2188,2010_05,2010,5,경상북도,64.7
2189,2010_06,2010,6,경상북도,65.0
2190,2010_07,2010,7,경상북도,64.7
2191,2010_08,2010,8,경상북도,62.9
2192,2010_09,2010,9,경상북도,63.7
2193,2010_10,2010,10,경상북도,63.6
2194,2010_11,2010,11,경상북도,63.5
2195,2010_12,2010,12,경상북도,60.7
2196,2011_01,2011,1,경상북도,57.0
2197,2011_02,2011,2,경상북도,57.8
2198,2011_03,2011,3,경상북도,60.4
2199,2011_04,2011,4,경상북도,61.9
2200,2011_05,2011,5,경상북도,63.9
2201,2011_06,2011,6,경상북도,64.0
2202,2011_07,2011,7,경상북도,64.3
2203,2011_08,2011,8,경상북도,63.7
2204,2011_09,2011,9,경상북도,63.0
2205,2011_10,2011,10,경상북도,63.8
2206,2011_11,2011,11,경상북도,63.1
2207,2011_12,2011,12,경상북도,59.5
2208,2012_01,2012,1,경상북도,58.0
2209,2012_02,2012,2,경상북도,58.4
2210,2012_03,2012,3,경상북도,61.3
2211,2012_04,2012,4,경상북도,62.9
2212,2012_05,2012,5,경상북도,64.0
2213,2012_06,2012,6,경상북도,63.9
2214,2012_07,2012,7,경상북도,63.8
2215,2012_08,2012,8,경상북도,63.3
2216,2012_09,2012,9,경상북도,63.6
2217,2012_10,2012,10,경상북도,63.8
2218,2012_11,2012,11,경상북도,63.7
2219,2012_12,2012,12,경상북도,59.8
2220,2013_01,2013,1,경상북도,57.4
2221,2013_02,2013,2,경상북도,58.0
2222,2013_03,2013,3,경상북도,60.7
2223,2013_04,2013,4,경상북도,63.0
2224,2013_05,2013,5,경상북도,64.5
2225,2013_06,2013,6,경상북도,64.0
2226,2013_07,2013,7,경상북도,63.3
2227,2013_08,2013,8,경상북도,63.4
2228,2013_09,2013,9,경상북도,63.5
2229,2013_10,2013,10,경상북도,63.7
2230,2013_11,2013,11,경상북도,63.6
2231,2013_12,2013,12,경상북도,59.8
2232,2014_01,2014,1,경상북도,59.9
2233,2014_02,2014,2,경상북도,60.3
2234,2014_03,2014,3,경상북도,62.7
2235,2014_04,2014,4,경상북도,64.2
2236,2014_05,2014,5,경상북도,64.6
2237,2014_06,2014,6,경상북도,64.6
2238,2014_07,2014,7,경상북도,64.7
2239,2014_08,2014,8,경상북도,64.3
2240,2014_09,2014,9,경상북도,64.1
2241,2014_10,2014,10,경상북도,64.4
2242,2014_11,2014,11,경상북도,63.8
2243,2014_12,2014,12,경상북도,60.9
2244,2015_01,2015,1,경상북도,59.2
2245,2015_02,2015,2,경상북도,59.4
2246,2015_03,2015,3,경상북도,61.6
2247,2015_04,2015,4,경상북도,63.1
2248,2015_05,2015,5,경상북도,63.9
2249,2015_06,2015,6,경상북도,63.4
2250,2015_07,2015,7,경상북도,63.4
2251,2015_08,2015,8,경상북도,62.9
2252,2015_09,2015,9,경상북도,62.9
2253,2015_10,2015,10,경상북도,63.8
2254,2015_11,2015,11,경상북도,63.5
2255,2015_12,2015,12,경상북도,61.2
2256,2016_01,2016,1,경상북도,60.1
2257,2016_02,2016,2,경상북도,60.2
2258,2016_03,2016,3,경상북도,61.6
2259,2016_04,2016,4,경상북도,62.4
2260,2016_05,2016,5,경상북도,63.4
2261,2016_06,2016,6,경상북도,63.9
2262,2016_07,2016,7,경상북도,63.1
2263,2016_08,2016,8,경상북도,63.2
2264,2016_09,2016,9,경상북도,62.7
2265,2016_10,2016,10,경상북도,63.5
2266,2016_11,2016,11,경상북도,63.3
2267,2016_12,2016,12,경상북도,61.4
2268,2017_01,2017,1,경상북도,60.0
2269,2017_02,2017,2,경상북도,60.6
2270,2017_03,2017,3,경상북도,61.9
2271,2017_04,2017,4,경상북도,62.4
2272,2017_05,2017,5,경상북도,63.8
2273,2017_06,2017,6,경상북도,64.0
2274,2017_07,2017,7,경상북도,63.4
2275,2017_08,2017,8,경상북도,63.0
2276,2017_09,2017,9,경상북도,63.3
2277,2017_10,2017,10,경상북도,63.4
2278,2017_11,2017,11,경상북도,62.9
2279,2017_12,2017,12,경상북도,60.8
2280,2018_01,2018,1,경상북도,59.3
2281,2018_02,2018,2,경상북도,58.7
2282,2018_03,2018,3,경상북도,60.6
2283,2018_04,2018,4,경상북도,62.1
2284,2018_05,2018,5,경상북도,62.3
2285,2018_06,2018,6,경상북도,62.4
2286,2018_07,2018,7,경상북도,62.2
2287,2018_08,2018,8,경상북도,62.2
2288,2018_09,2018,9,경상북도,62.5
2289,2018_10,2018,10,경상북도,63.1
2290,2018_11,2018,11,경상북도,63.2
2291,2018_12,2018,12,경상북도,60.5
2292,2019_01,2019,1,경상북도,58.8
2293,2019_02,2019,2,경상북도,59.8
2294,2019_03,2019,3,경상북도,61.0
2295,2019_04,2019,4,경상북도,61.4
2296,2019_05,2019,5,경상북도,62.0
2297,2019_06,2019,6,경상북도,62.4
2298,2019_07,2019,7,경상북도,62.4
2299,2019_08,2019,8,경상북도,62.5
2300,2019_09,2019,9,경상북도,62.4
2301,2019_10,2019,10,경상북도,62.8
2302,2019_11,2019,11,경상북도,63.5
2303,2019_12,2019,12,경상북도,61.1
2304,2020_01,2020,1,경상북도,60.0
2305,2020_02,2020,2,경상북도,60.6
2306,2020_03,2020,3,경상북도,60.0
2307,2020_04,2020,4,경상북도,60.1
2308,2020_05,2020,5,경상북도,61.2
2309,2020_06,2020,6,경상북도,61.3
2310,2020_07,2020,7,경상북도,62.3
2311,2020_08,2020,8,경상북도,62.1
2312,2020_09,2020,9,경상북도,62.0
2313,2020_10,2020,10,경상북도,62.0
2314,2020_11,2020,11,경상북도,62.3
2315,2020_12,2020,12,경상북도,59.7
2316,2021_01,2021,1,경상북도,57.5
2317,2021_02,2021,2,경상북도,58.4
2318,2021_03,2021,3,경상북도,59.7
2319,2021_04,2021,4,경상북도,60.9
2320,2021_05,2021,5,경상북도,61.5
2321,2021_06,2021,6,경상북도,61.6
2322,2021_07,2021,7,경상북도,62.3
2323,2021_08,2021,8,경상북도,62.0
2324,2021_09,2021,9,경상북도,62.7
2325,2021_10,2021,10,경상북도,62.8
2326,2021_11,2021,11,경상북도,62.2
2327,2021_12,2021,12,경상북도,60.5
2328,2022_01,2022,1,경상북도,59.1
2329,2022_02,2022,2,경상북도,60.3
2330,2022_03,2022,3,경상북도,62.3
2331,2022_04,2022,4,경상북도,63.3
2332,2022_05,2022,5,경상북도,64.7
2333,2022_06,2022,6,경상북도,64.4
2334,2022_07,2022,7,경상북도,63.9
2335,2022_08,2022,8,경상북도,64.0
2336,2022_09,2022,9,경상북도,63.4
2337,2022_10,2022,10,경상북도,64.2
2338,2022_11,2022,11,경상북도,63.8
2339,2022_12,2022,12,경상북도,60.9
2340,2010_01,2010,1,경상남도,57.4
2341,2010_02,2010,2,경상남도,57.3
2342,2010_03,2010,3,경상남도,58.8
2343,2010_04,2010,4,경상남도,60.2
2344,2010_05,2010,5,경상남도,60.9
2345,2010_06,2010,6,경상남도,61.3
2346,2010_07,2010,7,경상남도,60.8
2347,2010_08,2010,8,경상남도,60.0
2348,2010_09,2010,9,경상남도,59.9
2349,2010_10,2010,10,경상남도,60.6
2350,2010_11,2010,11,경상남도,60.3
2351,2010_12,2010,12,경상남도,59.1
2352,2011_01,2011,1,경상남도,58.0
2353,2011_02,2011,2,경상남도,59.2
2354,2011_03,2011,3,경상남도,60.8
2355,2011_04,2011,4,경상남도,61.8
2356,2011_05,2011,5,경상남도,62.4
2357,2011_06,2011,6,경상남도,62.3
2358,2011_07,2011,7,경상남도,60.6
2359,2011_08,2011,8,경상남도,60.3
2360,2011_09,2011,9,경상남도,60.3
2361,2011_10,2011,10,경상남도,61.7
2362,2011_11,2011,11,경상남도,61.6
2363,2011_12,2011,12,경상남도,59.9
2364,2012_01,2012,1,경상남도,58.9
2365,2012_02,2012,2,경상남도,59.1
2366,2012_03,2012,3,경상남도,59.8
2367,2012_04,2012,4,경상남도,61.2
2368,2012_05,2012,5,경상남도,61.5
2369,2012_06,2012,6,경상남도,61.2
2370,2012_07,2012,7,경상남도,60.4
2371,2012_08,2012,8,경상남도,60.5
2372,2012_09,2012,9,경상남도,60.2
2373,2012_10,2012,10,경상남도,60.5
2374,2012_11,2012,11,경상남도,60.6
2375,2012_12,2012,12,경상남도,58.3
2376,2013_01,2013,1,경상남도,57.8
2377,2013_02,2013,2,경상남도,58.4
2378,2013_03,2013,3,경상남도,59.7
2379,2013_04,2013,4,경상남도,60.6
2380,2013_05,2013,5,경상남도,61.2
2381,2013_06,2013,6,경상남도,61.8
2382,2013_07,2013,7,경상남도,61.4
2383,2013_08,2013,8,경상남도,60.4
2384,2013_09,2013,9,경상남도,60.8
2385,2013_10,2013,10,경상남도,61.0
2386,2013_11,2013,11,경상남도,61.4
2387,2013_12,2013,12,경상남도,59.7
2388,2014_01,2014,1,경상남도,59.9
2389,2014_02,2014,2,경상남도,60.0
2390,2014_03,2014,3,경상남도,60.2
2391,2014_04,2014,4,경상남도,60.8
2392,2014_05,2014,5,경상남도,61.0
2393,2014_06,2014,6,경상남도,60.4
2394,2014_07,2014,7,경상남도,60.3
2395,2014_08,2014,8,경상남도,60.2
2396,2014_09,2014,9,경상남도,60.3
2397,2014_10,2014,10,경상남도,59.8
2398,2014_11,2014,11,경상남도,60.5
2399,2014_12,2014,12,경상남도,58.9
2400,2015_01,2015,1,경상남도,58.3
2401,2015_02,2015,2,경상남도,58.5
2402,2015_03,2015,3,경상남도,59.2
2403,2015_04,2015,4,경상남도,60.5
2404,2015_05,2015,5,경상남도,61.3
2405,2015_06,2015,6,경상남도,61.2
2406,2015_07,2015,7,경상남도,61.5
2407,2015_08,2015,8,경상남도,61.1
2408,2015_09,2015,9,경상남도,61.7
2409,2015_10,2015,10,경상남도,61.7
2410,2015_11,2015,11,경상남도,61.3
2411,2015_12,2015,12,경상남도,60.6
2412,2016_01,2016,1,경상남도,59.0
2413,2016_02,2016,2,경상남도,59.8
2414,2016_03,2016,3,경상남도,59.8
2415,2016_04,2016,4,경상남도,60.5
2416,2016_05,2016,5,경상남도,60.5
2417,2016_06,2016,6,경상남도,60.9
2418,2016_07,2016,7,경상남도,61.0
2419,2016_08,2016,8,경상남도,60.8
2420,2016_09,2016,9,경상남도,61.2
2421,2016_10,2016,10,경상남도,61.3
2422,2016_11,2016,11,경상남도,61.4
2423,2016_12,2016,12,경상남도,60.9
2424,2017_01,2017,1,경상남도,59.5
2425,2017_02,2017,2,경상남도,59.7
2426,2017_03,2017,3,경상남도,60.4
2427,2017_04,2017,4,경상남도,61.6
2428,2017_05,2017,5,경상남도,61.5
2429,2017_06,2017,6,경상남도,61.2
2430,2017_07,2017,7,경상남도,61.1
2431,2017_08,2017,8,경상남도,60.9
2432,2017_09,2017,9,경상남도,61.3
2433,2017_10,2017,10,경상남도,61.5
2434,2017_11,2017,11,경상남도,61.1
2435,2017_12,2017,12,경상남도,60.8
2436,2018_01,2018,1,경상남도,59.5
2437,2018_02,2018,2,경상남도,59.5
2438,2018_03,2018,3,경상남도,60.3
2439,2018_04,2018,4,경상남도,61.0
2440,2018_05,2018,5,경상남도,62.3
2441,2018_06,2018,6,경상남도,62.8
2442,2018_07,2018,7,경상남도,62.6
2443,2018_08,2018,8,경상남도,61.4
2444,2018_09,2018,9,경상남도,62.4
2445,2018_10,2018,10,경상남도,61.9
2446,2018_11,2018,11,경상남도,61.9
2447,2018_12,2018,12,경상남도,61.0
2448,2019_01,2019,1,경상남도,60.1
2449,2019_02,2019,2,경상남도,60.3
2450,2019_03,2019,3,경상남도,61.3
2451,2019_04,2019,4,경상남도,61.0
2452,2019_05,2019,5,경상남도,61.6
2453,2019_06,2019,6,경상남도,61.5
2454,2019_07,2019,7,경상남도,61.4
2455,2019_08,2019,8,경상남도,61.5
2456,2019_09,2019,9,경상남도,61.4
2457,2019_10,2019,10,경상남도,61.9
2458,2019_11,2019,11,경상남도,62.0
2459,2019_12,2019,12,경상남도,61.3
2460,2020_01,2020,1,경상남도,60.8
2461,2020_02,2020,2,경상남도,60.7
2462,2020_03,2020,3,경상남도,60.2
2463,2020_04,2020,4,경상남도,60.0
2464,2020_05,2020,5,경상남도,60.4
2465,2020_06,2020,6,경상남도,61.1
2466,2020_07,2020,7,경상남도,61.1
2467,2020_08,2020,8,경상남도,61.1
2468,2020_09,2020,9,경상남도,60.6
2469,2020_10,2020,10,경상남도,60.8
2470,2020_11,2020,11,경상남도,61.2
2471,2020_12,2020,12,경상남도,59.0
2472,2021_01,2021,1,경상남도,57.9
2473,2021_02,2021,2,경상남도,58.8
2474,2021_03,2021,3,경상남도,60.0
2475,2021_04,2021,4,경상남도,61.2
2476,2021_05,2021,5,경상남도,61.9
2477,2021_06,2021,6,경상남도,62.1
2478,2021_07,2021,7,경상남도,61.8
2479,2021_08,2021,8,경상남도,61.4
2480,2021_09,2021,9,경상남도,61.7
2481,2021_10,2021,10,경상남도,61.5
2482,2021_11,2021,11,경상남도,61.1
2483,2021_12,2021,12,경상남도,58.6
2484,2022_01,2022,1,경상남도,58.7
2485,2022_02,2022,2,경상남도,59.9
2486,2022_03,2022,3,경상남도,61.3
2487,2022_04,2022,4,경상남도,61.8
2488,2022_05,2022,5,경상남도,62.0
2489,2022_06,2022,6,경상남도,61.9
2490,2022_07,2022,7,경상남도,61.5
2491,2022_08,2022,8,경상남도,61.1
2492,2022_09,2022,9,경상남도,61.1
2493,2022_10,2022,10,경상남도,61.4
2494,2022_11,2022,11,경상남도,61.8
2495,2022_12,2022,12,경상남도,60.2
2496,2010_01,2010,1,제주특별자치도,65.1
2497,2010_02,2010,2,제주특별자치도,63.5
2498,2010_03,2010,3,제주특별자치도,64.8
2499,2010_04,2010,4,제주특별자치도,64.5
2500,2010_05,2010,5,제주특별자치도,65.8
2501,2010_06,2010,6,제주특별자치도,65.5
2502,2010_07,2010,7,제주특별자치도,64.9
2503,2010_08,2010,8,제주특별자치도,64.7
2504,2010_09,2010,9,제주특별자치도,64.5
2505,2010_10,2010,10,제주특별자치도,65.3
2506,2010_11,2010,11,제주특별자치도,66.7
2507,2010_12,2010,12,제주특별자치도,66.3
2508,2011_01,2011,1,제주특별자치도,63.7
2509,2011_02,2011,2,제주특별자치도,64.8
2510,2011_03,2011,3,제주특별자치도,64.5
2511,2011_04,2011,4,제주특별자치도,66.1
2512,2011_05,2011,5,제주특별자치도,66.4
2513,2011_06,2011,6,제주특별자치도,65.7
2514,2011_07,2011,7,제주특별자치도,66.2
2515,2011_08,2011,8,제주특별자치도,66.2
2516,2011_09,2011,9,제주특별자치도,65.2
2517,2011_10,2011,10,제주특별자치도,66.3
2518,2011_11,2011,11,제주특별자치도,68.3
2519,2011_12,2011,12,제주특별자치도,68.9
2520,2012_01,2012,1,제주특별자치도,66.5
2521,2012_02,2012,2,제주특별자치도,65.6
2522,2012_03,2012,3,제주특별자치도,66.1
2523,2012_04,2012,4,제주특별자치도,65.2
2524,2012_05,2012,5,제주특별자치도,66.9
2525,2012_06,2012,6,제주특별자치도,67.1
2526,2012_07,2012,7,제주특별자치도,66.5
2527,2012_08,2012,8,제주특별자치도,65.7
2528,2012_09,2012,9,제주특별자치도,66.4
2529,2012_10,2012,10,제주특별자치도,68.1
2530,2012_11,2012,11,제주특별자치도,68.2
2531,2012_12,2012,12,제주특별자치도,67.8
2532,2013_01,2013,1,제주특별자치도,66.2
2533,2013_02,2013,2,제주특별자치도,64.3
2534,2013_03,2013,3,제주특별자치도,64.7
2535,2013_04,2013,4,제주특별자치도,66.2
2536,2013_05,2013,5,제주특별자치도,67.6
2537,2013_06,2013,6,제주특별자치도,67.0
2538,2013_07,2013,7,제주특별자치도,66.6
2539,2013_08,2013,8,제주특별자치도,65.4
2540,2013_09,2013,9,제주특별자치도,66.5
2541,2013_10,2013,10,제주특별자치도,67.3
2542,2013_11,2013,11,제주특별자치도,67.1
2543,2013_12,2013,12,제주특별자치도,68.2
2544,2014_01,2014,1,제주특별자치도,67.5
2545,2014_02,2014,2,제주특별자치도,66.9
2546,2014_03,2014,3,제주특별자치도,67.6
2547,2014_04,2014,4,제주특별자치도,67.3
2548,2014_05,2014,5,제주특별자치도,67.2
2549,2014_06,2014,6,제주특별자치도,66.4
2550,2014_07,2014,7,제주특별자치도,66.7
2551,2014_08,2014,8,제주특별자치도,66.1
2552,2014_09,2014,9,제주특별자치도,67.2
2553,2014_10,2014,10,제주특별자치도,68.1
2554,2014_11,2014,11,제주특별자치도,68.1
2555,2014_12,2014,12,제주특별자치도,67.9
2556,2015_01,2015,1,제주특별자치도,68.0
2557,2015_02,2015,2,제주특별자치도,66.6
2558,2015_03,2015,3,제주특별자치도,66.4
2559,2015_04,2015,4,제주특별자치도,66.8
2560,2015_05,2015,5,제주특별자치도,68.6
2561,2015_06,2015,6,제주특별자치도,68.7
2562,2015_07,2015,7,제주특별자치도,68.8
2563,2015_08,2015,8,제주특별자치도,69.1
2564,2015_09,2015,9,제주특별자치도,69.4
2565,2015_10,2015,10,제주특별자치도,70.2
2566,2015_11,2015,11,제주특별자치도,70.2
2567,2015_12,2015,12,제주특별자치도,69.6
2568,2016_01,2016,1,제주특별자치도,68.3
2569,2016_02,2016,2,제주특별자치도,68.2
2570,2016_03,2016,3,제주특별자치도,67.9
2571,2016_04,2016,4,제주특별자치도,68.6
2572,2016_05,2016,5,제주특별자치도,69.3
2573,2016_06,2016,6,제주특별자치도,68.5
2574,2016_07,2016,7,제주특별자치도,68.2
2575,2016_08,2016,8,제주특별자치도,69.8
2576,2016_09,2016,9,제주특별자치도,70.0
2577,2016_10,2016,10,제주특별자치도,70.5
2578,2016_11,2016,11,제주특별자치도,71.2
2579,2016_12,2016,12,제주특별자치도,70.4
2580,2017_01,2017,1,제주특별자치도,69.8
2581,2017_02,2017,2,제주특별자치도,70.0
2582,2017_03,2017,3,제주특별자치도,71.0
2583,2017_04,2017,4,제주특별자치도,71.4
2584,2017_05,2017,5,제주특별자치도,71.6
2585,2017_06,2017,6,제주특별자치도,71.1
2586,2017_07,2017,7,제주특별자치도,71.9
2587,2017_08,2017,8,제주특별자치도,70.7
2588,2017_09,2017,9,제주특별자치도,70.6
2589,2017_10,2017,10,제주특별자치도,70.2
2590,2017_11,2017,11,제주특별자치도,71.8
2591,2017_12,2017,12,제주특별자치도,70.7
2592,2018_01,2018,1,제주특별자치도,68.8
2593,2018_02,2018,2,제주특별자치도,67.3
2594,2018_03,2018,3,제주특별자치도,68.6
2595,2018_04,2018,4,제주특별자치도,68.5
2596,2018_05,2018,5,제주특별자치도,68.6
2597,2018_06,2018,6,제주특별자치도,68.4
2598,2018_07,2018,7,제주특별자치도,68.2
2599,2018_08,2018,8,제주특별자치도,68.1
2600,2018_09,2018,9,제주특별자치도,68.2
2601,2018_10,2018,10,제주특별자치도,68.3
2602,2018_11,2018,11,제주특별자치도,69.6
2603,2018_12,2018,12,제주특별자치도,68.6
2604,2019_01,2019,1,제주특별자치도,67.8
2605,2019_02,2019,2,제주특별자치도,67.9
2606,2019_03,2019,3,제주특별자치도,67.5
2607,2019_04,2019,4,제주특별자치도,68.1
2608,2019_05,2019,5,제주특별자치도,68.6
2609,2019_06,2019,6,제주특별자치도,68.7
2610,2019_07,2019,7,제주특별자치도,67.5
2611,2019_08,2019,8,제주특별자치도,68.6
2612,2019_09,2019,9,제주특별자치도,68.2
2613,2019_10,2019,10,제주특별자치도,69.3
2614,2019_11,2019,11,제주특별자치도,69.3
2615,2019_12,2019,12,제주특별자치도,69.3
2616,2020_01,2020,1,제주특별자치도,69.2
2617,2020_02,2020,2,제주특별자치도,67.6
2618,2020_03,2020,3,제주특별자치도,65.8
2619,2020_04,2020,4,제주특별자치도,65.8
2620,2020_05,2020,5,제주특별자치도,66.4
2621,2020_06,2020,6,제주특별자치도,65.6
2622,2020_07,2020,7,제주특별자치도,66.8
2623,2020_08,2020,8,제주특별자치도,67.2
2624,2020_09,2020,9,제주특별자치도,67.5
2625,2020_10,2020,10,제주특별자치도,67.5
2626,2020_11,2020,11,제주특별자치도,69.2
2627,2020_12,2020,12,제주특별자치도,67.1
2628,2021_01,2021,1,제주특별자치도,64.6
2629,2021_02,2021,2,제주특별자치도,66.5
2630,2021_03,2021,3,제주특별자치도,67.7
2631,2021_04,2021,4,제주특별자치도,68.7
2632,2021_05,2021,5,제주특별자치도,68.2
2633,2021_06,2021,6,제주특별자치도,68.1
2634,2021_07,2021,7,제주특별자치도,66.9
2635,2021_08,2021,8,제주특별자치도,67.0
2636,2021_09,2021,9,제주특별자치도,66.5
2637,2021_10,2021,10,제주특별자치도,67.7
2638,2021_11,2021,11,제주특별자치도,68.9
2639,2021_12,2021,12,제주특별자치도,68.1
2640,2022_01,2022,1,제주특별자치도,68.1
2641,2022_02,2022,2,제주특별자치도,68.5
2642,2022_03,2022,3,제주특별자치도,69.4
2643,2022_04,2022,4,제주특별자치도,68.5
2644,2022_05,2022,5,제주특별자치도,68.9
2645,2022_06,2022,6,제주특별자치도,70.0
2646,2022_07,2022,7,제주특별자치도,69.8
2647,2022_08,2022,8,제주특별자치도,70.3
2648,2022_09,2022,9,제주특별자치도,70.5
2649,2022_10,2022,10,제주특별자치도,72.2
2650,2022_11,2022,11,제주특별자치도,72.1
2651,2022_12,2022,12,제주특별자치도,70.7
